beta_hbar_omega,bosons_per_copy,individual_amplitude,sector_probability,tail_probability
2.0,0,0.5589731543071914,0.31245098723613124,0.6875490127638688
2.0,1,0.20563473163636797,0.33828514284128863,0.3492638699225803
2.0,2,0.07564879015982656,0.20601862029523677,0.14324524962734325
2.0,3,0.027829634649292702,0.0929386277655736,0.050306621861769714
2.0,4,0.010237950442787205,0.03458915765875905,0.01571746420301068
2.0,5,0.0037663314876334782,0.011234720276793632,0.00448274392621707
2.0,6,0.001385555922937011,0.0032943171099452796,0.0011884268162717796
2.0,7,0.0005097175386418496,0.0008916746782913307,0.0002967521379804498
2.0,8,0.0001875146032708467,0.00022626570964026104,7.048642834018857e-05
2.0,9,6.89827674627638e-05,5.443863804604098e-05,1.6047790294147795e-05
2.0,10,2.5377341944661098e-05,1.2524696448259849e-05,3.523093845887971e-06
2.0,11,9.335802373018528e-06,2.7736909220910087e-06,7.494029237969596e-07
2.0,12,3.434449759873081e-06,5.943488903740129e-07,1.5505403342294607e-07
2.0,13,1.2634634583935032e-06,1.2374826987712845e-07,3.1305763545817466e-08
2.0,14,4.6480223101433987e-07,2.5121260730793108e-08,6.184502815024486e-09
2.0,15,1.7099118500079498e-07,4.986362973185247e-09,1.1981398418392455e-09
2.0,16,6.290414158333517e-08,9.700693401138386e-10,2.2807050172540759e-10
2.0,17,2.314114045304663e-08,1.8534297727547281e-10,4.2727524449934305e-11
2.0,18,8.513149817936652e-09,3.4838117118740825e-11,7.889407331193695e-12
2.0,19,3.1318127976313015e-09,6.451867770530056e-12,1.4375395606636309e-12
2.0,20,1.1521295418461745e-09,1.1787732253753006e-12,2.587663352883211e-13
2.0,21,4.2384477201148054e-10,2.1270614443720367e-13,4.60601908511171e-14
2.0,22,1.5592377787102084e-10,3.79460337638054e-14,8.114157087311227e-15
2.0,23,5.736115226853125e-11,6.698396383213936e-15,1.4157607040972243e-15
2.0,24,2.1101988641497287e-11,1.1709337718480978e-15,2.448269322491225e-16
2.0,25,7.762987789040146e-12,2.0283987669040113e-16,4.1987055558718544e-17
2.0,26,2.8558436096528194e-12,3.484215159223077e-17,7.144903966488199e-18
2.0,27,1.0506061511921138e-12,5.937876423942738e-18,1.2070275425454354e-18
2.0,28,3.864964037918347e-13,1.004505234572854e-18,2.0252230797256197e-19
2.0,29,1.4218408104171226e-13,1.6875931088306596e-19,3.376299708949721e-20
2.0,30,5.230660027710018e-14,2.8168209935849114e-20,5.5947871536478704e-21
2.0,31,1.9242522879517623e-14,4.672961337341496e-21,9.21825816306307e-22
2.0,32,7.078928563645636e-15,7.707576656116077e-22,1.5106815069469517e-22
2.0,33,2.604192284086518e-15,1.2643722058465155e-22,2.4630930110043175e-23
2.0,34,9.580288021727301e-16,2.063435586583624e-23,3.996574244206926e-24
2.0,35,3.5243910036945016e-16,3.351067674609646e-24,6.455065695973145e-25
2.0,36,1.2965509929087922e-16,5.417016887277443e-25,1.0380488086956457e-25
2.0,37,4.769744547215651e-17,8.718106661739857e-26,1.662381425216606e-26
2.0,38,1.7546909585602278e-17,1.3972114354187556e-26,2.6516998979791385e-27
2.0,39,6.455147292637191e-18,2.2303159605835367e-27,4.213839373955853e-28
2.0,40,2.3747159786947186e-18,3.5466251962343886e-28,6.672141777214747e-29
2.0,41,8.736091871831078e-19,5.619319322534477e-29,1.0528224546802686e-29
2.0,42,3.2138285958315966e-19,8.872408674641863e-30,1.655815872160653e-30
2.0,43,1.182301467855329e-19,1.396220861597272e-30,2.5959501056337535e-31
2.0,44,4.349444032907944e-20,2.1901943713686673e-31,4.057557342651444e-32
2.0,45,1.6000710402326388e-20,3.425188873512181e-32,6.323684691391993e-33
2.0,46,5.886332401153915e-21,5.34088957299819e-33,9.8279511839401e-34
2.0,47,2.1654606742858565e-21,8.30463475898858e-34,1.5233164249515316e-34
2.0,48,7.966284627350156e-22,1.2878136531383494e-34,2.3550277181322857e-35
2.0,49,2.930632336922227e-22,1.991847148610912e-35,3.6318056952143834e-36
2.0,50,1.078119386385907e-22,3.0730660574426965e-36,5.587396377716959e-37
2.0,51,3.9661795737974576e-23,4.729777918970928e-37,8.576184587459834e-38
2.0,52,1.459075925194198e-23,7.262739273904141e-38,1.3134453135554929e-38
2.0,53,5.367640359871467e-24,1.1127225019330465e-38,2.007228116224566e-39
2.0,54,1.974644535998795e-24,1.7011162060619396e-39,3.061119101626328e-40
2.0,55,7.264311284154788e-25,2.5952190365596978e-40,4.659000650665824e-41
2.0,56,2.6723907757102653e-25,3.951277912955837e-41,7.077227377098724e-42
2.0,57,9.831176251600097e-26,6.004180384521745e-42,1.0730469925770057e-42
2.0,58,3.616687625496599e-26,9.106471455394967e-43,1.623998470374805e-43
2.0,59,1.3305050225593596e-26,1.3786470336328146e-43,2.4535143674200953e-44
2.0,60,4.894654441749344e-27,2.0834720523767473e-44,3.7004231504331286e-45
2.0,61,1.8006427407580668e-27,3.1432418134476334e-45,5.571813369854969e-46
2.0,62,6.6241944521949185e-28,4.7341959606747255e-46,8.37617409180316e-47
2.0,63,2.436904953284435e-28,7.118930569283761e-47,1.257243522519475e-47
2.0,64,8.964872324021978e-29,1.0688190067256612e-47,1.884245157938347e-48
2.0,65,3.2979922207345343e-29,1.6022649932738714e-48,2.8198016466449295e-49
2.0,66,1.2132635351515848e-29,2.398414852726204e-49,4.2138679391882036e-50
2.0,67,4.463347113052536e-30,3.5850255750044773e-50,6.288423641835132e-51
2.0,68,1.641973641703937e-30,5.351254980923641e-51,9.371686609113085e-52
2.0,69,6.040483457282825e-31,7.976845543059813e-52,1.3948410660530604e-52
2.0,70,2.2221696786705475e-31,1.1875035159952214e-52,2.073375500578457e-53
2.0,71,8.174905395774445e-32,1.765558834531156e-53,3.0781666604726074e-54
2.0,72,3.0073796286269113e-32,2.6217291653375886e-54,4.56437495134763e-55
2.0,73,1.1063531371696479e-32,3.888355716829497e-55,6.760192345182021e-56
2.0,74,4.070045738402421e-33,5.760103986920365e-56,1.0000883582621781e-56
2.0,75,1.497286151785693e-33,8.52302866299476e-57,1.4778549196277267e-57
2.0,76,5.508207927926601e-34,1.2597068334950187e-57,2.1814808613265233e-58
2.0,77,2.0263564543817465e-34,1.8598121575216456e-58,3.216687038048608e-59
2.0,78,7.454548800521021e-35,2.7428650556324414e-59,4.738219824162155e-60
2.0,79,2.742375246920919e-35,4.0409812721276335e-60,6.97238552034524e-61
2.0,80,1.0088634733196639e-35,5.947399877062083e-61,1.0249856432827492e-61
2.0,81,3.711401307831183e-36,8.744517052562821e-62,1.505339380264407e-62
2.0,82,1.3653482390878956e-36,1.284467202374982e-62,2.2087217788922025e-63
2.0,83,5.022835472000679e-37,1.8849440888846578e-63,3.237776900075411e-64
2.0,84,1.8477979065357074e-37,2.763577290006038e-64,4.741996100695785e-65
2.0,85,6.79766861254117e-38,4.0481029890130045e-65,6.938931116831618e-66
2.0,86,2.5007225304502993e-38,5.924437012415954e-66,1.0144941044156683e-66
2.0,87,9.199644070268914e-39,8.662968269277816e-67,1.4819727748783249e-67
2.0,88,3.3843599195467006e-39,1.265664774060155e-67,2.1630800081815883e-68
2.0,89,1.2450364359258677e-39,1.847612771380249e-68,3.1546723680142456e-69
2.0,90,4.5802330828649245e-40,2.6949531310503384e-69,4.5971923696393556e-70
2.0,91,1.684973586959301e-40,3.927778026308551e-70,6.694143433306937e-71
2.0,92,6.198671415592284e-41,5.720122632219298e-71,9.740208010871971e-72
2.0,93,2.2803637763734825e-41,8.324025984726614e-72,1.4161820261449063e-72
2.0,94,8.388989517198766e-42,1.2104252749521227e-72,2.0575675119269225e-73
2.0,95,3.086136775580169e-42,1.758836972324878e-73,2.987305396020709e-74
2.0,96,1.1353262723790697e-42,2.553892508448967e-74,4.334128875716637e-75
2.0,97,4.176631946300689e-43,3.7057426456313654e-75,6.283862300848057e-76
2.0,98,1.536497026383891e-43,5.373404255877581e-76,9.104580449704321e-77
2.0,99,5.652456674276887e-44,7.786301597260866e-77,1.3182788524431147e-77
2.0,100,2.0794226025787706e-44,1.1275246252732166e-77,1.907542271699066e-78
2.0,101,7.649768249959442e-45,1.6316967690991296e-78,2.7584550259992164e-79
2.0,102,2.814192468886122e-45,2.3598087980246566e-79,3.986462279746529e-80
2.0,103,1.0352835528027082e-45,3.410698361858328e-80,5.757639178883222e-81
2.0,104,3.808595348590457e-46,4.926562403930677e-81,8.310767749527215e-82
2.0,105,1.4011039284876117e-46,7.111868995401149e-82,1.1988987541268773e-82
2.0,106,5.154373302351352e-47,1.0260472542100824e-82,1.7285149991684605e-83
2.0,107,1.8961879700580168e-47,1.4794472071909883e-83,2.4906779197746776e-84
2.0,108,6.975685707809548e-48,2.131987202237427e-84,3.5869071753736325e-85
2.0,109,2.5662113599765937e-48,3.07062739973465e-85,5.162797756389562e-86
2.0,110,9.440564010359964e-49,4.4200922523901486e-86,7.427055039993865e-87
2.0,111,3.4729894124744536e-49,6.3591841040801525e-87,1.0678709359142744e-87
2.0,112,1.2776414042554377e-49,9.144108557467582e-88,1.5346008016743676e-88
2.0,113,4.700180058149873e-50,1.3141810848544775e-88,2.2041971681987172e-89
2.0,114,1.7290996131973326e-50,1.8877599465351537e-89,3.16437221663556e-90
2.0,115,6.361001994327918e-51,2.7103151564990063e-90,4.5405706013622153e-91
2.0,116,2.3400818589637844e-51,3.889358287235605e-91,6.512123141264694e-92
2.0,117,8.608680065710269e-52,5.578594724021433e-92,9.335284172430852e-93
2.0,118,3.166956411797229e-52,7.997676875399625e-93,1.3376072970310866e-93
2.0,119,1.1650581549862808e-52,1.1460365631181163e-93,1.915707339129435e-94
2.0,120,4.286009429885846e-53,1.6414663520313656e-94,2.742409870980419e-95
2.0,121,1.576734753921937e-53,2.3499986901212755e-95,3.924111808590242e-96
2.0,122,5.80048300148394e-54,3.3628580528681584e-96,5.612537557222933e-97
2.0,123,2.133878445110362e-54,4.810141066586948e-97,8.023964906356966e-98
2.0,124,7.850100099149862e-55,6.877307764415642e-98,1.1466571419409525e-98
2.0,125,2.8878904376151353e-55,9.82863968278003e-99,1.6379317366301018e-99
2.0,126,1.0623955203542078e-55,1.4040596094830162e-99,2.338721271472278e-100
2.0,127,3.908334703309497e-56,2.0049228236758848e-100,3.337984477966362e-101
2.0,128,1.4377959865644526e-56,2.861755293618024e-101,4.762291843485138e-102
2.0,129,5.289355840558735e-57,4.0831255036687e-102,6.791663398163008e-103
2.0,130,1.9458452707816516e-57,5.823458436505118e-103,9.682049616581364e-104
2.0,131,7.158364708212478e-58,8.302326471381543e-104,1.3797231451995405e-104
2.0,132,2.6334152085585817e-58,1.183182431282231e-104,1.9654071391701896e-105
2.0,133,9.687793152969081e-59,1.6855403100862526e-105,2.7986682908383084e-106
2.0,134,3.563939931298791e-59,2.400294299506414e-106,3.983739913316367e-107
2.0,135,1.3111002302947877e-59,3.4168829822396306e-107,5.668569310760205e-108
2.0,136,4.823268200405959e-60,4.862261040063227e-108,8.063082706966882e-109
2.0,137,1.7743812101853325e-60,6.9165772557608515e-109,1.1465054512050255e-109
2.0,138,6.527583680280877e-61,9.835380911650981e-110,1.6296736003992093e-110
2.0,139,2.4013638365015557e-61,1.3981065681083657e-110,2.3156703229081273e-111
2.0,140,8.83412386221503e-62,1.9867380580938453e-111,3.289322648139834e-112
2.0,141,3.249892549670969e-62,2.8222419968615223e-112,4.670806512780561e-113
2.0,142,1.19556865504019e-62,4.007773878952441e-113,6.630326338280762e-114
2.0,143,4.39825128698278e-63,5.689439297793898e-114,9.408870404870647e-115
2.0,144,1.618026225586802e-63,8.074115534895595e-115,1.3347548699756354e-115
2.0,145,5.952385836696108e-64,1.1454643610042614e-115,1.892905089713397e-116
2.0,146,2.189760375240572e-64,1.6245429309107892e-116,2.6836215880269956e-117
2.0,147,8.055678231428696e-65,2.303274051936486e-117,3.803475360906166e-118
2.0,148,2.9635184060349415e-65,3.264574875641873e-118,5.389004852639819e-119
2.0,149,1.0902174951134177e-65,4.625684416709233e-119,7.633204359299068e-120
2.0,150,4.0106860285765377e-66,6.552324985311636e-120,1.0808793739868321e-120
2.0,151,1.475448934906848e-66,9.278688723428799e-121,1.5301050164378994e-121
2.0,152,5.42787329650531e-67,1.3135638201677395e-121,2.1654119626999424e-122
2.0,153,1.9968029950677678e-67,1.859048697011847e-122,3.0636326568775575e-123
2.0,154,7.345827699549929e-68,2.6303101295896547e-123,4.333225272873754e-124
2.0,155,2.7023789890521293e-68,3.7205000099928356e-124,6.127252628807566e-125
2.0,156,9.941496723259446e-69,5.261085409575807e-125,8.661672192320377e-126
2.0,157,3.65727225896041e-69,7.437561744078957e-126,1.2241104482404958e-126
2.0,158,1.345435274838174e-69,1.0511591560892224e-126,1.7295129215125813e-127
2.0,159,4.949579770398134e-70,1.4852189353002143e-127,2.442939862124624e-128
2.0,160,1.8208486399675413e-70,2.097963857580967e-128,3.449760045436197e-129
2.0,161,6.6985278012903986e-71,2.9627325170702155e-129,4.870275283659181e-130
2.0,162,2.464250664210082e-71,4.1828777342895605e-130,6.87397549369498e-131
2.0,163,9.065471572559606e-72,5.904015969044056e-131,9.699595246510216e-132
2.0,164,3.335000616068824e-72,8.331262570248774e-132,1.3683326762606864e-132
2.0,165,1.226878162945815e-72,1.1753476975883646e-132,1.9298497867226596e-133
2.0,166,4.513432529699521e-73,1.6577361653583044e-133,2.7211362136417155e-134
2.0,167,1.6603990367908693e-73,2.3375409379546286e-134,3.835952756869912e-135
2.0,168,6.10826669776226e-74,3.29533088453357e-135,5.406218723357472e-136
2.0,169,2.2471057392989116e-74,4.644468567842325e-136,7.617501555139916e-137
2.0,170,8.266640036264243e-75,6.544423707818308e-137,1.0730778473200525e-137
2.0,171,3.0411269169063617e-75,9.219478106961129e-138,1.5113003662390973e-138
2.0,172,1.1187680707229437e-75,1.2985000109358383e-138,2.1280035530312078e-139
2.0,173,4.115717726580092e-76,1.828434451866817e-139,2.995691011642874e-140
2.0,174,1.5140879372736833e-76,2.5740664764685384e-140,4.2162453517383534e-141
2.0,175,5.5700182424866435e-77,3.622964962893889e-141,5.932803888451613e-142
2.0,176,2.0490951983607258e-77,5.098161537610628e-142,8.346423508417386e-143
2.0,177,7.5381999648002955e-78,7.172477342645391e-143,1.1739461657714865e-143
2.0,178,2.7731487904893194e-78,1.0088624255332333e-143,1.6508374023830392e-144
2.0,179,1.0201844273304718e-78,1.418740272166083e-144,2.320971302169204e-145
2.0,180,3.7530487701814194e-79,1.9947250166170112e-145,3.2624628555187786e-146
2.0,181,1.3806694842635092e-79,2.8039698850484717e-146,4.584929704703915e-147
2.0,182,5.079199183133233e-80,3.940712916021947e-147,6.442167886812975e-148
2.0,183,1.8685329570894997e-80,5.537176215429822e-148,9.04991671382438e-149
2.0,184,6.873948600645078e-81,7.778841548165498e-149,1.271075165658704e-149
2.0,185,2.5287843698465295e-81,1.0925855731962387e-149,1.7848959246218153e-150
2.0,186,9.302877808222191e-82,1.5343020406287028e-150,2.5059388399299144e-151
2.0,187,3.422337489374992e-82,2.1541801625864853e-151,3.5175867734334475e-152
2.0,188,1.259007603091349e-82,3.0239166796292717e-152,4.936700938037967e-153
2.0,189,4.6316301345584255e-83,4.2439975440750023e-153,6.927033939621529e-154
2.0,190,1.7038815056141657e-83,5.9552333740808854e-154,9.71800565540014e-155
2.0,191,6.268229761076951e-84,8.354907470860827e-155,1.3630981845390273e-155
2.0,192,2.305952861639192e-84,1.1719377084787898e-155,1.911604760601141e-156
2.0,193,8.483126501075142e-85,1.6435701731880404e-156,2.680345874129486e-157
2.0,194,3.120767836602176e-85,2.304589691569115e-157,3.757561825603007e-158
2.0,195,1.1480663277550196e-85,3.2308843245045706e-158,5.266775010981817e-159
2.0,196,4.223499990822666e-86,4.5286881106018615e-159,7.380869003796032e-160
2.0,197,1.5537388164114339e-86,6.346691511689275e-160,1.0341774921066598e-160
2.0,198,5.7158856750781645e-87,8.892975511955678e-161,1.448799409110696e-161
2.0,199,2.1027568279476077e-87,1.245868704038882e-161,2.0293070507188502e-162
2.0,200,7.735610067848007e-88,1.7451134372449305e-162,2.841936134737557e-163
2.0,201,2.845771908880108e-88,2.4440043598202323e-163,3.979317749169911e-164
2.0,202,1.0469009795402027e-88,3.422220032375175e-164,5.570977167948101e-165
2.0,203,3.851333473150854e-89,4.791177076339979e-165,7.798000916085073e-166
2.0,204,1.416826405867606e-89,6.706648514995685e-166,1.0913524010884058e-166
2.0,205,5.21221306427518e-90,9.386389726108286e-167,1.5271342847746797e-167
2.0,206,1.9174660293520443e-90,1.3134755761571504e-167,2.136587086172628e-168
2.0,207,7.053963313432545e-91,1.8377078295869404e-168,2.9887925658526785e-169
2.0,208,2.59500808178942e-91,2.570766469664271e-169,4.180260961882843e-170
2.0,209,9.546501229640684e-92,3.5956807748493196e-170,5.845801870331297e-171
2.0,210,3.5119615375027014e-92,5.028432252957793e-171,8.173696173730947e-172
2.0,211,1.2919784478320932e-92,7.03100938841054e-172,1.1426867853201798e-172
2.0,212,4.75292309394018e-93,9.8296254102523e-173,1.5972424429495267e-173
2.0,213,1.7485026917295558e-93,1.3740137585979359e-173,2.2322868435147386e-174
2.0,214,6.432381931202316e-94,1.9203510094946448e-174,3.119358340202377e-175
2.0,215,2.366341070251991e-94,2.683528232928759e-175,4.358301072734899e-176
2.0,216,8.705282305453354e-95,3.749456478024393e-176,6.088445947097258e-177
2.0,217,3.2024943897698244e-95,5.238025852250629e-177,8.504200948455004e-178
2.0,218,1.1781318464632022e-95,7.316522260133351e-178,1.1876786883211497e-178
2.0,219,4.334104853031624e-96,1.0218333168875074e-178,1.658453714335861e-179
2.0,220,1.5944280713117096e-96,1.4269024095039674e-179,2.3155130483222485e-180
2.0,221,5.865573078622123e-97,1.992268557329857e-180,3.2324449099242977e-181
2.0,222,2.157823746313763e-97,2.7812589438342665e-181,4.511859660898389e-182
2.0,223,7.938189939403754e-98,3.882177909917667e-182,6.296817509797478e-183
2.0,224,2.9202968788206186e-98,5.418142609830263e-183,8.786748999680736e-184
2.0,225,1.0743171838352364e-98,7.560785805086709e-184,1.2259631945923636e-184
2.0,226,3.952192052301844e-99,1.0549343964715577e-184,1.7102879812086795e-185
2.0,227,1.4539302036030182e-99,1.4717243969225083e-185,2.38563584285838e-186
2.0,228,5.348710308037596e-100,2.0529129804560034e-186,3.3272286240269364e-187
2.0,229,1.9676805591088043e-100,2.8632422743299425e-187,4.6398634969763425e-188
2.0,230,7.23869224488858e-101,3.9929111255943186e-188,6.469523713840993e-189
2.0,231,2.6629660578616646e-101,5.5675696291214685e-189,9.01954084719161e-190
2.0,232,9.796504652246678e-102,7.762231829076027e-190,1.257309018117168e-190
2.0,233,3.603932656901942e-102,1.0820640444317861e-190,1.752449736851953e-191
2.0,234,1.325812731840598e-102,1.5082217088864997e-191,2.4422802796568303e-192
2.0,235,4.877392468875026e-103,2.10195651666743e-192,3.4032376298929906e-193
2.0,236,1.7942924158235457e-103,2.9290651682120636e-193,4.741724616802222e-194
2.0,237,6.600832912313233e-104,4.081140542392618e-194,6.605840744101763e-195
2.0,238,2.428310723047856e-104,5.685670850928089e-195,9.201698931732996e-196
2.0,239,8.933255917854664e-105,7.920087081595966e-196,1.281611850137312e-196
2.0,240,3.2863611949018537e-105,1.103130022609519e-196,1.7848182752790338e-197
1.0,0,0.15966130015118526,0.025491730765966867,0.9745082692340331
1.0,1,0.09683947371127517,0.07502306934941409,0.8994851998846191
1.0,2,0.05873610987632396,0.12419750172252952,0.7752876981620894
1.0,3,0.03562525147224049,0.15229902509524496,0.6229886730668447
1.0,4,0.02160780727788649,0.15407612066823398,0.46891255239861085
1.0,5,0.013105797603199935,0.1360354492063049,0.33287710319230623
1.0,6,0.007949068066329107,0.10843006423929626,0.22444703895300963
1.0,7,0.004821353498371221,0.07977838287707209,0.1446686560759377
1.0,8,0.002924298718074909,0.05502905045695977,0.08963960561897778
1.0,9,0.0017736768306707829,0.035989433476091674,0.053650172142886206
1.0,10,0.0010757893782237628,0.022507613547944342,0.03114255859494188
1.0,11,0.0006524992412859025,0.01354923539037904,0.017593323204562812
1.0,12,0.0003957607952791313,0.007892101477545538,0.009701221727017258
1.0,13,0.00024004105624904793,0.004466679817273503,0.005234541909743762
1.0,14,0.0001455922602048524,0.0024647995126055116,0.0027697423971382636
1.0,15,8.830616963110252e-05,0.0013298986320355395,0.0014398437651027291
1.0,16,5.3560399323048324e-05,0.0007032859005038533,0.0007365578645988761
1.0,17,3.248602433588058e-05,0.00036525801043921604,0.000371299854159659
1.0,18,1.9703769771882315e-05,0.00018662626772746217,0.00018467358643219775
1.0,19,1.1950940478565625e-05,9.395027074035511e-05,9.072331569184249e-05
1.0,20,7.248611812650823e-06,4.665920368212088e-05,4.4064112009721224e-05
1.0,21,4.396505304727891e-06,2.2886615701444318e-05,2.1177496308276846e-05
1.0,22,2.6666152629067e-06,1.1098452111001427e-05,1.0079044197275283e-05
1.0,23,1.6173839146105783e-06,5.325511774517255e-06,4.7535324227579755e-06
1.0,24,9.809929327373557e-07,2.530563965100086e-06,2.2229684576578786e-06
1.0,25,5.950022906666193e-07,1.1916063453818867e-06,1.0313621122759747e-06
1.0,26,3.6088713188855267e-07,5.563894893219107e-07,4.7497262295407044e-07
1.0,27,2.1888911018616402e-07,2.5775054258458444e-07,2.1722208036948465e-07
1.0,28,1.3276295640512536e-07,1.1852640695956441e-07,9.869567340991788e-08
1.0,29,8.052480353380027e-08,5.4128393821669065e-08,4.456727958824901e-08
1.0,30,4.884076221058608e-08,2.4559025367101776e-08,2.0008254221146943e-08
1.0,31,2.9623419724454635e-08,1.107486774371147e-08,8.933386477435278e-09
1.0,32,1.7967512308417705e-08,4.965450940861424e-09,3.9679355365738095e-09
1.0,33,1.0897847093819452e-08,2.2141664451979594e-09,1.7537690913758337e-09
1.0,34,6.6098783872617174e-09,9.822470263329255e-10,7.715220650429047e-10
1.0,35,4.009093898846127e-09,4.3361818456760594e-10,3.379038804753019e-10
1.0,36,2.431638367317035e-09,1.9053684064115623e-10,1.4736703983414297e-10
1.0,37,1.4748632231113519e-09,8.335572443611424e-11,6.401131539802854e-11
1.0,38,8.945497636996292e-10,3.63136468310524e-11,2.7697668566977658e-11
1.0,39,5.425718583225164e-10,1.575682124981495e-11,1.194084731716255e-11
1.0,40,3.2908646716986537e-10,6.811017450323839e-12,5.129829866838708e-12
1.0,41,1.996010320350383e-10,2.933424343532568e-12,2.1964055233061298e-12
1.0,42,1.2106414563953428e-10,1.25900425958702e-12,9.374012637190812e-13
1.0,43,7.342911612229305e-11,5.385602133131924e-13,3.988410504058853e-13
1.0,44,4.453701024376997e-11,2.296451533148326e-13,1.6919589709105782e-13
1.0,45,2.7013062204782115e-11,9.762333321772725e-14,7.15725638733285e-14
1.0,46,1.63842504399249e-11,4.137873294086853e-14,3.019383093246145e-14
1.0,47,9.937550228224652e-12,1.7489548896512732e-14,1.2704282035948684e-14
1.0,48,6.027428895852531e-12,7.372343772738479e-15,5.331938263210447e-15
1.0,49,3.655820424572425e-12,3.099581379701469e-15,2.23235688350907e-15
1.0,50,2.2173671739068326e-12,1.299910383046144e-15,9.324465004629259e-16
1.0,51,1.3449011748148486e-12,5.438470138569016e-16,3.885994866060177e-16
1.0,52,8.157237968087459e-13,2.270026537862582e-16,1.6159683281975255e-16
1.0,53,4.947614926217028e-13,9.453918047470889e-17,6.705765234504425e-17
1.0,54,3.000880145202486e-13,3.928741247763613e-17,2.777023986740814e-17
1.0,55,1.820125814188207e-13,1.6292508064279164e-17,1.1477731803128621e-17
1.0,56,1.1039621108395672e-13,6.7428886072141965e-18,4.734843195914213e-18
1.0,57,6.695868673852741e-14,2.785201507596717e-18,1.949641688317502e-18
1.0,58,4.061249644101058e-14,1.1482792124257356e-18,8.013624758917273e-19
1.0,59,2.4632724258943125e-14,4.725469286172006e-19,3.28815547274532e-19
1.0,60,1.4940502495296166e-14,1.94121668363452e-19,1.3469387891107621e-19
1.0,61,9.061872834910229e-15,7.960834786268076e-20,5.508553104839588e-20
1.0,62,5.496303708790093e-15,3.2592789389952566e-20,2.2492741658443974e-20
1.0,63,3.3336767144734487e-15,1.332246349666023e-20,9.17027816178394e-21
1.0,64,2.0219771368982252e-15,5.437113910291607e-21,3.733164251492467e-21
1.0,65,1.2263911267667423e-15,2.215608842108531e-21,1.5175554093839723e-21
1.0,66,7.43843819183552e-16,9.015244972170813e-22,6.160309121669311e-22
1.0,67,4.511640823725646e-16,3.663025714873567e-22,2.497283406795544e-22
1.0,68,2.736448485200765e-16,1.4862704260856743e-22,1.0110129807098264e-22
1.0,69,1.6597399049984565e-16,6.022375850308885e-23,4.0877539567892494e-23
1.0,70,1.0066831395300972e-16,2.4370590885697046e-23,1.650694868219572e-23
1.0,71,6.105841887407749e-17,9.849355912277887e-24,6.657592769917664e-24
1.0,72,3.703380308070453e-17,3.9756481717175786e-24,2.68194459819972e-24
1.0,73,2.2462137014207473e-17,1.6028046331023536e-24,1.0791399650974044e-24
1.0,74,1.3623974781782821e-17,6.4541552285610225e-25,4.33724442241364e-25
1.0,75,8.263358412303015e-18,2.595957113796984e-25,1.7412873086168862e-25
1.0,76,5.011980229256087e-18,1.0429597097798562e-25,6.983275988369891e-26
1.0,77,3.0399196749173703e-18,4.185637474888981e-26,2.797638513480894e-26
1.0,78,1.8438044859010468e-18,1.6779980499066423e-26,1.1196404635742908e-26
1.0,79,1.1183239512146748e-18,6.719985405092617e-27,4.4764192306503305e-27
1.0,80,6.782977639026756e-19,2.6884571171122858e-27,1.7879621135378754e-27
1.0,81,4.114083902214939e-19,1.0744996662146781e-27,7.134624473231708e-28
1.0,82,2.495318023323552e-19,4.29030292321776e-28,2.8443215500132843e-28
1.0,83,1.5134868868792585e-19,1.711425081523884e-28,1.132896468489407e-28
1.0,84,9.179761999652964e-20,6.82064611147665e-29,4.508318573417967e-29
1.0,85,5.567807101654474e-20,2.7158134606174e-29,1.792505112800838e-29
1.0,86,3.377045714519174e-20,1.0804133750493913e-29,7.120917377514533e-30
1.0,87,2.0482817651070362e-20,4.2944155922811385e-30,2.8265017852331487e-30
1.0,88,1.242345690267728e-20,1.7054952816296348e-30,1.1210065036035097e-30
1.0,89,7.53520751109232e-21,6.767640281813677e-31,4.442424754221769e-31
1.0,90,4.5703343827744156e-21,2.6833171701946485e-31,1.7591075840271658e-31
1.0,91,2.7720479282914976e-21,1.0630708534458981e-31,6.960367305812441e-32
1.0,92,1.6813320587016807e-21,4.208381438873837e-32,2.751985866938303e-32
1.0,93,1.0197794427603305e-21,1.664706464483025e-32,1.0872794024551983e-32
1.0,94,6.185274981788049e-22,6.580163794757179e-33,4.292630229794348e-33
1.0,95,3.751558915207952e-22,2.5990748623417762e-33,1.6935553674526268e-33
1.0,96,2.275435503791891e-22,1.0258652022485644e-33,6.676901652040362e-34
1.0,97,1.380121397248444e-22,4.046293876424853e-34,2.630607775615028e-34
1.0,98,8.370859415566201e-23,1.5948732107944059e-34,1.035734564820619e-34
1.0,99,5.077182883685077e-23,6.282063933918271e-35,4.0752817142876883e-35
1.0,100,3.0794670839232e-23,2.4728151212721725e-35,1.602466593015552e-35
1.0,101,1.8677912019752782e-23,9.72746210424351e-36,6.297203825911983e-36
1.0,102,1.1328726299395178e-23,3.8241189431264407e-36,2.4730848827857172e-36
1.0,103,6.871219836076019e-24,1.502423508492741e-36,9.706613742930398e-37
1.0,104,4.1676055002057205e-24,5.8991240383166736e-37,3.807489704613974e-37
1.0,105,2.5277805134617755e-24,2.3148442182582714e-37,1.4926454863559821e-37
1.0,106,1.5331763824387098e-24,9.078202500710083e-38,5.84825236285025e-38
1.0,107,9.299184826963794e-25,3.5581680669107975e-38,2.2900842959394653e-38
1.0,108,5.640240707888062e-25,1.393817974126557e-38,8.962663218129908e-39
1.0,109,3.420978917493396e-25,5.456863245898859e-39,3.5057999722310375e-39
1.0,110,2.0749285996902804e-25,2.1352157524516404e-39,1.3705842197793986e-39
1.0,111,1.2585078124267562e-25,8.350381385541303e-40,5.355460812253475e-40
1.0,112,7.633235737247036e-26,3.263929490035861e-40,2.0915313222173534e-40
1.0,113,4.629791507454494e-26,1.275114219629173e-40,8.164171025881719e-41
1.0,114,2.808110497348322e-26,4.978919744928096e-41,3.185251280953639e-41
1.0,115,1.703205112502649e-26,1.943133478564953e-41,1.2421178023884595e-41
1.0,116,1.0330461205121616e-26,7.579756858670267e-42,4.8414211652141106e-42
1.0,117,6.265741449878181e-27,2.955266264576894e-42,1.8861549006371435e-42
1.0,118,3.8003642951834054e-27,1.1516755317006136e-42,7.344793689365172e-43
1.0,119,2.3050374631059278e-27,4.4859997166065734e-43,2.858793972758524e-43
1.0,120,1.3980758931599733e-27,1.7465749811895138e-43,1.1122189915689926e-43
1.0,121,8.479758938066479e-28,6.797001288399331e-44,4.3251886272903016e-44
1.0,122,5.143233782909561e-28,2.6439470294651486e-44,1.681241597825337e-44
1.0,123,3.1195289794044395e-28,1.0280080344653165e-44,6.532335633599668e-45
1.0,124,1.8920899698708525e-28,3.995320627604039e-45,2.537015005995441e-45
1.0,125,1.1476105776614248e-28,1.5521049136917552e-45,9.849100923037703e-46
1.0,126,6.960610007621804e-29,6.027090154155285e-46,3.82201076888299e-46
1.0,127,4.221823379925211e-29,2.339452777521886e-46,1.4825579913613729e-46
1.0,128,2.560665319816258e-29,9.077026434346085e-47,5.748553479268397e-47
1.0,129,1.5531220257314163e-29,3.520451101197556e-47,2.2281023780707987e-47
1.0,130,9.420161268810975e-30,1.3648378229066628e-47,8.632645551642248e-48
1.0,131,5.7136166289713194e-30,5.289253208405401e-48,3.3433923432367864e-48
1.0,132,3.4654836633150475e-30,2.0489942766557696e-48,1.2943980665805587e-48
1.0,133,2.101922092533829e-30,7.934556520628903e-49,5.0094241451763594e-49
1.0,134,1.2748801934491023e-30,3.0714432152540266e-49,1.9379809299220707e-49
1.0,135,7.7325392478725375e-31,1.188509300249366e-49,7.4947162967248235e-50
1.0,136,4.69002213126596e-31,4.5973252661771735e-50,2.897391030547478e-50
1.0,137,2.844642217343594e-31,1.7776762684076145e-50,1.1197147621396452e-50
1.0,138,1.7253627207318185e-31,6.871429715203967e-51,4.325717906192595e-51
1.0,139,1.0464853892490538e-31,2.6551599112013927e-51,1.6705579949912023e-51
1.0,140,6.347254735208607e-32,1.0256176815711331e-51,6.4494031341993835e-52
1.0,141,3.8498046019102127e-32,3.9603504690560475e-52,2.489052665143067e-52
1.0,142,2.3350245249613333e-32,1.5287520851586457e-52,9.603005799844393e-53
1.0,143,1.4162639655699758e-32,5.899263595572019e-53,3.703742204272717e-53
1.0,144,8.590075173643878e-33,2.275714493223503e-53,1.4280277110494314e-53
1.0,145,5.210143962051336e-33,8.776045762549979e-54,5.504231347944271e-54
1.0,146,3.1601120545007906e-33,3.38331919216296e-54,2.1209121557815784e-54
1.0,147,1.9167048491822098e-33,1.3039227915135851e-54,8.16989364268083e-55
1.0,148,1.1625402566488893e-33,5.023742575693366e-55,3.146151066987102e-55
1.0,149,7.051163088077449e-34,1.934956586364331e-55,1.2111944806225319e-55
1.0,150,4.276746599552985e-34,7.45049515907946e-56,4.6614496471453445e-56
1.0,151,2.593977936450634e-34,2.8679448430493286e-56,1.7935048040955787e-56
1.0,152,1.5733271490754182e-34,1.1036461410610389e-56,6.898586630344263e-57
1.0,153,9.542711536725102e-35,4.245842882348033e-57,2.652743747995552e-57
1.0,154,5.787947123817234e-35,1.632956411717181e-57,1.0197873362780811e-57
1.0,155,3.5105673873907064e-35,6.278608834605771e-58,3.919264528174914e-58
1.0,156,2.129266753439741e-35,2.4134146848312752e-58,1.5058498433438203e-58
1.0,157,1.2914655686679834e-35,9.274311202137976e-59,5.784187231299294e-59
1.0,158,7.833134633603432e-36,3.562985377710982e-59,2.221201853588343e-59
1.0,159,4.7510363169373666e-36,1.3684550035385972e-59,8.527468500498652e-60
1.0,160,2.8816491916307014e-36,5.254513696811896e-60,3.272954803686786e-60
1.0,161,1.747808585260146e-36,2.0170722390374006e-60,1.2558825646493882e-60
1.0,162,1.0600994942692409e-36,7.741028393136793e-61,4.817797253357044e-61
1.0,163,6.429828456201517e-37,2.970061864362733e-61,1.847735388994428e-61
1.0,164,3.89988809537897e-37,1.139261118981524e-61,7.0847427001282645e-62
1.0,165,2.365401699295652e-37,4.3689119959683915e-62,2.715830704159766e-62
1.0,166,1.4346886531591758e-37,1.6750077850812366e-62,1.0408229190783832e-62
1.0,167,8.701826552828644e-38,6.420297093439319e-63,3.9879320973444e-63
1.0,168,5.277924599792069e-38,2.46030761134246e-63,1.5276244860015537e-63
1.0,169,3.20122308942542e-38,9.425857970059112e-64,5.8503868899542944e-64
1.0,170,1.9416399523165145e-38,3.610362042222696e-64,2.2400248477308254e-64
1.0,171,1.1776641612029418e-38,1.3825478289620743e-64,8.574770187687388e-65
1.0,172,7.142894206143452e-39,5.293102044495723e-65,3.2816681431912253e-65
1.0,173,4.332384335109735e-39,2.0260128092177375e-65,1.2556553339734197e-65
1.0,174,2.6277239289027866e-39,7.753129383394231e-66,4.803423956338643e-66
1.0,175,1.5937951281400803e-39,2.966305581089824e-66,1.8371183752494604e-66
1.0,176,9.66685610517584e-40,1.1346445433593533e-66,7.024738318903019e-67
1.0,177,5.8632446108194e-40,4.339202355887458e-67,2.6855359630153578e-67
1.0,178,3.5562376218568332e-40,1.6590793117728505e-67,1.0264566512426311e-67
1.0,179,2.156967150879712e-40,6.3420926052387425e-68,3.922473907187557e-68
1.0,180,1.3082667090015507e-40,2.4238581411630527e-68,1.4986157660241814e-68
1.0,181,7.935038700907864e-41,9.261727334177651e-69,5.724430326064665e-69
1.0,182,4.812844258106925e-41,3.538245194285743e-69,2.1861851317784055e-69
1.0,183,2.919137602963753e-41,1.3514374661872816e-69,8.347476655909814e-70
1.0,184,1.7705464561175605e-41,5.1607998602871403e-70,3.1866767956226805e-70
1.0,185,1.0738907100808491e-41,1.9703892776817897e-70,1.216287517940427e-70
1.0,186,6.513476408446057e-42,7.521455985388957e-71,4.6414191940149034e-71
1.0,187,3.9506231430374614e-42,2.870566153967467e-71,1.770853040047394e-71
1.0,188,2.3961740612225087e-42,1.0953422508009993e-71,6.75510789246284e-72
1.0,189,1.4533530341395884e-42,4.1787811345374893e-72,2.5763267579246533e-72
1.0,190,8.81503174592042e-43,1.5939245826560791e-72,9.824021752684444e-73
1.0,191,5.346587020240918e-43,6.078621611409582e-73,3.7454001412748006e-73
1.0,192,3.2428689525977274e-43,2.3177280436357927e-73,1.427672097638821e-73
1.0,193,1.966899445180716e-43,8.835694274405458e-74,5.44102670198215e-74
1.0,194,1.1929848180738725e-43,3.3677552818457168e-74,2.0732714201364127e-74
1.0,195,7.235818687335018e-44,1.2834022670752722e-74,7.898691530610712e-75
1.0,196,4.3887458819903097e-44,4.88999355553022e-75,3.0086979750802356e-75
1.0,197,2.661908935114686e-44,1.8628493994632824e-75,1.145848575616971e-75
1.0,198,1.614529382510064e-44,7.095319151137681e-76,4.3631666050320294e-76
1.0,199,9.792615714992599e-45,2.702038900081799e-76,1.6611277049504535e-76
1.0,200,5.939521669926761e-45,1.0288154202059313e-76,6.3231228474445124e-77
1.0,201,3.6025019968381606e-45,3.9166093883389114e-77,2.406513459105165e-77
1.0,202,2.1850279127583288e-45,1.4907701746111728e-77,9.157432844940618e-78
1.0,203,1.3252864214158277e-45,5.673348607769419e-78,3.4840842371717946e-78
1.0,204,8.03826847489537e-46,2.1587247771993424e-78,1.32535945997219e-78
1.0,205,4.8754562810255524e-46,8.212677976193255e-79,5.040916623527904e-79
1.0,206,2.957113714530531e-46,3.1239400819309725e-79,1.916976541596376e-79
1.0,207,1.793580132119479e-46,1.1880962944979456e-79,7.288802470981895e-80
1.0,208,1.0878613407818996e-46,4.517854960996948e-80,2.7709475099848423e-80
1.0,209,6.598212567003156e-47,1.7176918995336742e-80,1.0532556104510231e-80
1.0,210,4.0020182211886123e-47,6.529669873086855e-81,4.002886231423012e-81
1.0,211,2.427346751879509e-47,2.4818228637918387e-81,1.521063367631154e-81
1.0,212,1.4722602267687967e-47,9.431582179236034e-82,5.779051497075771e-82
1.0,213,8.929709666107494e-48,3.583712393995812e-82,2.1953391030797447e-82
1.0,214,5.4161426948264576e-48,1.3614984996905897e-82,8.338406033892915e-83
1.0,215,3.285056601790852e-48,5.171746148988611e-83,3.1666598849041913e-83
1.0,216,1.992487547877547e-48,1.9642367386432924e-83,1.2024231462605409e-83
1.0,217,1.2085047868833758e-48,7.4591206579665055e-84,4.565110804637483e-84
1.0,218,7.329952056542494e-49,2.832169065774236e-84,1.7329417388631227e-84
1.0,219,4.445840656516693e-49,1.0751994098070293e-84,6.577423290560617e-85
1.0,220,2.6965386663743173e-49,4.0812924123776336e-85,2.4961308781840354e-85
1.0,221,1.6355333762566393e-49,1.5489799746529865e-85,9.471509035311186e-86
1.0,222,9.9200113768297e-50,5.878057487773845e-86,3.59345154753709e-86
1.0,223,6.016791044745348e-50,2.2302950487370226e-86,1.3631564987995655e-86
1.0,224,3.6493682417224603e-50,8.461196866826823e-87,5.1703681211703975e-87
1.0,225,2.213453727186257e-50,3.2095399422311234e-87,1.960828178938653e-87
1.0,226,1.342527549393668e-50,1.217294850288571e-87,7.435333286501851e-88
1.0,227,8.142841202161264e-51,4.616271071717537e-88,2.819062214783393e-88
1.0,228,4.938882846282085e-51,1.750369900033322e-88,1.0686923147503856e-88
1.0,229,2.995583870998881e-51,6.63608400688024e-89,4.050839140625274e-89
1.0,230,1.816913461501476e-51,2.515578667897397e-89,1.53526047272925e-89
1.0,231,1.1020137204452545e-51,9.53472998040123e-90,5.8178747468909005e-90
1.0,232,6.684051088740338e-52,3.6134648350080165e-90,2.2044099118837172e-90
1.0,233,4.0540819164066225e-52,1.3692560592565564e-90,8.351538526269617e-91
1.0,234,2.458924979287166e-52,5.187897354270021e-91,3.16364117200052e-91
1.0,235,1.4914133898709182e-52,1.965370334678609e-91,1.1982708373218684e-91
1.0,236,9.04587947262663e-53,7.444648293270127e-92,4.5380600799469624e-92
1.0,237,5.486603244213199e-53,2.819623903538879e-92,1.718436176408553e-92
1.0,238,3.3277930852941064e-53,1.0677899502398779e-92,6.506462261686338e-93
1.0,239,2.0184085354105741e-53,4.043230990165732e-93,2.463231271520855e-93
1.0,240,1.2242266605521857e-53,1.530804685940678e-93,9.324265855803701e-94
0.5,0,0.023968650821013612,0.0005744962221796765,0.9994255037778204
0.5,1,0.01866680402857047,0.0027875965811284395,0.9966379071966919
0.5,2,0.01453772159489114,0.007608432570140302,0.9890294746265516
0.5,3,0.01132198896217529,0.01538249208715431,0.9736469825393973
0.5,4,0.00881757386966792,0.02565737095252668,0.9479896115868707
0.5,5,0.006867133434487333,0.037348757112786686,0.910640854474084
0.5,6,0.005348128896234561,0.04908186029730819,0.8615589941767757
0.5,7,0.004165126972354285,0.059539306212099505,0.8020196879646762
0.5,8,0.003243804147661347,0.06771077751685704,0.7343089104478192
0.5,9,0.002526277210328928,0.07301095565680862,0.6612979547910107
0.5,10,0.001967466669659613,0.07528175127131559,0.5860162035196951
0.5,11,0.0015322645829977956,0.07471749315749447,0.5112987103622004
0.5,12,0.001193328857111263,0.07175421316007473,0.43954449720212563
0.5,13,0.0009293654483799561,0.06695558499252492,0.37258891220960094
0.5,14,0.0007237905389578172,0.060915922705442334,0.31167298950415884
0.5,15,0.0005636886385200221,0.05418948301878572,0.2574835064853733
0.5,16,0.0004390011530878473,0.04724715039700137,0.210236356088372
0.5,17,0.00034189444179406523,0.04045672277623788,0.16977963331213392
0.5,18,0.00026626765899697883,0.03408089271567062,0.1356987405964635
0.5,19,0.00020736946133343692,0.028286777100168782,0.10741196349629464
0.5,20,0.00016149949887157608,0.02316167672720779,0.08425028676908661
0.5,21,0.00012577593618682292,0.018731022753872232,0.0655192640152143
0.5,22,9.795439759383674e-05,0.014975784002361468,0.05054348001285264
0.5,23,7.628696155136779e-05,0.011847746283477725,0.03869573372937482
0.5,24,5.9412345394343395e-05,0.00928194426884152,0.02941378946053328
0.5,25,4.627038111722341e-05,0.007206123239419245,0.02220766622111396
0.5,26,3.603540904710593e-05,0.005547470943015177,0.01666019527809884
0.5,27,2.806440478418449e-05,0.004237043746937886,0.012423151531160945
0.5,28,2.1856580422355763e-05,0.003212371173826857,0.009210780357334032
0.5,29,1.7021921948193802e-05,0.00241870544354867,0.006792074913785378
0.5,30,1.3256686142633668e-05,0.0018093234436021843,0.004982751470183182
0.5,31,1.0324317548814942e-05,0.0013452124319838425,0.003637539038199318
0.5,32,8.040586591694925e-06,0.0009943934615364827,0.002643145576662831
0.5,33,6.262015133965446e-06,0.0007310668148359432,0.0019120787618268867
0.5,34,4.876862289937277e-06,0.0005347056452163192,0.0013773731166105692
0.5,35,3.798104170334556e-06,0.0003891784412941523,0.0009881946753164219
0.5,36,2.957966502043321e-06,0.00028194700666653007,0.0007062476686498895
0.5,37,2.3036666280903226e-06,0.000203362653354811,0.0005028850152950793
0.5,38,1.7940973738922063e-06,0.00014606725772393358,0.0003568177575711527
0.5,39,1.397244439693601e-06,0.00010449580586478348,0.00025232195170636846
0.5,40,1.088175063775543e-06,7.447139433033623e-05,0.00017785055737603268
0.5,41,8.474715917871687e-07,5.288099582388082e-05,0.00012496956155215184
0.5,42,6.60011539314617e-07,3.7419602830538785e-05,8.754995872161246e-05
0.5,43,5.14017503654387e-07,2.6390856268594972e-05,6.115910245301739e-05
0.5,44,4.0031723435844534e-07,1.8553409922991127e-05,4.260569253002681e-05
0.5,45,3.117673755953363e-07,1.300371159881177e-05,2.9601980931214803e-05
0.5,46,2.428046762497647e-07,9.087368218722841e-06,2.0514612712492312e-05
0.5,47,1.890964719967157e-07,6.3326689744826e-06,1.4181943738009717e-05
0.5,48,1.4726848046708217e-07,4.401097583248199e-06,9.780846154761677e-06
0.5,49,1.1469280790949948e-07,3.050743566431083e-06,6.730102588330694e-06
0.5,50,8.932284861257641e-08,2.109421239076067e-06,4.620681349254634e-06
0.5,51,6.956470444564306e-08,1.4550365104592286e-06,3.165644838795393e-06
0.5,52,5.417704629639766e-08,1.001325596559471e-06,2.1643192422358956e-06
0.5,53,4.2193126080130256e-08,6.875486883038318e-07,1.4767705539320704e-06
0.5,54,3.286003963143596e-08,4.71077424622038e-07,1.005693129310034e-06
0.5,55,2.559142459671972e-08,3.220876340030376e-07,6.836054953069906e-07
0.5,56,1.9930621515838128e-08,2.1977552827928432e-07,4.638299670277001e-07
0.5,57,1.5521983643634525e-08,1.4967084480665968e-07,3.141591222210412e-07
0.5,58,1.2088533016484106e-08,1.0173615785553915e-07,2.1242296436549892e-07
0.5,59,9.414558979422356e-09,6.902716152694239e-08,1.4339580283855758e-07
0.5,60,7.332065905446056e-09,4.6751583631245266e-08,9.664421920731155e-08
0.5,61,5.710218668692538e-09,3.161026692865514e-08,6.503395227865647e-08
0.5,62,4.447122770686704e-09,2.1337243995502648e-08,4.369670828315419e-08
0.5,63,3.46342269622548e-09,1.4379658530046207e-08,2.9317049753108143e-08
0.5,64,2.6973163079276804e-09,9.675640125026088e-09,1.9641409628082267e-08
0.5,65,2.100672052805348e-09,6.500572491515871e-09,1.3140837136566471e-08
0.5,66,1.6360050397010206e-09,4.360971910463625e-09,8.779865226103027e-09
0.5,67,1.2741220060279196e-09,2.9214130532577812e-09,5.8584521728450754e-09
0.5,68,9.92287216023053e-10,1.954330793917925e-09,3.904121378927088e-09
0.5,69,7.727940608704981e-10,1.3056156155886084e-09,2.5985057633384473e-09
0.5,70,6.018526197588748e-10,8.710854907195106e-10,1.7274202726189431e-09
0.5,71,4.687232915617881e-10,5.804299221615639e-10,1.1469903504573673e-09
0.5,72,3.6504206651212706e-10,3.8627548534501086e-10,7.607148651123198e-10
0.5,73,2.842950472536484e-10,2.567538903640045e-10,5.039609747483203e-10
0.5,74,2.214092054244634e-10,1.7046023820281576e-10,3.3350073654552034e-10
0.5,75,1.7243366256378966e-10,1.1303903440023879e-10,2.2046170214529114e-10
0.5,76,1.342914714325498e-10,7.48765280127357e-11,1.4558517413255234e-10
0.5,77,1.0458630311148097e-10,4.954353810824471e-11,9.604163602430724e-11
0.5,78,8.145189476176467e-11,3.274644054525464e-11,6.329519547905329e-11
0.5,79,6.343479942311199e-11,2.162161944424303e-11,4.167357603481033e-11
0.5,80,4.940307146469712e-11,1.4261665427308815e-11,2.7411910607500573e-11
0.5,81,3.8475150742838696e-11,9.397680073332823e-12,1.801423053416749e-11
0.5,82,2.996447752731312e-11,6.186564846628073e-12,1.1827665687538446e-11
0.5,83,2.333635856259697e-11,4.068803773497365e-12,7.75886191404109e-12
0.5,84,1.8174374322585606e-11,2.6735087567291976e-12,5.085353157312099e-12
0.5,85,1.4154216954262501e-11,1.7551056794931466e-12,3.3302474778191212e-12
0.5,86,1.1023315247742192e-11,1.151172822387081e-12,2.1790746554320448e-12
0.5,87,8.584966546984578e-12,7.544003617486294e-13,1.4246742936833704e-12
0.5,88,6.685978669433403e-12,4.939643200499166e-13,9.30709973633451e-13
0.5,89,5.207045423353444e-12,3.2316890417732474e-13,6.075410694561421e-13
0.5,90,4.055251053196037e-12,2.1125721465532933e-13,3.962838548008158e-13
0.5,91,3.1582326957802127e-12,1.3799043760271042e-13,2.5829341719810204e-13
0.5,92,2.4596340965953436e-12,9.006356178442477e-14,1.6822985541367062e-13
0.5,93,1.915564960497581e-12,5.873796940341715e-14,1.0949188601025053e-13
0.5,94,1.491843491259661e-12,3.827940758059433e-14,7.121247842965343e-14
0.5,95,1.1618488792130026e-12,2.492840738940435e-14,4.628407104024955e-14
0.5,96,9.048488169417204e-13,1.622233195923376e-14,3.006173908101534e-14
0.5,97,7.046969671954462e-13,1.054939729229163e-14,1.9512341788722427e-14
0.5,98,5.488185498798576e-13,6.855570963498281e-15,1.265677082522412e-14
0.5,99,4.2742031641054596e-13,4.452122038332397e-15,8.204648786891546e-15
0.5,100,3.3287527712116083e-13,2.8893729132232148e-15,5.315275873668365e-15
0.5,101,2.59243526487071e-13,1.873953188069411e-15,3.4413226855989442e-15
0.5,102,2.0189906143432335e-13,1.2146127148422776e-15,2.22670997075672e-15
0.5,103,1.572391471464327e-13,7.867668314092232e-16,1.4399431393475277e-15
0.5,104,1.2245797092712166e-13,5.093173152664104e-16,9.30625824081138e-16
0.5,105,9.537036365137766e-14,3.2951100504706913e-16,6.011148190341082e-16
0.5,106,7.427451389349758e-14,2.1305673190504483e-16,3.8805808712907483e-16
0.5,107,5.784504958250384e-14,1.376794409166155e-16,2.5037864621245952e-16
0.5,108,4.504976991165824e-14,8.891928004373138e-17,1.614593661687333e-16
0.5,109,3.508479608438605e-14,5.739580983474171e-17,1.0406355633399136e-16
0.5,110,2.7324066664420417e-14,3.702764775677635e-17,6.703590857721498e-17
0.5,111,2.128000451494589e-14,2.387469934540676e-17,4.316120923181043e-17
0.5,112,1.657288418000289e-14,1.538578321593329e-17,2.777542601587589e-17
0.5,113,1.2906975177137949e-14,9.910034595564175e-18,1.7865391420311633e-17
0.5,114,1.005196237503822e-14,6.379820336348614e-18,1.1485571083963075e-17
0.5,115,7.828476169084064e-15,4.105094867558983e-18,7.380476216403637e-18
0.5,116,6.0968233707385e-15,2.6401164265435905e-18,4.740359789859982e-18
0.5,117,4.748210815379186e-15,1.697116522912793e-18,3.0432432669471564e-18
0.5,118,3.697910301205424e-15,1.0904165299274593e-18,1.9528267370196926e-18
0.5,119,2.8799354383065993e-15,7.002752370971915e-19,1.2525514999224932e-18
0.5,120,2.242895974548269e-15,4.495148082933071e-19,8.030366916291845e-19
0.5,121,1.7467691413258935e-15,2.884173363038449e-19,5.146193553253284e-19
0.5,122,1.3603851751095715e-15,1.849711515300223e-19,3.296482037953203e-19
0.5,123,1.0594690396540644e-15,1.1857550970315858e-19,2.1107269409215614e-19
0.5,124,8.251153177224947e-16,7.597966418152001e-20,1.3509302991063303e-19
0.5,125,6.426004555664899e-16,4.8664699607849954e-20,8.642833030278668e-20
0.5,126,5.004577379972238e-16,3.115644526663796e-20,5.52718850361523e-20
0.5,127,3.8975687824638185e-16,1.9938924932686863e-20,3.5332960103468124e-20
0.5,128,3.0354296198574844e-16,1.2754936364114733e-20,2.2578023739354712e-20
0.5,129,2.363994964903146e-16,8.156057020019428e-21,1.442196671933534e-20
0.5,130,1.8410811298434281e-16,5.213270110506975e-21,9.208696608828805e-21
0.5,131,1.4338354256200486e-16,3.330970427444485e-21,5.877726181384346e-21
0.5,132,1.116672152268415e-16,2.1274747047489707e-21,3.750251476634944e-21
0.5,133,8.696651466206726e-17,1.3582933012563881e-21,2.3919581753785287e-21
0.5,134,6.772958971980879e-17,8.668832912335028e-22,1.5250748841449683e-21
0.5,135,5.274785751089206e-17,5.530545468344002e-22,9.720203373104759e-22
0.5,136,4.1080072734821624e-17,3.5271006689888547e-22,6.193102704115842e-22
0.5,137,3.199319281450935e-17,2.2486017238785966e-22,3.9445009802370157e-22
0.5,138,2.4916323616894325e-17,1.4330264754870268e-22,2.511474504750039e-22
0.5,139,1.9404852344097838e-17,9.129458709364689e-23,1.59852863381359e-22
0.5,140,1.5112514200968383e-17,5.81416144449998e-23,1.0171124893635293e-22
0.5,141,1.1769637893891904e-17,3.701540015163575e-23,6.469584878471539e-23
0.5,142,9.166203208229895e-18,2.3557713281349154e-23,4.113813550336702e-23
0.5,143,7.138646236361066e-18,1.4987911235515836e-23,2.6150224267852345e-23
0.5,144,5.559583278947736e-18,9.532533202070934e-24,1.661769106578251e-23
0.5,145,4.329807811195185e-18,6.060893759111578e-24,1.0556797306671014e-23
0.5,146,3.372057713907495e-18,3.852370117772976e-24,6.704427188898421e-24
0.5,147,2.6261611881531286e-18,2.447846331322915e-24,4.256580857575726e-24
0.5,148,2.0452563898053874e-18,1.5549158566411835e-24,2.701665000934461e-24
0.5,149,1.5928472779622303e-18,9.874110462475264e-25,1.7142539546868334e-24
0.5,150,1.2405107073901406e-18,6.268435100415307e-25,1.087410444645272e-24
0.5,151,9.661107103239039e-19,3.9782496432955247e-25,6.895854803156672e-25
0.5,152,7.524077777339276e-19,2.524052174495413e-25,4.371802628661054e-25
0.5,153,5.859757664881983e-19,1.6009568946883373e-25,2.7708457339724937e-25
0.5,154,4.563583858018756e-19,1.015167143393461e-25,1.755678590578874e-25
0.5,155,3.5541226822370293e-19,6.435371583650441e-26,1.1121414322138298e-25
0.5,156,2.7679535280580407e-19,4.078396013184828e-26,7.043018308953863e-26
0.5,157,2.1556843751568599e-19,2.5839633427333304e-26,4.4590549662203287e-26
0.5,158,1.6788486794269545e-19,1.6366882500338245e-26,2.8223667161865527e-26
0.5,159,1.3074886661961061e-19,1.0364054482398963e-26,1.785961267946769e-26
0.5,160,1.0182731970905141e-19,6.561134412616266e-27,1.1298478266851601e-26
0.5,161,7.930319632747153e-20,4.1525521917364074e-27,7.145926075115291e-27
0.5,162,6.17613913999002e-20,2.6274807854216423e-27,4.518445289693687e-27
0.5,163,4.8099819985821806e-20,1.6620865104779264e-27,2.8563587792158617e-27
0.5,164,3.7460177470551634e-20,1.0511353605891517e-27,1.805223418626662e-27
0.5,165,2.9174015548059404e-20,6.645932222868858e-28,1.140630196339773e-27
0.5,166,2.272074615416601e-20,4.2009419663177035e-28,7.205359997079749e-28
0.5,167,1.7694934896831098e-20,2.6548025017406555e-28,4.550557495339104e-28
0.5,168,1.3780829154049588e-20,1.677311575820088e-28,2.873245919518787e-28
0.5,169,1.0732520536547066e-20,1.0594792769593356e-28,1.8137666425592357e-28
0.5,170,8.358495398192788e-21,6.690669392392056e-29,1.1446997033199005e-28
0.5,171,6.509602761411278e-21,4.224217014308638e-29,7.222780018890422e-29
0.5,172,5.069683728070883e-21,2.6663893413368533e-29,4.5563906775534055e-29
0.5,173,3.948273657345963e-21,1.6826846215337242e-29,2.873706056019662e-29
0.5,174,3.074918616121235e-21,1.0616584267772945e-29,1.81204762924221e-29
0.5,175,2.3947490261160588e-21,6.696855214222762e-30,1.142362107820093e-29
0.5,176,1.8650324167986708e-21,4.223398784250388e-30,7.20022229395136e-30
0.5,177,1.4524887066563592e-21,2.6629278901391327e-30,4.5372944038121564e-30
0.5,178,1.1311993421463446e-21,1.6786644429499394e-30,2.8586299608623777e-30
0.5,179,8.809789334734314e-22,1.0579778216504978e-30,1.8006521392119013e-30
0.5,180,6.861070832585195e-22,6.666508300318625e-31,1.1340013091799642e-30
0.5,181,5.343407337125725e-22,4.199817874840217e-31,7.140195216959742e-31
0.5,182,4.161449818423005e-22,2.6452920873107457e-31,4.494903129648667e-31
0.5,183,3.240940377300192e-22,1.665823188094862e-31,2.8290799415536666e-31
0.5,184,2.5240469037291237e-22,1.0488109343087952e-31,1.7802690072448953e-31
0.5,185,1.9657297051331965e-22,6.602059982529588e-32,1.1200630089917962e-31
0.5,186,1.5309118336644553e-22,4.155053208369285e-32,7.045576881548539e-32
0.5,187,1.192275334871158e-22,2.6145049718770207e-32,4.4310719096715367e-32
0.5,188,9.285449644343793e-23,1.6448223295521629e-32,2.7862495801192457e-32
0.5,189,7.231515454185044e-23,1.0345846234922889e-32,1.7516649566268074e-32
0.5,190,5.631909898512278e-23,6.506259840022602e-33,1.1010389726245074e-32
0.5,191,4.386135839148959e-23,4.090872892461462e-33,6.919516833783665e-33
0.5,192,3.4159260261867626e-23,2.5717017032225807e-33,4.347815130560932e-33
0.5,193,2.660325864108243e-23,1.6163895654297567e-33,2.7314255651311004e-33
0.5,194,2.0718638661926116e-23,1.0157647202269606e-33,1.715660844904157e-33
0.5,195,1.6135692014081542e-23,6.382085849546334e-34,1.0774522599495025e-33
0.5,196,1.2566489575965718e-23,4.009178267120437e-34,6.765344332374463e-34
0.5,197,9.786791922220749e-24,2.518094751317266e-34,4.24724958105728e-34
0.5,198,7.621961212782418e-24,1.5812971843472228e-34,2.6659523967100925e-34
0.5,199,5.935989361054822e-24,9.928425941272837e-35,1.6731098025829127e-34
0.5,200,4.622953162693024e-24,6.232661051829685e-35,1.0498436973999147e-34
0.5,201,3.6003595432077545e-24,3.911952259017499e-35,6.586484714981304e-35
0.5,202,2.8039628315888048e-24,2.4549419195304785e-35,4.1315427954509956e-35
0.5,203,2.183728448944475e-24,1.540342284837007e-35,2.591200510614184e-35
0.5,204,1.7006894260532614e-24,9.663229288495407e-36,1.6248775817645482e-35
0.5,205,1.3244982567715382e-24,6.061178073584473e-36,1.0187597744060589e-35
0.5,206,1.0315202795503846e-24,3.801212822738883e-36,6.386384921321111e-36
0.5,207,8.03348801467874e-25,2.383517651748551e-36,4.002867269572131e-36
0.5,208,6.256486756626548e-25,1.4943291094071317e-36,2.5085381601649996e-36
0.5,209,4.87255678533663e-25,9.367128556946976e-37,1.5718253044702438e-36
0.5,210,3.7947510399800547e-25,5.870832352033537e-37,9.847420692668708e-37
0.5,211,2.9553550814974946e-25,3.678971946255987e-37,6.1684487464127814e-37
0.5,212,2.301632851724304e-25,2.305087889982603e-37,3.8633608564302976e-37
0.5,213,1.7925134672657586e-25,1.4440536398753898e-37,2.419307216554854e-37
0.5,214,1.396010891972612e-25,9.045125248354016e-38,1.514794691719565e-37
0.5,215,1.0872143758444805e-25,5.664764484013251e-38,9.483182433182401e-38
0.5,216,8.467234072741702e-26,3.5472004385733734e-38,5.935981994608462e-38
0.5,217,6.594288526300118e-26,2.2208885905969904e-38,3.7150934040110997e-38
0.5,218,5.1356370680813124e-26,1.3902905043611534e-38,2.3248028996499194e-38
0.5,219,3.9996381701922594e-26,8.702071351476735e-39,1.4545957645022401e-38
0.5,220,3.114921338948013e-26,5.446011766514354e-39,9.099945878509575e-39
0.5,221,2.4259031779785415e-26,3.4077985021560684e-39,5.6921473763537426e-39
0.5,222,1.8892952946650978e-26,2.1321078769044137e-39,3.5600394994492855e-39
0.5,223,1.4713846549382988e-26,1.3337821674714495e-39,2.2262573319775675e-39
0.5,224,1.1459155214651959e-26,8.342603960106649e-40,1.3919969359670755e-39
0.5,225,8.924399054507718e-27,5.217468708467242e-40,8.702500651202624e-40
0.5,226,6.950328972092316e-27,3.2625719199210926e-40,5.439928731281883e-40
0.5,227,5.412921646069369e-27,2.0398717020003825e-40,3.40005702928114e-40
0.5,228,4.215587616662982e-27,1.275230312933401e-40,2.124826716347999e-40
0.5,229,3.2831029369632475e-27,7.971093571416025e-41,1.3277173592066139e-40
0.5,230,2.5568831382110066e-27,4.981856070753631e-41,8.29531752131534e-41
0.5,231,1.991302590260803e-27,3.1132135537066035e-41,5.182103967608691e-41
0.5,232,1.55082801662723e-27,1.9452328166508637e-41,3.2368711509583203e-41
0.5,233,1.2077860737583605e-27,1.215289280938165e-41,2.0215818700200062e-41
0.5,234,9.406247400257487e-28,7.591605147160466e-42,1.262421355304113e-41
0.5,235,7.325592841083898e-28,4.741697826896006e-42,7.882515726145132e-42
0.5,236,5.705177441098417e-28,2.961289754230626e-42,4.921225971913943e-42
0.5,237,4.44319665868876e-28,1.8491627801232293e-42,3.072063191791066e-42
0.5,238,3.460365037127056e-28,1.1545613892070161e-42,1.917501802584032e-42
0.5,239,2.6949350006274627e-28,7.20787082612285e-43,1.196714719971809e-42
0.5,240,2.098817488815205e-28,4.4993053245047016e-43,7.467841875214066e-43
0.25,0,0.0023940561975645614,5.731505077097283e-06,0.9999942684949229
0.25,1,0.0021127471789641797,3.5709605137768785e-05,0.9999585588897851
0.25,2,0.0018644928413802304,0.00012514800800009232,0.999833410881785
0.25,3,0.0016454091574092048,0.0003248845554343283,0.9995085263263507
0.25,4,0.001452068484897952,0.0006958059519951653,0.9988127203743555
0.25,5,0.0012814459402631492,0.0013005461286709915,0.9975121742456846
0.25,6,0.0011308720731118334,0.002194543744097137,0.9953176305015874
0.25,7,0.000997991101740613,0.0034182247727746183,0.9918994057288127
0.25,8,0.000880724056093079,0.00499146774328301,0.9869079379855298
0.25,9,0.0007772362515338836,0.006910860421590197,0.9799970775639396
0.25,10,0.0006859085845551138,0.009149711963653745,0.9708473656002858
0.25,11,0.0006053122013260719,0.011660404650825792,0.95918696094946
0.25,12,0.0005341861427669215,0.01437845943223825,0.9448085015172217
0.25,13,0.0004714176163954208,0.01722762379259633,0.9275808777246255
0.25,14,0.0004160245862927718,0.020125330350200442,0.907455547374425
0.25,15,0.0003671404088024088,0.022987980453249988,0.8844675669211751
0.25,16,0.00032400027358176793,0.025735644693692977,0.8587319222274822
0.25,17,0.0002859292378724717,0.02829591563335832,0.8304360065941239
0.25,18,0.00025233166678083026,0.030606779518030626,0.7998292270760934
0.25,19,0.00022268191435809097,0.03261848317128072,0.7672107439048126
0.25,20,0.00019651609968262342,0.034294455319132854,0.7329162885856795
0.25,21,0.00017342484927792073,0.03561139821006418,0.6973048903756153
0.25,22,0.00015304689231896535,0.036558698161622466,0.6607461922139923
0.25,23,0.00013506340842168505,0.037137316638707965,0.6236088755752842
0.25,24,0.00011919303958465521,0.037358321235887365,0.5862505543393965
0.25,25,0.0001051874882431013,0.03724120298590959,0.5490093513534866
0.25,26,9.282763256519042e-05,0.036812106753165146,0.5121972446003218
0.25,27,8.192009821304147e-05,0.03610207841628413,0.4760951661840377
0.25,28,7.229423293243495e-05,0.035145408676383647,0.4409497575076536
0.25,29,6.37994366376031e-05,0.03397813050852356,0.40697162699913036
0.25,30,5.630280521932688e-05,0.0326367067317195,0.37433492026741055
0.25,31,4.968705121287977e-05,0.031156926608461984,0.3431779936589482
0.25,32,4.3848668793928554e-05,0.02957301608718686,0.3136049775717613
0.25,33,3.869631439309976e-05,0.02791695525634475,0.28568802231541635
0.25,34,3.414937759335024e-05,0.02621798856467766,0.25947003375073885
0.25,35,3.0136719951323368e-05,0.024502308029673986,0.23496772572106503
0.25,36,2.659556201110225e-05,0.022792886590676624,0.21217483913038832
0.25,37,2.3470501097294268e-05,0.021109437532761698,0.19106540159762667
0.25,38,2.071264452047054e-05,0.019468476095580525,0.17159692550204697
0.25,39,1.8278844633651045e-05,0.017883460607908602,0.15371346489413834
0.25,40,1.61310237720221e-05,0.01636499242242253,0.13734847247171592
0.25,41,1.423557851432798e-05,0.014921056289022712,0.12242741618269318
0.25,42,1.256285394539426e-05,0.013557285375833708,0.10887013080685931
0.25,43,1.1086679694433097e-05,0.012277237752351112,0.09659289305450815
0.25,44,9.783960490284736e-06,0.011082673662494151,0.08551021939201431
0.25,45,8.63431482768634e-06,0.009973825248833213,0.07553639414318097
0.25,46,7.619756091373439e-06,0.008949652487880051,0.06658674165530126
0.25,47,6.724411149087164e-06,0.00800808093089349,0.05857866072440781
0.25,48,5.934272010774742e-06,0.0071462184061116445,0.05143244231829644
0.25,49,5.236976668603168e-06,0.00636054913220459,0.045071893186092074
0.25,50,4.62161568895009e-06,0.005647104735214423,0.039424788450877685
0.25,51,4.078561530434825e-06,0.005001612474755457,0.03442317597612219
0.25,52,3.5993179176094195e-06,0.004419621596261385,0.030003554379860693
0.25,53,3.176386913707549e-06,0.00389660916231825,0.02610694521754249
0.25,54,2.8031516127571546e-06,0.003428067005243247,0.022678878212299258
0.25,55,2.473772615733202e-06,0.003009571611317946,0.019669306600981266
0.25,56,2.1830966710831437e-06,0.0026368388185543444,0.01703246778242685
0.25,57,1.9265760502736154e-06,0.002305765206145426,0.014726702576281447
0.25,58,1.7001973969601291e-06,0.0020124579935881302,0.012714244582693261
0.25,59,1.5004189365997058e-06,0.0017532551668833513,0.01096098941580994
0.25,60,1.324115064128513e-06,0.001524737421530181,0.009436251994279742
0.25,61,1.1685274427590156e-06,0.001323733368112919,0.008112518626166828
0.25,62,1.0312218488199292e-06,0.001147319294722955,0.006965199331443895
0.25,63,9.100500874611476e-07,0.0009928146279590722,0.0059723847034848345
0.25,64,8.031163833813029e-07,0.0008577740857601366,0.005114610617724719
0.25,65,7.087477207489422e-07,0.0007399773744240152,0.004374633243300714
0.25,66,6.254676682748333e-07,0.0006374171512413485,0.0037372160920593938
0.25,67,5.519732799193496e-07,0.0005482858546747678,0.0031889302373845946
0.25,68,4.871147098382858e-07,0.00047096189665554527,0.002717968340729035
0.25,69,4.298772226356812e-07,0.0004039956164829319,0.0023139727242460937
0.25,70,3.7936531746765715e-07,0.0003460953127217659,0.001967877411524332
0.25,71,3.347887176132292e-07,0.00029611359780385376,0.0016717638137204727
0.25,72,2.9545000631394353e-07,0.0002530342589717985,0.00141872955474865
0.25,73,2.607337154406543e-07,0.00021595975784235842,0.0012027697969062968
0.25,74,2.300966962757507e-07,0.00018409945824437443,0.0010186703386619394
0.25,75,2.030596217582984e-07,0.00015675863711982145,0.0008619117015421317
0.25,76,1.791994872416979e-07,0.00013332830520256485,0.0007285833963395617
0.25,77,1.5814299243554607e-07,0.00011327584199710298,0.0006153075543424581
0.25,78,1.3956070098982853e-07,9.613643241391812e-05,0.000519171121928542
0.25,79,1.2316188634605855e-07,8.150527950285876e-05,0.0004376658424256837
0.25,80,1.0868998321687266e-07,6.903055835763714e-05,0.00036863528406804195
0.25,81,9.591857353086177e-08,5.8407069822483744e-05,0.0003102282142455565
0.25,82,8.464784404131826e-08,4.9370548568340374e-05,0.00026085766567720837
0.25,83,7.470146017692727e-08,4.16925779483433e-05,0.00021916508772886514
0.25,84,6.592380722468482e-08,3.517606338397431e-05,0.0001839890243448935
0.25,85,5.817755568236832e-08,2.9651216531887497e-05,0.0001543378078130088
0.25,86,5.134151268963287e-08,2.497200384682325e-05,0.00012936580396618564
0.25,87,4.5308725922608715e-08,2.101301515140327e-05,0.00010835278881478108
0.25,88,3.9984810286756555e-08,1.766671025213044e-05,9.068607856265048e-05
0.25,89,3.528647122849533e-08,1.4841004345516113e-05,7.584507421713511e-05
0.25,90,3.114020156228757e-08,1.2457155812975613e-05,6.338791840415964e-05
0.25,91,2.748113142457876e-08,1.0447922909832733e-05,5.293999549432662e-05
0.25,92,2.4252013361710943e-08,8.755958737185363e-06,4.4184036757140594e-05
0.25,93,2.140232667315013e-08,7.332416689312933e-06,3.685162006782728e-05
0.25,94,1.8887486997158656e-08,6.135741253230911e-06,3.071587881459593e-05
0.25,95,1.6668148772599336e-08,5.130621573257886e-06,2.558525724133812e-05
0.25,96,1.4709589663638138e-08,4.287087564440609e-06,2.1298169676897385e-05
0.25,97,1.2981167316451038e-08,3.579730555023692e-06,1.771843912187326e-05
0.25,98,1.1455839948700424e-08,2.9870324565400864e-06,1.4731406665333154e-05
0.25,99,1.0109743271232996e-08,2.4907893022079e-06,1.2240617363125148e-05
0.25,100,8.921817122788574e-09,2.075616665157275e-06,1.0165000697967896e-05
0.25,101,7.873475976287124e-09,1.7285259751633244e-06,8.436474722804563e-06
0.25,102,6.9483181616476105e-09,1.438562105380406e-06,6.997912617424217e-06
0.25,103,6.131869255826306e-09,1.1964938093046746e-06,5.801418808119587e-06
0.25,104,5.4113556253204225e-09,9.945496637937423e-07,4.806869144325884e-06
0.25,105,4.775504578129e-09,8.261931274304314e-07,3.9806760168955485e-06
0.25,106,4.2143679984773975e-09,6.859311657645477e-07,3.2947448511310357e-06
0.25,107,3.7191667050079436e-09,5.691516365371503e-07,2.7255932145938852e-06
0.25,108,3.2821530973652664e-09,4.719852789395911e-07,2.2536079356543202e-06
0.25,109,2.8964899422332834e-09,3.9118872074322526e-07,1.8624192149110934e-06
0.25,110,2.5561434023883063e-09,3.2404541453720463e-07,1.5383738003738863e-06
0.25,111,2.255788635169729e-09,2.682818474404597e-07,1.270091952933452e-06
0.25,112,1.990726483422818e-09,2.219967449248389e-07,1.0480952080085946e-06
0.25,113,1.7568099555137608e-09,1.836013155257842e-07,8.644938924828085e-07
0.25,114,1.5503793441706748e-09,1.5176886530557095e-07,7.127250271772374e-07
0.25,115,1.3682049690617568e-09,1.2539235443296023e-07,5.873326727442625e-07
0.25,116,1.2074366472978525e-09,1.0354867801981466e-07,4.837839947244441e-07
0.25,117,1.0655591013074834e-09,8.546863375600221e-08,3.9831536096843954e-07
0.25,118,9.403526064246793e-10,7.051169374705357e-08,3.2780366722138506e-07
0.25,119,8.298582625071306e-10,5.814483067683116e-08,2.6965883654455267e-07
0.25,120,7.323473462467768e-10,4.7924761976326426e-08,2.2173407456822562e-07
0.25,121,6.462942646788287e-10,3.948307269360393e-08,1.822510018746198e-07
0.25,122,5.70352686737255e-10,3.251376051810097e-08,1.4973724135652105e-07
0.25,123,5.033344794264296e-10,2.6762816908713073e-08,1.2297442444780647e-07
0.25,124,4.441911190578539e-10,2.2019518244411506e-08,1.0095490620339384e-07
0.25,125,3.919972867241413e-10,1.8109151862494616e-08,8.284575434090041e-08
0.25,126,3.459363913556203e-10,1.4886945076340937e-08,6.795880926456106e-08
0.25,127,3.0528779386262727e-10,1.2233001895444126e-08,5.5725807369118456e-08
0.25,128,2.6941553248065306e-10,1.0048083175707431e-08,4.567772419341197e-08
0.25,129,2.377583729223558e-10,8.250092141104854e-09,3.7427632052307095e-08
0.25,130,2.0982102766753208e-10,6.771149354822115e-09,3.0656482697485503e-08
0.25,131,1.8516640701371377e-10,5.555159892643761e-09,2.5101322804841728e-08
0.25,132,1.6340878065232091e-10,4.555791208729471e-09,2.054553159611129e-08
0.25,133,1.4420774278079875e-10,3.734793432493665e-09,1.6810738163617516e-08
0.25,134,1.2726288633277094e-10,3.0606049778123767e-09,1.3750133185804906e-08
0.25,135,1.123091030026458e-10,2.5071957080126174e-09,1.1242937477791847e-08
0.25,136,9.91124355318892e-11,2.0531077591328754e-09,9.189829718658913e-09
0.25,137,8.746641736450762e-11,1.6806607153147702e-09,7.509169003343958e-09
0.25,138,7.718884240434946e-11,1.3752933533976627e-09,6.133875649946329e-09
0.25,139,6.811891433592886e-11,1.1250187980182104e-09,5.008856851928132e-09
0.25,140,6.011473090888261e-11,9.19973796909847e-10,4.088883055018178e-09
0.25,141,5.305106382679534e-11,7.520460594958411e-10,3.3368369955222944e-09
0.25,142,4.681739950596456e-11,6.14566302437568e-10,2.7222706930847392e-09
0.25,143,4.1316210051079297e-11,5.020538995675153e-10,2.220216793517259e-09
0.25,144,3.6461427396612003e-11,4.100069131195447e-10,1.8102098803977576e-09
0.25,145,3.2177096741323203e-11,3.3472884938157257e-10,1.4754810310161866e-09
0.25,146,2.8396188208382603e-11,2.7318578611159044e-10,1.2022952449046204e-09
0.25,147,2.505954813910686e-11,2.228886043451905e-10,9.794066405594478e-10
0.25,148,2.2114973612931363e-11,1.8179595971799904e-10,7.976106808414379e-10
0.25,149,1.951639571415199e-11,1.4823437840848132e-10,6.493763024329402e-10
0.25,150,1.7223158767354404e-11,1.2083248564849082e-10,5.285438167844418e-10
0.25,151,1.519938426491298e-11,9.846689166935877e-11,4.300769251150694e-10
0.25,152,1.3413409534978742e-11,8.021768869641125e-11,3.498592364186509e-10
0.25,153,1.1837292367717418e-11,6.533186799784544e-11,2.845273684207956e-10
0.25,154,1.0446373849498892e-11,5.3193260408795076e-11,2.3133410801199167e-10
0.25,155,9.218892565423489e-12,4.329784750581007e-11,1.8803626050618128e-10
0.25,156,8.135644134246384e-12,3.523349230437183e-11,1.5280276820181248e-10
0.25,157,7.179680749002965e-12,2.866330515353353e-11,1.241394630482764e-10
0.25,158,6.336046022541365e-12,2.331199836919737e-11,1.0082746467907947e-10
0.25,159,5.5915409895262e-12,1.8954697038314554e-11,8.187276764076687e-11
0.25,160,4.9345176039316756e-12,1.5407767460533377e-11,6.646500018023374e-11
0.25,161,4.354696501218863e-12,1.2521302292499609e-11,5.394369788773427e-11
0.25,162,3.8430061740216214e-12,1.0172965463887873e-11,4.377073242384648e-11
0.25,163,3.391441045187557e-12,8.26295269818332e-12,3.550777972566357e-11
0.25,164,2.992936217676282e-12,6.709866947819049e-12,2.8797912777844136e-11
0.25,165,2.6412569417325736e-12,5.4473438601324975e-12,2.3350568917711582e-11
0.25,166,2.330901070009057e-12,4.421291866625979e-12,1.8929277051085268e-11
0.25,167,2.0570129745141122e-12,3.587635741421239e-12,1.5341641309664012e-11
0.25,168,1.8153075785850293e-12,2.9104724216598233e-12,1.2431168888003767e-11
0.25,169,1.6020033153396302e-12,2.360564280431592e-12,1.0070604607571671e-11
0.25,170,1.4137629637174765e-12,1.914108516976612e-12,8.15649609059467e-12
0.25,171,1.2476414364694908e-12,1.5517323960184213e-12,6.604763694576251e-12
0.25,172,1.1010397032205208e-12,1.2576731541825697e-12,5.347090540393593e-12
0.25,173,9.71664127714772e-13,1.0191088480841461e-12,4.327981692309425e-12
0.25,174,8.57490583060849e-13,8.25612535488682e-13,3.502369156820612e-12
0.25,175,7.56732783546658e-13,6.687071967184983e-13,2.8336619601022673e-12
0.25,176,6.678143375641446e-13,5.415029146949908e-13,2.292159045407374e-12
0.25,177,5.893440844019411e-13,4.384012005421803e-13,1.853757844865178e-12
0.25,178,5.200943290412675e-13,3.548541105737138e-13,1.4989037342914954e-12
0.25,179,4.589816344307319e-13,2.871680592709851e-13,1.211735675020513e-12
0.25,180,4.0504987072833597e-13,2.323440814668268e-13,9.793915935536577e-13
0.25,181,3.5745525631004725e-13,1.8794780931834335e-13,7.914437842353269e-13
0.25,182,3.1545315650619934e-13,1.5200366649956122e-13,6.394401177357452e-13
0.25,183,2.7838643352725453e-13,1.229087931962934e-13,5.165313245394404e-13
0.25,184,2.456751653093745e-13,9.93630418371748e-14,4.1716828270226677e-13
0.25,185,2.1680757242748145e-13,8.03120585940378e-14,3.368562241082111e-13
0.25,186,1.913320111241377e-13,6.490101702023133e-14,2.719552070879769e-13
0.25,187,1.6884990718233287e-13,5.243702031140545e-14,2.1951818677657125e-13
0.25,188,1.4900952009010516e-13,4.23585560302542e-14,1.7715963074631326e-13
0.25,189,1.3150043993513487e-13,3.4210686850805415e-14,1.4294894389550266e-13
0.25,190,1.1604873093126816e-13,2.762490532967141e-14,1.1532403856582923e-13
0.25,191,1.0241264559571727e-13,2.2302780025123388e-14,9.302125854070594e-14
0.25,192,9.03788425237144e-14,1.8002682745305183e-14,7.501857579539953e-14
0.25,193,7.975904858635888e-14,1.4529019087492152e-14,6.048955670790657e-14
0.25,194,7.038711333055597e-14,1.1723492267847395e-14,4.876606444005925e-14
0.25,195,6.211640949608653e-14,9.458018059606128e-15,3.930804638045271e-14
0.25,196,5.4817538979972704e-14,7.628980152236355e-15,3.167906622821607e-14
0.25,197,4.837630835713623e-14,6.152573432416458e-15,2.5526492795799748e-14
0.25,198,4.269194228365e-14,4.9610300325726956e-15,2.0565462763227098e-14
0.25,199,3.7675506830641445e-14,3.999561503954724e-15,1.656590125927275e-14
0.25,200,3.324851808134584e-14,3.2238817883144747e-15,1.3342019470958094e-14
0.25,201,2.934171422231562e-14,2.5982011221090552e-15,1.074381834884878e-14
0.25,202,2.5893971917715906e-14,2.093601699561653e-15,8.650216649287252e-15
0.25,203,2.2851350012996782e-14,1.6867227341982777e-15,6.963493915089174e-15
0.25,204,2.0166245606346113e-14,1.3586962161368952e-15,5.60479769895213e-15
0.25,205,1.779664928436065e-14,1.0942857538620656e-15,4.510511945089978e-15
0.25,206,1.5705487869832632e-14,8.811898943129498e-16,3.629322050776882e-15
0.25,207,1.3860044398707232e-14,7.094786244505342e-16,2.9198434263262135e-15
0.25,208,1.2231446251544104e-14,5.711376888622054e-16,2.3487057374640037e-15
0.25,209,1.0794213431117632e-14,4.597001700226282e-16,1.889005567441341e-15
0.25,210,9.525859918798348e-15,3.699486808047475e-16,1.5190568866365776e-15
0.25,211,8.406541872794287e-15,2.976746837105338e-16,1.221382202926045e-15
0.25,212,7.418747164188663e-15,2.3948401704515445e-16,9.818981858809004e-16
0.25,213,6.5470213934547455e-15,1.9263978780152031e-16,7.892583980793711e-16
0.25,214,5.7777261008788944e-15,1.5493547610987457e-16,6.343229219695141e-16
0.25,215,5.0988253880077966e-15,1.2459246124007916e-16,5.097304607294339e-16
0.25,216,4.499697611736578e-15,1.0017728482600485e-16,4.09553175903412e-16
0.25,217,3.970969204924831e-15,8.05348623158288e-17,3.2901831358756883e-16
0.25,218,3.504368023604977e-15,6.473457850058715e-17,2.6428373508697975e-16
0.25,219,3.092593926347893e-15,5.202678966548171e-17,2.1225694542149719e-16
0.25,220,2.7292045609539476e-15,4.1807729676385816e-17,1.704492157451227e-16
0.25,221,2.4085145715616095e-15,3.359120142611399e-17,1.3685801431901068e-16
0.25,222,2.125506649232984e-15,2.6985745766967942e-17,1.0987226855204189e-16
0.25,223,1.8757530343710704e-15,2.1676231323173236e-17,8.819603722886404e-17
0.25,224,1.655346242846126e-15,1.740901173879774e-17,7.078702549006974e-17
0.25,225,1.4608379320167535e-15,1.397996114721511e-17,5.680706434285209e-17
0.25,226,1.2891849501828708e-15,1.122483138266169e-17,4.558223296019149e-17
0.25,227,1.1377017253950594e-15,9.011481709842228e-18,3.6570751250347563e-17
0.25,228,1.0040182487262898e-15,7.233618499479994e-18,2.933713275086897e-17
0.25,229,8.8604299463936075e-16,5.805752268266855e-18,2.3531380482603653e-17
0.25,230,7.819301983260151e-16,4.659136025411033e-18,1.8872244457195225e-17
0.25,231,6.900509780600667e-16,3.7384945057824916e-18,1.5133749951412632e-17
0.25,232,6.089678507634794e-16,2.9993907121480513e-18,1.2134359239265314e-17
0.25,233,5.374122420723687e-16,2.4061059248313703e-18,9.728253314433627e-18
0.25,234,4.742646390399082e-16,1.9299333333217876e-18,7.798319981112207e-18
0.25,235,4.185370749581202e-16,1.5478048046231827e-18,6.25051517648901e-18
0.25,236,3.6935767226735765e-16,1.241185920819163e-18,5.0093292556695995e-18
0.25,237,3.2595700172179924e-16,9.951870142002304e-19,4.014142241469548e-18
0.25,238,2.876560443952495e-16,7.978480855485752e-19,3.2162941559209527e-18
0.25,239,2.5385556818854453e-16,6.395636803102067e-19,2.5767304756107944e-18
0.25,240,2.240267526302431e-16,5.126203986552654e-19,2.064110076955599e-18
