K,graph,case,ground_degeneracy,site,partition,reduced_entropy_nats,reduced_purity
2,complete,no_hopping,2,0,site 0 | sites 1-3,0.6931471805599453,0.5
2,complete,free,6,0,site 0 | sites 1-3,1.6874460940243095,0.20117187499999997
2,complete,U1,2,0,site 0 | sites 1-3,1.4531411670538767,0.2806041794912591
2,complete,U5,2,0,site 0 | sites 1-3,1.1157241270578524,0.3952200049371647
2,complete,U20,2,0,site 0 | sites 1-3,0.7743292866728524,0.48619819022294514
2,ring,no_hopping,2,0,site 0 | sites 1-3,0.6931471805599453,0.5
2,ring,free,3,0,site 0 | sites 1-3,1.6803589370979184,0.20283564814814814
2,ring,U1,1,0,site 0 | sites 1-3,1.4531411670538765,0.28060417949125926
2,ring,U5,1,0,site 0 | sites 1-3,1.1157241270578522,0.39522000493716475
2,ring,U20,1,0,site 0 | sites 1-3,0.7743292866728524,0.4861981902229451
3,complete,no_hopping,12,0,site 0 | sites 1-3,1.5890269151739729,0.20833333333333337
3,complete,free,10,0,site 0 | sites 1-3,2.163035372316536,0.12695312500000003
3,complete,U1,3,0,site 0 | sites 1-3,1.8844606233935743,0.1760655926340573
3,complete,U5,3,0,site 0 | sites 1-3,1.6937346182361193,0.2005509248269416
3,complete,U20,3,0,site 0 | sites 1-3,1.607640202161616,0.2074409295835855
3,ring,no_hopping,12,0,site 0 | sites 1-3,1.5890269151739729,0.20833333333333337
3,ring,free,4,0,site 0 | sites 1-3,2.1467593665873173,0.12898763020833334
3,ring,U1,2,0,site 0 | sites 1-3,1.9024249151673152,0.17052294324982042
3,ring,U5,2,0,site 0 | sites 1-3,1.6930950691884412,0.1991100846800227
3,ring,U20,2,0,site 0 | sites 1-3,1.6051390038378817,0.20735591495008424
4,complete,no_hopping,3,0,site 0 | sites 1-3,1.0986122886681096,0.33333333333333326
4,complete,free,15,0,site 0 | sites 1-3,2.5404699225941525,0.08802319335937502
4,complete,U1,1,0,site 0 | sites 1-3,2.1282141017286635,0.14073049313267888
4,complete,U5,1,0,site 0 | sites 1-3,1.7609676897812034,0.21555095383419548
4,complete,U20,1,0,site 0 | sites 1-3,1.2714801502657436,0.31085102876503673
4,ring,no_hopping,3,0,site 0 | sites 1-3,1.0986122886681096,0.33333333333333326
4,ring,free,5,0,site 0 | sites 1-3,2.5148437396909777,0.08996980794270834
4,ring,U1,1,0,site 0 | sites 1-3,2.1417816253258106,0.14045112636002624
4,ring,U5,1,0,site 0 | sites 1-3,1.7499045376347953,0.21838350959339653
4,ring,U20,1,0,site 0 | sites 1-3,1.2703872364493891,0.31103296865448427
