K,graph,case,site_i,site_j,bond_present,ground_mean_ninj,ground_mean_Ji_dot_Jj,ground_bond_kinetic_energy
2,complete,no_hopping,0,1,True,1.0,-0.25000000000000017,-0.0
2,complete,no_hopping,0,2,True,1.0,-0.2500000000000001,-0.0
2,complete,no_hopping,0,3,True,1.0,-0.2500000000000001,-0.0
2,complete,no_hopping,1,2,True,1.0,-0.2500000000000001,-0.0
2,complete,no_hopping,1,3,True,1.0,-0.2500000000000001,-0.0
2,complete,no_hopping,2,3,True,1.0,-0.25000000000000017,-0.0
2,complete,free,0,1,True,0.8125000000000001,-0.296875,-0.6666666666666669
2,complete,free,0,2,True,0.8125000000000004,-0.29687500000000017,-0.666666666666667
2,complete,free,0,3,True,0.8125000000000004,-0.2968750000000003,-0.6666666666666665
2,complete,free,1,2,True,0.8125000000000001,-0.29687500000000006,-0.6666666666666669
2,complete,free,1,3,True,0.8125,-0.296875,-0.6666666666666671
2,complete,free,2,3,True,0.8125000000000001,-0.29687500000000006,-0.6666666666666673
2,complete,U1,0,1,True,0.9036688185143807,-0.2740827953714038,-0.6531391176936756
2,complete,U1,0,2,True,0.9036688185143797,-0.2740827953714039,-0.6531391176936756
2,complete,U1,0,3,True,0.9036688185143809,-0.27408279537140434,-0.6531391176936744
2,complete,U1,1,2,True,0.9036688185143811,-0.2740827953714044,-0.6531391176936747
2,complete,U1,1,3,True,0.9036688185143822,-0.27408279537140473,-0.653139117693673
2,complete,U1,2,3,True,0.9036688185143809,-0.27408279537140384,-0.6531391176936754
2,complete,U5,0,1,True,0.961336090170865,-0.2596659774572834,-0.5007010108497937
2,complete,U5,0,2,True,0.9613360901708651,-0.25966597745728287,-0.500701010849794
2,complete,U5,0,3,True,0.961336090170865,-0.2596659774572829,-0.5007010108497941
2,complete,U5,1,2,True,0.961336090170865,-0.2596659774572829,-0.500701010849794
2,complete,U5,1,3,True,0.961336090170865,-0.2596659774572829,-0.500701010849794
2,complete,U5,2,3,True,0.9613360901708652,-0.2596659774572834,-0.5007010108497929
2,complete,U20,0,1,True,0.9953452295204377,-0.25116369261989013,-0.19071745623255232
2,complete,U20,0,2,True,0.9953452295204377,-0.2511636926198906,-0.19071745623255237
2,complete,U20,0,3,True,0.9953452295204377,-0.2511636926198906,-0.19071745623255204
2,complete,U20,1,2,True,0.9953452295204377,-0.25116369261989063,-0.19071745623255246
2,complete,U20,1,3,True,0.9953452295204377,-0.2511636926198905,-0.19071745623255215
2,complete,U20,2,3,True,0.9953452295204377,-0.2511636926198902,-0.19071745623255235
2,ring,no_hopping,0,1,True,1.0,-0.25000000000000017,-0.0
2,ring,no_hopping,0,2,False,1.0,-0.2500000000000001,
2,ring,no_hopping,0,3,True,1.0,-0.2500000000000001,-0.0
2,ring,no_hopping,1,2,True,1.0,-0.2500000000000001,-0.0
2,ring,no_hopping,1,3,False,1.0,-0.2500000000000001,
2,ring,no_hopping,2,3,True,1.0,-0.25000000000000017,-0.0
2,ring,free,0,1,True,0.7083333333333336,-0.19791666666666674,-1.0000000000000002
2,ring,free,0,2,False,1.041666666666667,-0.48958333333333365,
2,ring,free,0,3,True,0.7083333333333331,-0.1979166666666666,-0.9999999999999999
2,ring,free,1,2,True,0.7083333333333335,-0.19791666666666674,-1.0000000000000004
2,ring,free,1,3,False,1.0416666666666667,-0.4895833333333335,
2,ring,free,2,3,True,0.708333333333333,-0.19791666666666655,-1.0000000000000002
2,ring,U1,0,1,True,0.8871523763414741,-0.1162848663137967,-0.9797086765405091
2,ring,U1,0,2,False,0.9367017028602017,-0.589678653486624,
2,ring,U1,0,3,True,0.8871523763414724,-0.11628486631379348,-0.9797086765405183
2,ring,U1,1,2,True,0.887152376341472,-0.11628486631379342,-0.9797086765405185
2,ring,U1,1,3,False,0.9367017028602015,-0.5896786534866238,
2,ring,U1,2,3,True,0.8871523763414737,-0.11628486631379652,-0.9797086765405094
2,ring,U5,0,1,True,0.9451329757196938,-0.044279108673622836,-0.7510515162746925
2,ring,U5,0,2,False,0.9937423190732106,-0.6904397150246024,
2,ring,U5,0,3,True,0.945132975719694,-0.04427910867362486,-0.7510515162746907
2,ring,U5,1,2,True,0.945132975719694,-0.04427910867362479,-0.7510515162746907
2,ring,U5,1,3,False,0.9937423190732105,-0.6904397150246026,
2,ring,U5,2,3,True,0.945132975719694,-0.04427910867362303,-0.7510515162746925
2,ring,U20,0,1,True,0.9930515907702527,-0.005245053411901596,-0.2860761843488305
2,ring,U20,0,2,False,0.9999325070208113,-0.7430009710358609,
2,ring,U20,0,3,True,0.993051590770253,-0.005245053411909811,-0.28607618434882714
2,ring,U20,1,2,True,0.993051590770253,-0.005245053411909839,-0.2860761843488271
2,ring,U20,1,3,False,0.9999325070208113,-0.7430009710358609,
2,ring,U20,2,3,True,0.9930515907702528,-0.005245053411901596,-0.28607618434883036
3,complete,no_hopping,0,1,True,2.1666666666666665,-0.4583333333333333,-0.0
3,complete,no_hopping,0,2,True,2.1666666666666665,-0.4583333333333334,-0.0
3,complete,no_hopping,0,3,True,2.1666666666666665,-0.4583333333333334,-0.0
3,complete,no_hopping,1,2,True,2.1666666666666665,-0.4583333333333334,-0.0
3,complete,no_hopping,1,3,True,2.1666666666666665,-0.4583333333333335,-0.0
3,complete,no_hopping,2,3,True,2.1666666666666665,-0.4583333333333333,-0.0
3,complete,free,0,1,True,1.9374999999999993,-0.5156249999999998,-0.9999999999999997
3,complete,free,0,2,True,1.937499999999999,-0.5156249999999998,-0.9999999999999997
3,complete,free,0,3,True,1.9374999999999993,-0.5156249999999998,-0.9999999999999997
3,complete,free,1,2,True,1.9374999999999996,-0.5156249999999999,-1.0
3,complete,free,1,3,True,1.9374999999999996,-0.515625,-0.9999999999999998
3,complete,free,2,3,True,1.9374999999999996,-0.515625,-0.9999999999999993
3,complete,U1,0,1,True,2.1028948228970914,-0.47427629427572854,-0.9796613310014223
3,complete,U1,0,2,True,2.1028948228970905,-0.4742762942757273,-0.979661331001424
3,complete,U1,0,3,True,2.1028948228970923,-0.47427629427572704,-0.979661331001424
3,complete,U1,1,2,True,2.1028948228970905,-0.4742762942757263,-0.9796613310014254
3,complete,U1,1,3,True,2.1028948228970923,-0.4742762942757283,-0.9796613310014224
3,complete,U1,2,3,True,2.1028948228970905,-0.47427629427572854,-0.979661331001422
3,complete,U5,0,1,True,2.1512598995238843,-0.4621850251190305,-0.8673470685229466
3,complete,U5,0,2,True,2.151259899523881,-0.46218502511903087,-0.8673470685229477
3,complete,U5,0,3,True,2.1512598995238843,-0.4621850251190311,-0.8673470685229469
3,complete,U5,1,2,True,2.1512598995238803,-0.4621850251190293,-0.8673470685229487
3,complete,U5,1,3,True,2.1512598995238825,-0.4621850251190313,-0.8673470685229466
3,complete,U5,2,3,True,2.1512598995238803,-0.46218502511902887,-0.8673470685229504
3,complete,U20,0,1,True,2.164793244289728,-0.45880168892758183,-0.7474382363402216
3,complete,U20,0,2,True,2.16479324428971,-0.458801688927567,-0.7474382363402352
3,complete,U20,0,3,True,2.1647932442897186,-0.4588016889275705,-0.7474382363402317
3,complete,U20,1,2,True,2.164793244289711,-0.45880168892756723,-0.7474382363402331
3,complete,U20,1,3,True,2.1647932442897204,-0.45880168892757117,-0.7474382363402304
3,complete,U20,2,3,True,2.164793244289703,-0.4588016889275716,-0.7474382363402378
3,ring,no_hopping,0,1,True,2.1666666666666665,-0.4583333333333333,-0.0
3,ring,no_hopping,0,2,False,2.1666666666666665,-0.4583333333333334,
3,ring,no_hopping,0,3,True,2.1666666666666665,-0.4583333333333334,-0.0
3,ring,no_hopping,1,2,True,2.1666666666666665,-0.4583333333333334,-0.0
3,ring,no_hopping,1,3,False,2.1666666666666665,-0.4583333333333335,
3,ring,no_hopping,2,3,True,2.1666666666666665,-0.4583333333333333,-0.0
3,ring,free,0,1,True,1.7499999999999987,-0.31249999999999956,-1.4999999999999996
3,ring,free,0,2,False,2.3749999999999973,-0.9062499999999991,
3,ring,free,0,3,True,1.7499999999999996,-0.3125000000000004,-1.499999999999998
3,ring,free,1,2,True,1.7499999999999984,-0.31249999999999983,-1.4999999999999991
3,ring,free,1,3,False,2.3749999999999982,-0.9062499999999997,
3,ring,free,2,3,True,1.7499999999999987,-0.3124999999999993,-1.4999999999999998
3,ring,U1,0,1,True,2.048062292131987,-0.2034946912394292,-1.463808139732365
3,ring,U1,0,2,False,2.1951589383870678,-1.0201897368583839,
3,ring,U1,0,3,True,2.0480622921319878,-0.20349469123942912,-1.4638081397323641
3,ring,U1,1,2,True,2.048062292131987,-0.20349469123942862,-1.4638081397323643
3,ring,U1,1,3,False,2.1951589383870695,-1.0201897368583843,
3,ring,U1,2,3,True,2.0480622921319873,-0.20349469123942884,-1.4638081397323643
3,ring,U5,0,1,True,2.110121321291622,-0.18008394660429053,-1.2757997601281141
3,ring,U5,0,2,False,2.234187904480274,-1.026224470025534,
3,ring,U5,0,3,True,2.110121321291621,-0.18008394660429117,-1.2757997601281132
3,ring,U5,1,2,True,2.110121321291624,-0.1800839466042924,-1.275799760128113
3,ring,U5,1,3,False,2.234187904480275,-1.0262244700255345,
3,ring,U5,2,3,True,2.110121321291622,-0.18008394660429064,-1.2757997601281148
3,ring,U20,0,1,True,2.1246552650498587,-0.198475695072072,-1.0985625779998989
3,ring,U20,0,2,False,2.2459840233939254,-0.9792249714824477,
3,ring,U20,0,3,True,2.1246552650498614,-0.19847569507207236,-1.0985625779998978
3,ring,U20,1,2,True,2.124655265049856,-0.19847569507207014,-1.0985625779998975
3,ring,U20,1,3,False,2.2459840233939232,-0.979224971482447,
3,ring,U20,2,3,True,2.124655265049858,-0.1984756950720717,-1.0985625779998978
4,complete,no_hopping,0,1,True,4.000000000000001,-0.666666666666667,-0.0
4,complete,no_hopping,0,2,True,4.000000000000001,-0.666666666666667,-0.0
4,complete,no_hopping,0,3,True,4.000000000000001,-0.6666666666666671,-0.0
4,complete,no_hopping,1,2,True,4.000000000000001,-0.6666666666666671,-0.0
4,complete,no_hopping,1,3,True,4.000000000000001,-0.666666666666667,-0.0
4,complete,no_hopping,2,3,True,4.000000000000001,-0.666666666666667,-0.0
4,complete,free,0,1,True,3.5416666666666665,-0.7812499999999998,-1.3333333333333335
4,complete,free,0,2,True,3.541666666666666,-0.78125,-1.3333333333333333
4,complete,free,0,3,True,3.5416666666666665,-0.7812500000000002,-1.3333333333333333
4,complete,free,1,2,True,3.5416666666666665,-0.7812499999999998,-1.3333333333333328
4,complete,free,1,3,True,3.5416666666666665,-0.78125,-1.3333333333333333
4,complete,free,2,3,True,3.541666666666666,-0.7812499999999999,-1.3333333333333328
4,complete,U1,0,1,True,3.8361978594127906,-0.7076172018134954,-1.3084446727854186
4,complete,U1,0,2,True,3.836197859412784,-0.7076172018134606,-1.3084446727854695
4,complete,U1,0,3,True,3.8361978594127844,-0.7076172018134572,-1.3084446727854746
4,complete,U1,1,2,True,3.836197859412783,-0.7076172018134568,-1.3084446727854755
4,complete,U1,1,3,True,3.836197859412784,-0.7076172018134599,-1.3084446727854702
4,complete,U1,2,3,True,3.83619785941279,-0.7076172018134959,-1.308444672785422
4,complete,U5,0,1,True,3.927126934392341,-0.6848849330687088,-1.0714926555729243
4,complete,U5,0,2,True,3.9271269343923323,-0.6848849330685252,-1.0714926555730886
4,complete,U5,0,3,True,3.9271269343923327,-0.6848849330685147,-1.071492655573098
4,complete,U5,1,2,True,3.927126934392332,-0.6848849330685145,-1.0714926555730986
4,complete,U5,1,3,True,3.927126934392332,-0.684884933068525,-1.0714926555730884
4,complete,U5,2,3,True,3.9271269343923443,-0.6848849330687093,-1.071492655572918
4,complete,U20,0,1,True,3.988407326443709,-0.6695648350668143,-0.48611422745885247
4,complete,U20,0,2,True,3.988407326443568,-0.66956483505038,-0.48611422746492816
4,complete,U20,0,3,True,3.9884073264435647,-0.6695648350500973,-0.48611422746503324
4,complete,U20,1,2,True,3.988407326443566,-0.6695648350500975,-0.48611422746503286
4,complete,U20,1,3,True,3.988407326443568,-0.6695648350503804,-0.48611422746492755
4,complete,U20,2,3,True,3.9884073264437125,-0.6695648350668144,-0.4861142274588319
4,ring,no_hopping,0,1,True,4.000000000000001,-0.666666666666667,-0.0
4,ring,no_hopping,0,2,False,4.000000000000001,-0.666666666666667,
4,ring,no_hopping,0,3,True,4.000000000000001,-0.6666666666666671,-0.0
4,ring,no_hopping,1,2,True,4.000000000000001,-0.6666666666666671,-0.0
4,ring,no_hopping,1,3,False,4.000000000000001,-0.666666666666667,
4,ring,no_hopping,2,3,True,4.000000000000001,-0.666666666666667,-0.0
4,ring,free,0,1,True,3.2499999999999987,-0.43750000000000033,-1.9999999999999978
4,ring,free,0,2,False,4.249999999999997,-1.4374999999999996,
4,ring,free,0,3,True,3.2499999999999987,-0.43749999999999944,-1.9999999999999996
4,ring,free,1,2,True,3.2499999999999987,-0.4374999999999992,-2.0
4,ring,free,1,3,False,4.2499999999999964,-1.4374999999999993,
4,ring,free,2,3,True,3.249999999999999,-0.43750000000000044,-1.9999999999999982
4,ring,U1,0,1,True,3.7950783168932314,-0.2111779895434778,-1.9485609076226587
4,ring,U1,0,2,False,3.906578917367786,-1.703460133124465,
4,ring,U1,0,3,True,3.795078316893235,-0.21117798954349415,-1.9485609076226316
4,ring,U1,1,2,True,3.7950783168932345,-0.21117798954349415,-1.9485609076226316
4,ring,U1,1,3,False,3.906578917367786,-1.7034601331244648,
4,ring,U1,2,3,True,3.795078316893229,-0.21117798954347683,-1.9485609076226589
4,ring,U5,0,1,True,3.8992447856083894,-0.08481081956873732,-1.580691306093217
4,ring,U5,0,2,False,3.9881632631397785,-1.8837151522733104,
4,ring,U5,0,3,True,3.899244785608396,-0.0848108195688127,-1.5806913060931396
4,ring,U5,1,2,True,3.8992447856083956,-0.08481081956881259,-1.58069130609314
4,ring,U5,1,3,False,3.9881632631397785,-1.8837151522733109,
4,ring,U5,2,3,True,3.8992447856083894,-0.08481081956873729,-1.5806913060932186
4,ring,U20,0,1,True,3.9828591369480306,-0.013026831198093112,-0.725507643393424
4,ring,U20,0,2,False,3.9997680091206758,-1.9825747668495404,
4,ring,U20,0,3,True,3.982859136948031,-0.013026831198187427,-0.7255076433933806
4,ring,U20,1,2,True,3.98285913694803,-0.013026831198187427,-0.7255076433933798
4,ring,U20,1,3,False,3.999768009120676,-1.98257476684954,
4,ring,U20,2,3,True,3.9828591369480293,-0.013026831198092559,-0.7255076433934238
