K,graph,case,U_over_t,energy_rank,energy,energy_above_ground,multiplicity,subspace_mean_volume,subspace_probability_zero_volume,subspace_mean_active_sites
4,complete,no_hopping,,1,4.000000000000001,1.3322676295501878e-15,3,0.4062042536485209,0.3333333333333333,4.000000000000001
4,complete,no_hopping,,2,5.000000000000001,1.0000000000000013,24,0.48953406191613497,0.0,4.0
4,complete,no_hopping,,3,6.0,2.0000000000000004,12,0.4555627767151433,0.0,4.0
4,complete,no_hopping,,4,7.0,3.0000000000000004,24,0.0,1.0,3.5
4,complete,no_hopping,,5,8.0,4.0,12,0.0,1.0,3.0
4,complete,no_hopping,,6,9.0,5.0,24,0.0,1.0,3.0
4,complete,no_hopping,,7,12.0,8.0,6,0.0,1.0,2.0
4,complete,free,0.0,1,-8.000000000000002,5.329070518200751e-15,15,0.2164010109028967,0.5552083333333333,3.578125
4,complete,free,0.0,2,-3.9999999999999996,4.000000000000007,24,0.16801990230807506,0.6536458333333335,3.3671875000000004
4,complete,free,0.0,3,3.619125742170781e-16,8.000000000000007,27,0.14359992332000063,0.7025462962962966,3.343750000000001
4,complete,free,0.0,4,4.0,12.000000000000007,24,0.16801990230807504,0.6536458333333335,3.4296875
4,complete,free,0.0,5,7.999999999999998,16.000000000000007,15,0.21640101090289673,0.5552083333333334,3.5281250000000006
4,complete,U1,1.0,1,-2.8678551931894294,0.0,1,0.29773310233762623,0.38122987479796555,3.986872406821539
4,complete,U1,1.0,2,-2.6904147068718602,0.17744048631756915,2,0.4778965737801889,0.093914763115729,3.915881600363976
4,complete,U1,1.0,3,-2.303575625891456,0.5642795672979735,3,0.42311508216736,0.12604774354412762,3.9067607230207546
4,complete,U1,1.0,4,-1.7023368611305403,1.165518332058889,3,0.3306252101294643,0.3128802820347423,3.713346656019734
4,complete,U1,1.0,5,-1.4629748626083448,1.4048803305810846,2,0.33098788520252587,0.3053665175826924,3.7010852943846766
4,complete,U1,1.0,6,-0.20953035700307968,2.65832483618635,3,0.007343540837417323,0.9849933335199652,3.585206840864613
4,complete,U1,1.0,7,-0.12087873407106664,2.746976459118363,1,0.0035731501468445168,0.9926038815061123,3.5588285387714427
4,complete,U1,1.0,8,2.0110253661010358,4.878880559290465,3,0.34689256609107605,0.2806290716226418,3.80778866059581
4,complete,U1,1.0,9,2.094258921152169,4.962114114341599,3,0.35416298436255,0.2673586410190671,3.792977263851549
4,complete,U1,1.0,10,2.2927768876529613,5.16063208084239,1,0.41957218117838146,0.10891379427686695,3.8910862057231275
4,complete,U1,1.0,11,2.6201301057562647,5.487985298945694,2,0.27357316437280427,0.4711810087988344,3.553507184834272
4,complete,U1,1.0,12,2.8689761358541155,5.736831329043545,3,0.1612797072732548,0.6571936487306905,3.3548214883518326
4,complete,U1,1.0,13,2.929975225001938,5.797830418191367,3,0.24056938543639197,0.49919203766559833,3.497556114684322
4,complete,U1,1.0,14,3.1106128348763273,5.978468028065757,1,0.18078246279759852,0.6035665369698888,3.6032201716586383
4,complete,U1,1.0,15,4.116065643807325,6.983920836996754,3,0.03429901467591192,0.9295440845782048,3.2330465982892345
4,complete,U1,1.0,16,4.305528291153623,7.173383484343052,3,0.05535536573839742,0.8864385070889224,3.222502701333601
4,complete,U1,1.0,17,4.315873634364852,7.183728827554281,2,0.0747997302451209,0.8472223844420244,3.2558119217609116
4,complete,U1,1.0,18,6.359758192232661,9.22761338542209,2,0.27025563850540646,0.44365739976668483,3.7071032277510634
4,complete,U1,1.0,19,6.407155040289177,9.275010233478607,1,0.3514067839414449,0.2695837437623406,3.73041625623766
4,complete,U1,1.0,20,6.51533628150685,9.383191474696279,3,0.18581992898894337,0.6204114853918471,3.594701754074857
4,complete,U1,1.0,21,6.703183272622702,9.571038465812132,1,0.025509418365548143,0.9478800165683278,3.324657419294958
4,complete,U1,1.0,22,6.824959913391241,9.692815106580671,3,0.2738820579522388,0.43084811441238174,3.571168457787062
4,complete,U1,1.0,23,7.025159901885235,9.893015095074665,2,0.21564362951107804,0.5578043687134178,3.5661652487617737
4,complete,U1,1.0,24,7.115236536888954,9.983091730078383,3,0.12946302335041682,0.7273721902718596,3.320961743485217
4,complete,U1,1.0,25,8.083800098827504,10.951655292016934,3,0.0672461003719837,0.8548198527675543,3.1646736009216525
4,complete,U1,1.0,26,8.086859182110539,10.954714375299968,3,0.06590723128391505,0.8650932262591188,3.3501925245910393
4,complete,U1,1.0,27,8.39528419302206,11.26313938621149,2,0.11520848112697357,0.7723406162539609,3.0448423239882167
4,complete,U1,1.0,28,8.48844150162232,11.35629669481175,3,0.1226229352173533,0.7437174583361125,3.137880041369827
4,complete,U1,1.0,29,8.534534094852324,11.402389288041753,1,0.10529860603141682,0.7713655888612072,3.2923454237403176
4,complete,U1,1.0,30,10.382909077649996,13.250764270839426,3,0.2681234985796124,0.4518376395545958,3.706995390310268
4,complete,U1,1.0,31,10.456729740603679,13.324584933793108,3,0.18030853084794884,0.6208384662433792,3.4315301528810096
4,complete,U1,1.0,32,10.642054385441433,13.509909578630863,2,0.27765572569530705,0.46577867907379256,3.540037987860761
4,complete,U1,1.0,33,11.300068072057863,14.167923265247293,1,0.17411787351145153,0.6215024619607927,3.3784975380392117
4,complete,U1,1.0,34,11.34163354433772,14.209488737527149,3,0.06569813672088465,0.8628936777876971,3.6087100830829137
4,complete,U1,1.0,35,11.734687095468857,14.602542288658286,3,0.02994896859370191,0.9364245261233015,3.17277257958624
4,complete,U1,1.0,36,12.02478937952285,14.89264457271228,3,0.10304557307522555,0.7814163435084239,3.2553530531891273
4,complete,U1,1.0,37,12.248525327260664,15.116380520450093,1,0.11470875288876055,0.7639736431071424,3.040788780078946
4,complete,U1,1.0,38,12.364443821220748,15.232299014410177,3,0.16250268660795922,0.6631680443391047,3.245971154954417
4,complete,U1,1.0,39,12.383472960564621,15.25132815375405,2,0.17867606859375507,0.6291832087131279,3.322482071851654
4,complete,U1,1.0,40,13.703552595056543,16.57140778824597,1,0.21149288435374905,0.5522890523743953,3.4607184553803196
4,complete,U1,1.0,41,14.25419968871186,17.122054881901292,2,0.23138694982251645,0.5273012440891701,3.529196920562072
4,complete,U1,1.0,42,14.56618291134854,17.43403810453797,3,0.17331280728452617,0.6380402540972562,3.4054933411955997
4,complete,U1,1.0,43,15.442421430390489,18.310276623579917,3,0.05062774897808784,0.8933095249262145,3.1192980439643327
4,complete,U1,1.0,44,16.157456507501216,19.025311700690644,2,0.05341621087966097,0.886249809450566,2.8638862178806215
4,complete,U1,1.0,45,16.461182746064583,19.329037939254015,3,0.01617784036247469,0.9655318461771906,2.800291031594975
4,complete,U1,1.0,46,16.688325802591944,19.556180995781375,1,0.005998461709734739,0.9870914058149611,2.732568804253838
4,complete,U5,5.0,1,15.757236034791728,0.0,1,0.18433040858929045,0.621121669051343,3.997199099155433
4,complete,U5,5.0,2,15.88213688180812,0.12490084701639326,2,0.5591684099583207,0.011169403530461267,3.9920218209700753
4,complete,U5,5.0,3,18.62175090887357,2.8645148740818414,3,0.4758994122886622,0.023377898858967298,3.988747749930962
4,complete,U5,5.0,4,20.11219776933621,4.3549617345444815,3,0.45912048231076885,0.05648624231904809,3.9481082681023048
4,complete,U5,5.0,5,21.05800060065451,5.3007645658627816,2,0.4583390153435898,0.04756534487349519,3.9555046973282932
4,complete,U5,5.0,6,23.639055879968577,7.8818198451768495,3,0.4547382217949236,0.06584675160536892,3.975344239337835
4,complete,U5,5.0,7,23.730341744929436,7.973105710137709,3,0.4653338382460119,0.043099406103444066,3.974318448148925
4,complete,U5,5.0,8,23.92806753308763,8.170831498295904,1,0.48232807363262015,0.003606693530850482,3.9963933064691526
4,complete,U5,5.0,9,25.19247698439378,9.435240949602054,1,0.287014490543147,0.3883011655288124,3.9959336060493116
4,complete,U5,5.0,10,26.12286769011922,10.365631655327494,2,0.44575296353160077,0.14100278329463914,3.86731601301404
4,complete,U5,5.0,11,26.24657707869675,10.489341043905021,3,0.41895230702374225,0.13242320938081228,3.919864744140032
4,complete,U5,5.0,12,27.248116840930567,11.49088080613884,3,0.40398265613684486,0.15710560838555376,3.8470289536333198
4,complete,U5,5.0,13,29.51507078692744,13.757834752135711,3,0.045288672892885844,0.9074011520718765,3.81496199795027
4,complete,U5,5.0,14,29.556292493979164,13.799056459187437,1,0.05166813413197175,0.8943465679391027,3.8024320574182497
4,complete,U5,5.0,15,29.560047545855042,13.802811511063314,2,0.39803609258313205,0.155078451016749,3.963536884873885
4,complete,U5,5.0,16,30.420911095548185,14.663675060756457,1,0.4439764734545873,0.037601391185859694,3.9623986088141376
4,complete,U5,5.0,17,30.727044861401254,14.969808826609526,3,0.3361460303023996,0.2829601966770817,3.8640924877967255
4,complete,U5,5.0,18,31.738337826753007,15.98110179196128,1,0.3114733505209607,0.3321817053008357,3.795557987478632
4,complete,U5,5.0,19,32.193286802048995,16.436050767257267,3,0.33843465586738347,0.27589435997798223,3.7330114978487976
4,complete,U5,5.0,20,32.642179328593315,16.884943293801587,2,0.3303214519780785,0.29410003049103506,3.718337635465563
4,complete,U5,5.0,21,33.75700709139753,17.999771056605805,3,0.07579624230783553,0.838605507953423,3.1800043337353863
4,complete,U5,5.0,22,34.12300178488517,18.36576575009344,3,0.19233071486981948,0.6019611045993948,3.3992049155354764
4,complete,U5,5.0,23,34.568649340361134,18.811413305569406,2,0.19794250734984326,0.5848526082332521,3.4341306691946247
4,complete,U5,5.0,24,35.55267587678626,19.795439841994533,3,0.011337395342635984,0.9766506189683417,3.628677512237532
4,complete,U5,5.0,25,36.031301276610854,20.274065241819127,3,0.057232857608468,0.8781209037038619,3.557264150684341
4,complete,U5,5.0,26,36.0840183999667,20.326782365174974,2,0.051342451594747346,0.8919567067422888,3.5690621968531104
4,complete,U5,5.0,27,37.72939990585111,21.972163871059383,3,0.02735020890578914,0.9431718303593937,3.190906863796485
4,complete,U5,5.0,28,38.29783150598079,22.54059547118906,1,0.07423658153266875,0.8437872034429506,3.2111249588483437
4,complete,U5,5.0,29,39.892118245109295,24.134882210317567,3,0.015873797792002275,0.9673582601094965,3.2880966609924926
4,complete,U5,5.0,30,39.892735358411244,24.135499323619516,3,0.01492927686728824,0.9693200735899001,3.207742932171481
4,complete,U5,5.0,31,40.031617801365556,24.27438176657383,2,0.023572650289877244,0.9500723916844745,3.333903877833002
4,complete,U5,5.0,32,40.83561255491966,25.078376520127936,3,0.020598173433623964,0.9557620368532226,3.218553498933764
4,complete,U5,5.0,33,40.92223519707136,25.16499916227963,1,0.032823787682442596,0.9279635422329434,3.1751221985855516
4,complete,U5,5.0,34,44.06669543595731,28.30945940116558,3,0.001697330501902815,0.9963941498932289,3.098275214924056
4,complete,U5,5.0,35,44.749894298019456,28.992658263227728,3,0.004352536788649288,0.9906398174518385,3.063055427592562
4,complete,U5,5.0,36,45.65102137136423,29.893785336572503,1,0.018792291544070614,0.9587919152832906,3.041208084716713
4,complete,U5,5.0,37,45.674573085135975,29.917337050344248,2,0.01696756624412351,0.9632856052617684,3.0700433542787606
4,complete,U5,5.0,38,46.37108302305493,30.6138469882632,3,0.015769552987628315,0.9656404602638397,3.034454756489066
4,complete,U5,5.0,39,46.48813424917116,30.730898214379433,3,0.009227791958703244,0.9801782088713713,2.993661278596836
4,complete,U5,5.0,40,47.32530110785974,31.56806507306801,2,0.01784231387510979,0.961385460069214,3.0283981971535945
4,complete,U5,5.0,41,47.45561006122574,31.698374026434013,1,0.003364248951585361,0.9927054410527588,2.950384963019158
4,complete,U5,5.0,42,48.20092933742452,32.443693302632795,3,0.003505608430657349,0.9925181328397493,3.008184290259377
4,complete,U5,5.0,43,49.215513952508296,33.45827791771657,3,0.00022738809926683238,0.9995317738212993,2.997174012901402
4,complete,U5,5.0,44,61.0506082182807,45.29337218348897,2,0.00021463498691520587,0.9995312148026211,2.0677446530350494
4,complete,U5,5.0,45,61.06045493678048,45.30321890198876,3,0.00020477216920263496,0.999552295341504,2.0692657642605727
4,complete,U5,5.0,46,61.079979895804335,45.32274386101261,1,0.0001858366792114026,0.999592705451253,2.0722451294453226
4,complete,U20,20.0,1,78.4744354619889,0.0,1,0.03348745734595996,0.9315436612208899,3.9999339051367904
4,complete,U20,20.0,2,78.4836611632482,0.00922570125929667,2,0.6011025026974686,0.0002026718385399897,3.9998775478668316
4,complete,U20,20.0,3,94.29396125750124,15.819525795512334,3,0.4877950042729438,0.0027662596883223506,3.999195856373381
4,complete,U20,20.0,4,96.09567669905321,17.62124123706431,3,0.4869659820096883,0.004500003878655914,3.996136462530828
4,complete,U20,20.0,5,98.49966771722433,20.025232255235423,2,0.48622756835823855,0.002945125420676031,3.9976555775486786
4,complete,U20,20.0,6,99.61522868994815,21.14079322795925,3,0.4868156393129715,0.005001597918967552,3.9973242200712913
4,complete,U20,20.0,7,99.63332417293556,21.158888710946655,3,0.4874822727181313,0.003486425090918408,3.9979590371456077
4,complete,U20,20.0,8,99.70257115134063,21.22813568935173,1,0.48902944707480145,2.2534367775643095e-05,3.999977465632232
4,complete,U20,20.0,9,100.4596457064141,21.98521024442519,1,0.4531478312831324,0.0713420313165709,3.9985022448718865
4,complete,U20,20.0,10,100.84127556823164,22.366840106242734,2,0.4928352263226541,0.00821779287825039,3.9949329364062827
4,complete,U20,20.0,11,102.96081276883785,24.48637730684895,3,0.48642881611926336,0.005274687210345849,3.9977051746802528
4,complete,U20,20.0,12,104.69065156364088,26.21621610165198,3,0.4860813337322523,0.005354774731864281,3.9952645685380186
4,complete,U20,20.0,13,119.75857699060603,41.28414152861713,2,0.4481577652232469,0.01698645252281713,3.990670847639537
4,complete,U20,20.0,14,120.13101615102751,41.656580689038606,1,0.45480801827545375,0.002741707480955805,3.9972582925190494
4,complete,U20,20.0,15,120.19537030051741,41.72093483852851,3,0.446869522103881,0.021636228160697834,3.988382462878073
4,complete,U20,20.0,16,120.39019471193565,41.915759249946746,1,0.44629145938457215,0.023549994415145145,3.9878822965607443
4,complete,U20,20.0,17,120.74231368861761,42.26787822662871,3,0.455860681296086,0.002773263729883242,3.997242627572913
4,complete,U20,20.0,18,121.28425444741131,42.80981898542241,2,0.4547072318600234,0.006952822456053284,3.9951296378871337
4,complete,U20,20.0,19,135.58122684632048,57.10679138433157,3,0.002145537362857464,0.9953534820891452,3.9792756404046172
4,complete,U20,20.0,20,135.71080673307833,57.236371271089425,1,0.005581172281469333,0.9877765866702348,3.9791156335288793
4,complete,U20,20.0,21,138.0143697376899,59.539934275700986,3,0.0032014865734790645,0.9934599195109736,3.0066321827146822
4,complete,U20,20.0,22,138.1306019882733,59.656166526284395,3,0.005770300804120912,0.9877044272965755,3.0129456272739064
4,complete,U20,20.0,23,138.2101435853611,59.73570812337219,2,0.007713665920892998,0.9834537041933298,3.0167895418145205
4,complete,U20,20.0,24,141.8783499065474,63.40391444455851,3,0.0018944223238075665,0.9961300603509861,3.987203211767793
4,complete,U20,20.0,25,142.01791276429768,63.54347730230877,3,0.005134103460586016,0.9890909219309795,3.984379236986358
4,complete,U20,20.0,26,142.07454614081405,63.600110678825146,2,0.006126701665404875,0.9869270933390548,3.986776923729849
4,complete,U20,20.0,27,143.56855416324493,65.09411870125602,3,0.0021120282715364263,0.9954938562981391,3.007447843871887
4,complete,U20,20.0,28,143.71236964521196,65.23793418322306,1,0.00524223339123847,0.9886729018066844,3.0119425215458393
4,complete,U20,20.0,29,159.6980936249535,81.22365816296458,3,0.0005841257638487038,0.9988041668105575,3.009613072103045
4,complete,U20,20.0,30,159.69928889948295,81.22485343749405,2,0.0005987735590426034,0.9987657961788641,3.009695438874653
4,complete,U20,20.0,31,159.88093755939053,81.40650209740163,3,0.0006004641779811712,0.9987733837476976,3.014428016746997
4,complete,U20,20.0,32,160.079435481156,81.6050000191671,3,0.0005676770884827622,0.9988249479769976,3.0142609346960234
4,complete,U20,20.0,33,160.26135576376225,81.78692030177335,1,0.0006540522196005264,0.9986339541514829,3.019030420104204
4,complete,U20,20.0,34,178.286325212689,99.8118897507001,3,1.4145334634699236e-05,0.9999693297339555,3.0041430645809686
4,complete,U20,20.0,35,178.56260205856347,100.08816659657457,3,1.725193816636365e-05,0.9999629151657446,3.0028974924558702
4,complete,U20,20.0,36,180.14305019136225,101.66861472937335,2,0.0008867454988943083,0.9980552151752555,3.001924496702631
4,complete,U20,20.0,37,180.166412697632,101.69197723564311,1,0.0012593732810242469,0.9972357581512702,3.0027642418487352
4,complete,U20,20.0,38,180.42880921138658,101.95437374939767,3,0.0007289101832934257,0.9984021953447172,3.000400193069396
4,complete,U20,20.0,39,180.45191226440406,101.97747680241515,3,0.0012320589990004946,0.9972977499201147,3.0027031261325896
4,complete,U20,20.0,40,180.72429004752883,102.24985458553992,1,0.00069179665999191,0.998482705474392,2.999140881306799
4,complete,U20,20.0,41,180.73913078362187,102.26469532163297,2,0.00114303312676344,0.9974951769080777,3.0021171327717884
4,complete,U20,20.0,42,182.3106985710207,103.8362631090318,3,1.9431449363546286e-05,0.999958050432426,3.0000432530710017
4,complete,U20,20.0,43,182.61626114662127,104.14182568463237,3,7.888610187403875e-06,0.9999831986001729,2.9999793824310896
4,complete,U20,20.0,44,240.26640451263597,161.79196905064708,2,8.43502708109877e-07,0.9999981490890808,2.0044299187581003
4,complete,U20,20.0,45,240.26657032238936,161.79213486040044,3,8.410205318001973e-07,0.9999981543811632,2.0044373119034122
4,complete,U20,20.0,46,240.2669019300798,161.79246646809088,1,8.36065313208566e-07,0.9999981649445985,2.004452096944858
4,ring,no_hopping,,1,4.000000000000001,1.3322676295501878e-15,3,0.4062042536485209,0.3333333333333333,4.000000000000001
4,ring,no_hopping,,2,5.000000000000001,1.0000000000000013,24,0.48953406191613497,0.0,4.0
4,ring,no_hopping,,3,6.0,2.0000000000000004,12,0.4555627767151433,0.0,4.0
4,ring,no_hopping,,4,7.0,3.0000000000000004,24,0.0,1.0,3.5
4,ring,no_hopping,,5,8.0,4.0,12,0.0,1.0,3.0
4,ring,no_hopping,,6,9.0,5.0,24,0.0,1.0,3.0
4,ring,no_hopping,,7,12.0,8.0,6,0.0,1.0,2.0
4,ring,free,0.0,1,-7.999999999999998,1.7763568394002505e-15,5,0.26748173032040845,0.45208333333333284,3.6218749999999984
4,ring,free,0.0,2,-6.0,2.0,8,0.16509252579607847,0.6562499999999998,3.484375
4,ring,free,0.0,3,-4.000000000000001,3.999999999999999,14,0.17079724090484774,0.6517857142857137,3.41517857142857
4,ring,free,0.0,4,-1.9999999999999996,6.0,16,0.15797435740990423,0.6718749999999999,3.3828124999999996
4,ring,free,0.0,5,-9.684171965958503e-17,8.0,19,0.17265177205897383,0.6436403508771932,3.376644736842106
4,ring,free,0.0,6,1.9999999999999996,10.0,16,0.1579743574099043,0.671875,3.382812499999999
4,ring,free,0.0,7,3.9999999999999996,12.0,14,0.17079724090484777,0.6517857142857139,3.41517857142857
4,ring,free,0.0,8,5.999999999999998,13.999999999999998,8,0.16509252579607847,0.65625,3.4843750000000004
4,ring,free,0.0,9,7.999999999999998,15.999999999999998,5,0.26748173032040834,0.4520833333333331,3.6218749999999984
4,ring,U1,1.0,1,-2.7877147327990905,0.0,1,0.36563195488979955,0.2740786292459998,3.9471156742905746
4,ring,U1,1.0,2,-2.438020094199349,0.3496946385997415,1,0.47508408379288114,0.07154092346531596,3.9280019704644658
4,ring,U1,1.0,3,-2.3029984552942975,0.48471627750479307,1,0.4227020412275948,0.12688408536961268,3.904204451756978
4,ring,U1,1.0,4,-1.2289427060610199,1.5587720267380707,1,0.29383270968926584,0.40413517418236355,3.7302935926680005
4,ring,U1,1.0,5,-1.2087785673635192,1.5789361654355714,1,0.2996203859913101,0.3784728682690291,3.723464672840865
4,ring,U1,1.0,6,-0.3668151305213626,2.420899602277728,2,0.38785334276226036,0.20770918116683426,3.8855069291766764
4,ring,U1,1.0,7,0.411278245209333,3.1989929780084236,2,0.3235818489483213,0.31532183517578644,3.796996466739083
4,ring,U1,1.0,8,1.1759335291184705,3.963648261917561,2,0.18719992313205422,0.6175957145876309,3.559109038666688
4,ring,U1,1.0,9,1.1932723329033763,3.980987065702467,2,0.21393128811461337,0.5506022939105162,3.57989109457496
4,ring,U1,1.0,10,1.422103960573528,4.209818693372618,1,0.4682598407508817,0.07104154359726607,3.942662802630736
4,ring,U1,1.0,11,1.9214814317642541,4.709196164563345,1,0.32847246416447484,0.3185987124912061,3.8245577148737833
4,ring,U1,1.0,12,1.9789349406447465,4.766649673443837,1,0.27366677937458106,0.5032379345772692,3.6578050719453774
4,ring,U1,1.0,13,2.3398825208640393,5.127597253663129,1,0.27145973361028786,0.4454732474636394,3.750724556087454
4,ring,U1,1.0,14,2.3672480897758703,5.15496282257496,1,0.36864189829136995,0.2281046080607691,3.8041244305083275
4,ring,U1,1.0,15,2.9484564943875595,5.7361712271866505,1,0.21380440727174901,0.5631166731084689,3.45312918529122
4,ring,U1,1.0,16,2.9922414724489528,5.779956205248043,1,0.2078774710798655,0.55110821712108,3.6104544184560856
4,ring,U1,1.0,17,3.0000000000000044,5.787714732799095,1,0.11296939890372315,0.7692307692307695,3.5769230769230753
4,ring,U1,1.0,18,3.2147391351703427,6.002453867969433,1,9.499669117239505e-30,0.9999999999999994,3.408433256782273
4,ring,U1,1.0,19,3.2845470972342956,6.072261830033386,1,0.12483969182709477,0.730601368131691,3.5693724018191086
4,ring,U1,1.0,20,3.644901475922898,6.4326162087219885,1,0.09807805365580227,0.7956997513422989,3.349146177105112
4,ring,U1,1.0,21,3.7009446554031884,6.488659388202279,2,0.2998115775075991,0.3875572695920768,3.74901522141231
4,ring,U1,1.0,22,3.8437019562264205,6.631416689025511,1,0.26741452200692395,0.4588695135953303,3.5092822643733474
4,ring,U1,1.0,23,4.050381089241303,6.838095822040394,1,0.17816771198786707,0.6249290550795504,3.46598200115797
4,ring,U1,1.0,24,4.1499252763867895,6.9376400091858805,2,0.2830503157893882,0.41213995652639335,3.669009749467781
4,ring,U1,1.0,25,4.154967446283417,6.942682179082508,1,0.2233180383023177,0.5204984578550879,3.4785377047376187
4,ring,U1,1.0,26,4.801768996612202,7.589483729411292,2,0.1634181328789036,0.6449952100653035,3.643914374088514
4,ring,U1,1.0,27,5.067203240369272,7.854917973168362,2,0.1970777092468849,0.5974177803369127,3.535203718246961
4,ring,U1,1.0,28,5.201527372884762,7.989242105683852,1,0.2989655440501206,0.39648396227377,3.8109241329866776
4,ring,U1,1.0,29,5.386751119369164,8.174465852168254,2,0.11936091794144263,0.7561744376392523,3.428851893316535
4,ring,U1,1.0,30,5.396124528390323,8.183839261189414,1,0.3602965066439754,0.26400114992263757,3.854661375894347
4,ring,U1,1.0,31,5.636704481772337,8.424419214571428,2,0.06105109279125512,0.8718673492900213,3.246421901205504
4,ring,U1,1.0,32,6.045574734196574,8.833289466995664,1,0.34819803837424224,0.28453170893210805,3.716500552350298
4,ring,U1,1.0,33,6.145069026491821,8.932783759290912,1,0.32431034799726965,0.3313374730856029,3.680166154686018
4,ring,U1,1.0,34,6.2333075432087375,9.021022276007828,2,0.09964237169724108,0.7964546709840352,3.3345212004070945
4,ring,U1,1.0,35,6.377885735124107,9.165600467923198,1,0.22858379545973032,0.5454814864356669,3.6488045256548247
4,ring,U1,1.0,36,6.639493480541655,9.427208213340746,2,0.1996740974914172,0.5833341249953399,3.3304228750409006
4,ring,U1,1.0,37,6.874366122508224,9.662080855307314,1,0.255447329317126,0.4687313095073171,3.609980464995111
4,ring,U1,1.0,38,7.000000000000003,9.787714732799094,1,2.94807673734506e-29,1.0000000000000004,3.5000000000000004
4,ring,U1,1.0,39,7.11972970213585,9.907444434934941,1,0.21489310968738595,0.5494400516815245,3.3727245961939856
4,ring,U1,1.0,40,7.130091451692749,9.91780618449184,1,0.17532686660835375,0.617718153126619,3.4087400269189096
4,ring,U1,1.0,41,7.4032793514468125,10.190994084245903,1,0.16668773646739632,0.6594971638644581,3.438835826865838
4,ring,U1,1.0,42,7.492309484133478,10.280024216932569,1,1.8586476212531743e-28,0.9999999999999993,3.2614139588305204
4,ring,U1,1.0,43,7.531142221002681,10.318856953801772,1,0.09507505389117973,0.8052512768737625,3.3295704737982597
4,ring,U1,1.0,44,7.7084958719628816,10.496210604761972,1,0.11671780402420245,0.7499094645011043,3.376804005082547
4,ring,U1,1.0,45,7.840956451157481,10.628671183956572,2,0.2841363566525884,0.41957796452320106,3.6022644695111765
4,ring,U1,1.0,46,8.109916264174743,10.897630996973833,1,0.006627643378180114,0.9864613233403242,3.2588541491866985
4,ring,U1,1.0,47,8.215254532732542,11.002969265531632,1,0.20447801962794895,0.5828963924741651,3.2293684584974427
4,ring,U1,1.0,48,8.237050480381818,11.024765213180908,2,0.2810936349405348,0.40359382775411534,3.634647643110855
4,ring,U1,1.0,49,8.240014356404098,11.027729089203188,1,0.052392666018457996,0.8909230591862521,3.125582270403519
4,ring,U1,1.0,50,8.640053650820162,11.427768383619252,1,0.1837060188881435,0.6173844337384208,3.334512540088422
4,ring,U1,1.0,51,8.967578234681127,11.755292967480218,2,0.09416208872146523,0.7934283346814095,3.5090561311237747
4,ring,U1,1.0,52,9.010945399202727,11.798660132001817,1,0.2257317122599845,0.5593362732578787,3.2493485456301454
4,ring,U1,1.0,53,9.157120195585517,11.944834928384607,1,0.11363443765640159,0.7616067596284368,3.10979943460071
4,ring,U1,1.0,54,9.391271414136636,12.178986146935726,2,0.1567075643166339,0.6798842480883789,3.4243022814048336
4,ring,U1,1.0,55,9.69635723967474,12.48407197247383,2,0.060455100620326385,0.876504812793429,3.248334783356945
4,ring,U1,1.0,56,9.778332317631815,12.566047050430905,2,0.056436039607685645,0.8802320651368729,3.1623454681241743
4,ring,U1,1.0,57,10.011102778146288,12.798817510945378,1,0.2466073931044769,0.4943509807522544,3.477652585389679
4,ring,U1,1.0,58,10.247345125202434,13.035059858001524,1,0.21839287850516417,0.561719389797008,3.4741677525573578
4,ring,U1,1.0,59,10.282300405894093,13.070015138693183,1,0.21722026121618693,0.5428407776944378,3.492684796857935
4,ring,U1,1.0,60,10.632920875704265,13.420635608503355,2,0.010503532851461035,0.9785438161129221,3.06974270317429
4,ring,U1,1.0,61,10.889385404194394,13.677100136993484,1,0.23072677896505642,0.528638152998634,3.525516723139679
4,ring,U1,1.0,62,10.950097609239691,13.737812342038781,1,0.21963221864197996,0.543937919526692,3.582614097601032
4,ring,U1,1.0,63,11.256838127689157,14.044552860488247,1,0.051386591838450894,0.8950295886719027,3.3104396170467103
4,ring,U1,1.0,64,11.28332135911933,14.07103609191842,1,0.13840562868066472,0.7146715003248707,3.284086931791696
4,ring,U1,1.0,65,11.292951380696186,14.080666113495276,1,4.78947076248905e-27,1.0000000000000009,3.330152784387147
4,ring,U1,1.0,66,11.313599025407147,14.101313758206237,2,0.13008085032866057,0.724075121340533,2.972617311236138
4,ring,U1,1.0,67,11.493959207434935,14.281673940234025,1,0.00964051299025603,0.9803067575062694,3.309561397995881
4,ring,U1,1.0,68,11.846159509753068,14.633874242552158,1,0.11199032537663317,0.7602084071545485,3.2773000127167706
4,ring,U1,1.0,69,12.18264062795342,14.97035536075251,1,0.15081203068477073,0.6869442348678284,3.018215591335813
4,ring,U1,1.0,70,12.351340541351721,15.139055274150811,2,0.1399055968538496,0.7142066145382602,3.506722861221734
4,ring,U1,1.0,71,13.053002596240203,15.840717329039293,1,0.021235758138309878,0.9565419154579992,2.8896098747226415
4,ring,U1,1.0,72,13.058412332024282,15.846127064823373,1,0.14983538759959206,0.6956843968219064,3.2152378067095437
4,ring,U1,1.0,73,13.180228457522173,15.967943190321263,1,0.13910486481984646,0.7117769335781662,2.8852919890622655
4,ring,U1,1.0,74,13.229535160702572,16.017249893501663,2,0.04567020850218057,0.902161431992806,3.267416942878677
4,ring,U1,1.0,75,13.889828521027713,16.677543253826805,2,0.01548225408219863,0.9683734896370693,3.156424900104776
4,ring,U1,1.0,76,14.561219013084534,17.348933745883624,1,0.17471735653018866,0.6351007624546721,3.4208213769367695
4,ring,U1,1.0,77,14.64146196776983,17.42917670056892,2,0.03804407914813093,0.9182484491309033,2.6872600424096413
4,ring,U1,1.0,78,14.641555297393944,17.429270030193035,1,0.09932839059636693,0.7921915608354103,2.876616156781676
4,ring,U1,1.0,79,15.008163311839517,17.79587804463861,1,0.12559305067924437,0.7379689125130943,3.0245447067111013
4,ring,U1,1.0,80,16.378909616758104,19.166624349557196,1,0.0335641625462766,0.9287527352807279,2.829677212383279
4,ring,U1,1.0,81,16.38637528410388,19.174090016902973,1,0.03441630957897252,0.9267220997467729,2.825001668496355
4,ring,U5,5.0,1,15.810706432061663,0.0,1,0.33631843579350545,0.3738239780746815,3.994374775669831
4,ring,U5,5.0,2,16.47763568560632,0.6669292535446569,1,0.5614169668829747,0.0033276543109051347,3.996685353602492
4,ring,U5,5.0,3,18.347909047815023,2.53720261575336,1,0.40319877599407805,0.2827470726823014,3.9952472555365754
4,ring,U5,5.0,4,18.630823150468576,2.820116718406913,1,0.4757173617234014,0.02371073361566048,3.9853246359598304
4,ring,U5,5.0,5,20.42638092029489,4.615674488233227,2,0.46918216643877747,0.04157401304762323,3.9782921804766502
4,ring,U5,5.0,6,20.483619391209093,4.67291295914743,1,0.4705369601393323,0.03353355470394967,3.98031891219282
4,ring,U5,5.0,7,22.422705105584477,6.611998673522814,1,0.4856094659819529,0.012135381742772757,3.98946317742163
4,ring,U5,5.0,8,22.722359661387316,6.911653229325653,2,0.47723369261926885,0.025126687300818358,3.983319704920586
4,ring,U5,5.0,9,22.769920158296593,6.95921372623493,2,0.46414227750725634,0.03723809823513793,3.974115523573179
4,ring,U5,5.0,10,23.65151171683282,7.840805284771159,1,0.3765771970316295,0.2355813754446106,3.9734359751926522
4,ring,U5,5.0,11,23.665172764416575,7.854466332354912,1,0.4555386039191745,0.06491142563692184,3.962721717295978
4,ring,U5,5.0,12,23.807103992396193,7.996397560334531,2,0.4619127098159144,0.048553112108888796,3.9740549211223515
4,ring,U5,5.0,13,24.052860106375057,8.242153674313395,1,0.4777682390268126,0.016113691633797445,3.9856440730952034
4,ring,U5,5.0,14,24.061228687770768,8.250522255709106,1,0.44938789687127584,0.0820089308754513,3.95844195895819
4,ring,U5,5.0,15,24.781162853697644,8.970456421635982,1,0.4770679381671165,0.025465283662231483,3.987096113006745
4,ring,U5,5.0,16,25.625919947057305,9.815213514995643,1,0.375840416162481,0.24980633120862442,3.9279479753807687
4,ring,U5,5.0,17,25.926659678168022,10.11595324610636,1,0.5048654913815503,0.010845727080696177,3.989466710876409
4,ring,U5,5.0,18,26.662192473706526,10.851486041644863,2,0.4687964351855173,0.042361968949507924,3.97533456495373
4,ring,U5,5.0,19,26.837465788780452,11.02675935671879,1,0.4588891614557856,0.050319546649193816,3.9697766247641093
4,ring,U5,5.0,20,27.67137480193329,11.860668369871627,1,0.4406415744995361,0.08231916459364921,3.9537053550283536
4,ring,U5,5.0,21,28.00114061008498,12.190434178023319,2,0.4294402134003892,0.1227572363004249,3.9371960273193123
4,ring,U5,5.0,22,28.694352470605097,12.883646038543434,1,0.38166217598807134,0.1627230396587001,3.9065941743262105
4,ring,U5,5.0,23,29.420365013071482,13.60965858100982,2,0.3454869154287338,0.25300513745507247,3.859669623212043
4,ring,U5,5.0,24,29.621419123481758,13.810712691420095,1,0.4201526045289057,0.0815758378302797,3.950250823276071
4,ring,U5,5.0,25,29.963417598086775,14.152711166025112,1,0.38204764058097646,0.19256583692830054,3.890555077560325
4,ring,U5,5.0,26,30.580598407008214,14.769891974946551,1,0.4390525862586531,0.05140986956050099,3.9661758786125705
4,ring,U5,5.0,27,31.069266586042307,15.258560153980644,2,0.4323940021696254,0.06338491559068389,3.9539795742853494
4,ring,U5,5.0,28,31.634258298470897,15.823551866409234,1,0.061772798134131994,0.8718123296552684,3.4991682270886093
4,ring,U5,5.0,29,31.652109580653477,15.841403148591814,1,1.1564678122051173e-27,1.0000000000000007,3.4686094110060472
4,ring,U5,5.0,30,31.92609146394048,16.115385031878816,2,0.03351980064053451,0.9315271331491597,3.4922836795793533
4,ring,U5,5.0,31,31.997899889027735,16.18719345696607,2,0.07357644991645208,0.8405837664377682,3.53653498272853
4,ring,U5,5.0,32,32.00833505423781,16.197628622176147,1,0.42382384371697496,0.09085075535411061,3.9420709572338133
4,ring,U5,5.0,33,32.07918740761961,16.268480975557942,1,0.009702316880277987,0.9801805070676777,3.500985512192055
4,ring,U5,5.0,34,32.23687163282108,16.426165200759414,1,0.11686487187497548,0.7454275963331298,3.561348749294048
4,ring,U5,5.0,35,32.43169956686016,16.620993134798496,1,0.3915332414790469,0.16589869158579545,3.896725863742813
4,ring,U5,5.0,36,32.89114926920545,17.080442837143785,1,0.41235904296725634,0.126633074150952,3.913492786781131
4,ring,U5,5.0,37,32.920996581562605,17.11029014950094,1,0.4224780390438877,0.09612143422467058,3.9470939551405233
4,ring,U5,5.0,38,34.74990613873653,18.939199706674863,1,0.10091839008526601,0.7915522952716735,3.488988997833212
4,ring,U5,5.0,39,34.91948284525618,19.108776413194512,2,0.04128527666083841,0.9156641388767923,3.4659333905762537
4,ring,U5,5.0,40,35.0,19.189293567938336,1,6.925904750190248e-28,1.0000000000000018,3.5
4,ring,U5,5.0,41,35.17618539775357,19.365478965691906,2,0.040568853688548415,0.9116906277532519,3.4849618105952453
4,ring,U5,5.0,42,35.3451821439517,19.53447571189004,1,0.039506741194887715,0.9192972578041857,3.5125543882105044
4,ring,U5,5.0,43,35.52039391231733,19.709687480255667,1,0.11527675931373157,0.7523146327346202,3.5130604335755335
4,ring,U5,5.0,44,36.834287914967604,21.02358148290594,1,5.721938408937428e-28,0.9999999999999987,3.404421219730643
4,ring,U5,5.0,45,37.00345609322255,21.19274966116089,2,0.0385636472904645,0.9180878423359902,3.4208019709152513
4,ring,U5,5.0,46,37.17504339228864,21.36433696022698,1,0.032181087824115925,0.9338953993348944,3.4549325429522892
4,ring,U5,5.0,47,37.19467519561528,21.383968763553618,1,0.0704752070662097,0.8518767090294029,3.4331065158333955
4,ring,U5,5.0,48,37.41771686925329,21.607010437191626,2,0.023026198846636925,0.9529630302812682,3.477520464220798
4,ring,U5,5.0,49,37.52513553949718,21.714429107435514,1,0.0026279977902582837,0.9946316344567079,3.4800746512620746
4,ring,U5,5.0,50,38.94906975323811,23.13836332117645,1,0.013615048069981175,0.9719716324174521,3.0545368406564237
4,ring,U5,5.0,51,39.16494973053848,23.354243298476817,1,0.008716888748607841,0.9820286154904566,3.072502716670927
4,ring,U5,5.0,52,39.173102215416804,23.36239578335514,2,0.011810472321496259,0.9747619361270334,3.088762051506386
4,ring,U5,5.0,53,39.297622619063034,23.48691618700137,2,0.013650326592829422,0.9721156755887441,3.0988435143557576
4,ring,U5,5.0,54,39.38810846219211,23.577402030130443,1,0.01657268653909186,0.9659825722597791,3.1168566609669828
4,ring,U5,5.0,55,39.48202417734704,23.67131774528538,1,0.02061806318667088,0.9550820939154643,3.146403352106166
4,ring,U5,5.0,56,41.513602504378945,25.70289607231728,1,1.4731912957663842e-28,0.9999999999999999,3.1269693692634575
4,ring,U5,5.0,57,41.609151905089085,25.79844547302742,2,0.00514083644711894,0.9887816832822307,3.1349046001254783
4,ring,U5,5.0,58,41.68640206918108,25.875695637119414,1,0.009349654982686799,0.9795646434853652,3.1389613868297337
4,ring,U5,5.0,59,43.65263455033636,27.841928118274694,1,0.0017778545529095933,0.9961688246599374,3.01610943134159
4,ring,U5,5.0,60,43.71083779513673,27.90013136307507,2,0.0005414185228847445,0.9988940125621377,3.021236209912418
4,ring,U5,5.0,61,43.77249850205995,27.96179206999829,1,0.0012664010896601444,0.9973665252180182,3.026921992512676
4,ring,U5,5.0,62,45.27421862511939,29.463512193057724,1,0.016316554018879246,0.9642047353582206,3.0139167771165347
4,ring,U5,5.0,63,45.313958838772166,29.5032524067105,2,0.012322027686885251,0.973117467266047,3.0199396375031125
4,ring,U5,5.0,64,45.33392090138516,29.5232144693235,1,0.016877770500100576,0.9632889684081786,3.0228314850899354
4,ring,U5,5.0,65,45.5928489250724,29.78214249301074,2,0.0004746489571371014,0.9990304066783847,3.0282105379486812
4,ring,U5,5.0,66,45.59358916827757,29.782882736215903,1,0.0006394238499714956,0.9986938113203623,3.0290036528313107
4,ring,U5,5.0,67,45.61451419918553,29.803807767123864,1,0.00013580907848249353,0.9997225748133812,3.031843723539134
4,ring,U5,5.0,68,46.11568776093119,30.304981328869523,1,0.009200555321887457,0.9800638200071342,3.003846636677311
4,ring,U5,5.0,69,46.24064093358584,30.429934501524173,2,0.00036312621569822997,0.9992582207369252,3.020657857826905
4,ring,U5,5.0,70,46.34885656666644,30.538150134604777,1,0.01508196924250729,0.9671212297387652,3.0342573738632193
4,ring,U5,5.0,71,47.06227406969735,31.251567637635688,1,0.01091538646113339,0.9764182499958436,3.0054070924267724
4,ring,U5,5.0,72,47.12502137539906,31.314314943337394,2,0.004131631563773991,0.9911105182199192,3.0166459824353176
4,ring,U5,5.0,73,47.195673459483686,31.38496702742202,1,0.017740808850583597,0.9616411324661005,3.0291032310118817
4,ring,U5,5.0,74,48.07373665643145,32.263030224369786,1,0.004153645314975987,0.9911327966409438,3.022387608168803
4,ring,U5,5.0,75,48.082561149972236,32.27185471791057,1,0.002031398587566511,0.9956711596791347,3.0184382828163248
4,ring,U5,5.0,76,48.08268488321833,32.27197845115666,2,0.0006229435840277428,0.9987274765282128,3.021171867909529
4,ring,U5,5.0,77,60.53417716414967,44.723470732088,1,0.00014393501709638993,0.9996847482551974,2.0355167809257786
4,ring,U5,5.0,78,60.534568535512484,44.72386210345082,2,0.00014385342628688106,0.999684895187977,2.035629321997786
4,ring,U5,5.0,79,60.534589209554994,44.72388277749333,1,0.00014491962015658619,0.9996826590210671,2.0356381245694353
4,ring,U5,5.0,80,61.0604081670947,45.249701735033035,1,0.00020726352631218804,0.9995468682709164,2.069301389794999
4,ring,U5,5.0,81,61.06072876701435,45.25002233495269,1,0.00020785134283379052,0.9995455856819625,2.0693853111871574
4,ring,U20,20.0,1,78.47851810575736,0.0,1,0.2831716199512852,0.52186291863877,3.9999059695293027
4,ring,U20,20.0,2,78.83838772271346,0.35986961695610376,1,0.6028239059393403,2.8456259209571454e-05,3.999971558638756
4,ring,U20,20.0,3,79.59814500925037,1.119626903493014,1,0.3443009834429354,0.4309920738214717,3.999982740093918
4,ring,U20,20.0,4,94.30385022027386,15.825332114516499,1,0.4878651291762583,0.0026174721107798692,3.998557465111467
4,ring,U20,20.0,5,95.82420285219983,17.345684746442473,2,0.48756200157927254,0.004028443555375072,3.997933516744803
4,ring,U20,20.0,6,96.2014866328462,17.722968527088838,1,0.48806499542287957,0.0022681773081578748,3.99879147147259
4,ring,U20,20.0,7,97.93149365952242,19.452975553765057,2,0.48881723113339526,0.001464312370694209,3.999035018259457
4,ring,U20,20.0,8,98.98527214678637,20.506754041029012,1,0.4886225752668499,0.0007155114706582018,3.999311072938114
4,ring,U20,20.0,9,99.31463355499655,20.836115449239188,2,0.48752180897488123,0.002214159701534234,3.9983553090704786
4,ring,U20,20.0,10,99.41245056746682,20.93393246170946,1,0.47796171004491916,0.02144264415820242,3.998710444615042
4,ring,U20,20.0,11,99.61607490830892,21.137556802551558,1,0.48682094988989993,0.004999452990388222,3.9970532252507507
4,ring,U20,20.0,12,99.68476693159229,21.206248825834933,2,0.48785883528412644,0.0027179098873887234,3.9986243011919185
4,ring,U20,20.0,13,99.74442293431169,21.265904828554326,1,0.48881621669428577,0.0007455792407491532,3.9992657958003472
4,ring,U20,20.0,14,99.75108371258177,21.272565606824415,1,0.4865168283023274,0.00616348043688112,3.9969153912179554
4,ring,U20,20.0,15,99.94971789262893,21.471199786871566,1,0.4889123445155587,0.001270018674783841,3.9993643995903794
4,ring,U20,20.0,16,100.47502442915176,21.9965063233944,1,0.4937211852942019,0.0004651237514058933,3.999535059517493
4,ring,U20,20.0,17,100.67546728120979,22.19694917545243,1,0.47652852783522787,0.03394581515535169,3.9963964481075944
4,ring,U20,20.0,18,101.9288077903348,23.45028968457744,2,0.4887497574588867,0.001602144811288707,3.9989667762234395
4,ring,U20,20.0,19,103.07359570264012,24.59507759688276,1,0.4877601052544385,0.002553034877601926,3.9986755885102974
4,ring,U20,20.0,20,103.79693160104877,25.31841349529141,2,0.48688945194074806,0.00540230023021372,3.9972601829670187
4,ring,U20,20.0,21,104.7235149627644,26.244996857007038,1,0.4866549899781796,0.004203929989821597,3.9978166545486227
4,ring,U20,20.0,22,119.62442395549353,41.14590584973617,1,0.4482827687433462,0.01603108680851102,3.991229748115459
4,ring,U20,20.0,23,119.86575007170913,41.38723196595177,2,0.44742322631488607,0.01882154018796354,3.9903620029108886
4,ring,U20,20.0,24,119.87237231089587,41.39385420513851,1,0.4476117532566274,0.01846027799516994,3.9905898727945743
4,ring,U20,20.0,25,119.92702113082342,41.44850302506606,1,0.4542996282318145,0.0030170265495722934,3.9975723139815096
4,ring,U20,20.0,26,120.15219530871158,41.673677202954224,1,0.4546749624210604,0.0028776899604552857,3.998100835212661
4,ring,U20,20.0,27,120.38649149841474,41.90797339265738,2,0.4550209908422671,0.003033865601024102,3.9975555607128443
4,ring,U20,20.0,28,120.59271292641202,42.11419482065466,1,0.45595773888917396,0.0016574095536175581,3.9983418265140465
4,ring,U20,20.0,29,120.74235825616884,42.26384015041148,1,0.4558630911515612,0.0027687683890846356,3.9972557893847718
4,ring,U20,20.0,30,121.03405883223613,42.55554072647877,1,0.4560492450886367,0.0028609747396180375,3.997960146865237
4,ring,U20,20.0,31,121.16063132120486,42.6821132154475,1,0.45523890872484485,0.00546556639471329,3.995985146773576
4,ring,U20,20.0,32,136.99237927199965,58.51386116624229,1,1.763631740848201e-27,1.0000000000000009,3.496021891633514
4,ring,U20,20.0,33,137.02519008772782,58.54667198197046,1,0.002092298639541044,0.995723996193487,3.496944083996983
4,ring,U20,20.0,34,137.04803465450846,58.569516548751096,2,0.0033389037817310257,0.9927896962883265,3.4976707689464273
4,ring,U20,20.0,35,137.07631277944276,58.5977946736854,2,0.0012802035418888018,0.9973848529826961,3.4982121869501976
4,ring,U20,20.0,36,137.10647134581828,58.62795324006092,1,0.00692894637213442,0.9850378265819718,3.499437683125389
4,ring,U20,20.0,37,137.12820301971783,58.64968491396047,1,0.0003596625892501934,0.9992652960902406,3.4995408039238476
4,ring,U20,20.0,38,139.90010398759685,61.42158588183949,1,0.0031299912656289224,0.9936059118149078,3.496233538616377
4,ring,U20,20.0,39,139.998743264896,61.52022515913865,2,0.003039437043629768,0.9937911633120426,3.498682992288054
4,ring,U20,20.0,40,140.00000000000009,61.521481894242726,1,2.9337044518887212e-24,1.0000000000000013,3.5000000000000684
4,ring,U20,20.0,41,140.0963766724998,61.61785856674243,2,0.0043921753442947775,0.9903636041416626,3.502254569202554
4,ring,U20,20.0,42,140.0990105016138,61.620492395856445,1,0.0030143902241447436,0.9938423279222985,3.501213153306314
4,ring,U20,20.0,43,140.1941272269534,61.71560912119605,1,0.008854263323298762,0.9805783789311299,3.5045659539699465
4,ring,U20,20.0,44,142.60777439918022,64.12925629342286,1,2.7641352255558884e-26,0.9999999999999996,3.4939970047157702
4,ring,U20,20.0,45,142.65374384715392,64.17522574139656,2,0.003034980862282608,0.9934966465907717,3.4949946568844785
4,ring,U20,20.0,46,142.67560038193955,64.19708227618219,1,0.0021641315618485518,0.9955775901389933,3.496906659071811
4,ring,U20,20.0,47,142.69804702163515,64.21952891587779,1,0.0058219903705711154,0.9875399736910517,3.4959104983031755
4,ring,U20,20.0,48,142.7259393324531,64.24742122669574,2,0.0012327716525065138,0.9974817448908844,3.4981611411752054
4,ring,U20,20.0,49,142.77180134880317,64.2932832430458,1,0.00026148333171526053,0.9994658526299645,3.499209468940413
4,ring,U20,20.0,50,159.5869282146303,81.10841010887293,1,0.0005127408419660316,0.9989473046249737,3.0022374973681414
4,ring,U20,20.0,51,159.63316250258222,81.15464439682486,2,0.0005295929660334546,0.998912026230803,3.004058784738519
4,ring,U20,20.0,52,159.68001641209958,81.20149830634222,1,0.000545139221980393,0.9988848280484788,3.0059770813804105
4,ring,U20,20.0,53,159.68229493185257,81.20377682609521,2,0.0005539487170944525,0.9988684163979809,3.0061136812866818
4,ring,U20,20.0,54,159.6842146541306,81.20569654837325,1,0.0005693639270810043,0.998834323902292,3.0062338899239367
4,ring,U20,20.0,55,159.68535632882245,81.20683822306509,1,0.0005814516639282637,0.9988011415831091,3.006295167542011
4,ring,U20,20.0,56,160.3998463288203,81.92132822306294,1,1.051795065101785e-28,1.0000000000000009,3.0099811036499897
4,ring,U20,20.0,57,160.44893487649273,81.97041677073537,2,6.49527874825449e-05,0.9998612828064171,3.012002865071275
4,ring,U20,20.0,58,160.492424860014,82.01390675425665,1,0.00011641021564195521,0.9997509575917188,3.013626242542177
4,ring,U20,20.0,59,178.20534969229365,99.72683158653629,1,1.4155609721924455e-05,0.9999693259928232,3.0009054583362866
4,ring,U20,20.0,60,178.2064364009446,99.72791829518724,2,2.759382910550061e-06,0.9999943632463502,3.0009295938191523
4,ring,U20,20.0,61,178.2075506078913,99.72903250213395,1,8.696707118810594e-06,0.999981278526058,3.000955175457831
4,ring,U20,20.0,62,180.06065862497783,101.58214051922047,1,0.0009192535147299113,0.9979831054308228,3.000434871127232
4,ring,U20,20.0,63,180.06648010809883,101.58796200234147,2,0.0006368279040288077,0.9986027008308986,3.0007392125835883
4,ring,U20,20.0,64,180.07174216292077,101.59322405716341,1,0.0010990845344786646,0.997587483032728,3.0010064863613373
4,ring,U20,20.0,65,180.14990529977933,101.67138719402197,2,1.7343242194130723e-06,0.9999964571939826,3.001869082514505
4,ring,U20,20.0,66,180.14990578580432,101.67138768004696,1,2.8433896623097097e-06,0.9999941916408213,3.001871455476064
4,ring,U20,20.0,67,180.15027773885012,101.67175963309276,1,5.714796108250922e-07,0.9999988326050113,3.0018853275447466
4,ring,U20,20.0,68,180.41514622911865,101.93662812336129,1,0.0007372610060064563,0.9983837133901149,3.0008631539241812
4,ring,U20,20.0,69,180.43368690567047,101.95516879991311,2,3.510811617801775e-06,0.9999928282587642,3.0017944970683716
4,ring,U20,20.0,70,180.451798479912,101.97328037415463,1,0.0012312605565382823,0.9972994909539203,3.002705662106389
4,ring,U20,20.0,71,180.65751450387427,102.17899639811691,1,0.0008386212118202817,0.9981621824142245,3.000575459316937
4,ring,U20,20.0,72,180.66827337016383,102.18975526440647,2,0.0003708197275324572,0.999187802238515,3.0011595102542525
4,ring,U20,20.0,73,180.67948748414838,102.20096937839102,1,0.0011631660497560402,0.9974507963477115,3.0017765123571487
4,ring,U20,20.0,74,182.24438681254813,103.76586870679077,1,2.0764104293280876e-05,0.9999551976056211,3.001025746171739
4,ring,U20,20.0,75,182.24524518185544,103.76672707609808,2,3.440078370319585e-06,0.9999929727497261,3.0010413307036603
4,ring,U20,20.0,76,182.24605582617602,103.76753772041866,1,1.2804284718820345e-05,0.999972365832409,3.0010543800614307
4,ring,U20,20.0,77,240.13335149730383,161.65483339154648,1,5.624736556869096e-07,0.9999987654937856,2.002222427423369
4,ring,U20,20.0,78,240.13335191178774,161.65483380603038,2,5.624730112399543e-07,0.9999987654946983,2.0022224584322563
4,ring,U20,20.0,79,240.13335191309358,161.65483380733622,1,5.624893764711128e-07,0.9999987654603689,2.002222458573171
4,ring,U20,20.0,80,240.26657028484007,161.7880521790827,1,8.415859425318883e-07,0.9999981531406954,2.004437354360413
4,ring,U20,20.0,81,240.26657069410706,161.7880525883497,1,8.415985153267342e-07,0.9999981531132969,2.004437384807022
