K,graph,case,t,U,U_over_t,g,dimension,ground_energy,ground_degeneracy,gap,ground_mean_volume,ground_volume_sd,ground_probability_zero_volume,ground_mean_active_sites,ground_commutator_norm_frobenius,ground_commutator_norm_operator,hamiltonian_hermiticity_max_abs,volume_hermiticity_max_abs,onsite_volume_commutator_max_abs,commutator_decomposition_max_abs,commutator_edge_decomposition_max_abs,triple_cancellation_ratio,site0_ground_reduced_entropy,site0_ground_reduced_purity,site0_ground_reduced_trace_residual,ground_spin_closure_correlation_residual,no_hopping_ground_eigenvalue_spread
2,complete,no_hopping,0.0,1.0,,0.0,20,0.0,2,0.9999999999999998,0.30465319023639065,0.0,0.0,4.0,0.0,0.0,0.0,0.0,0.0,0.0,0.0,0.0,0.6931471805599453,0.5,4.440892098500626e-16,4.440892098500626e-16,0.0
2,complete,free,1.0,0.0,0.0,0.0,20,-4.0000000000000036,6,4.000000000000001,0.03808164877954886,0.10075457218599261,0.8750000000000001,2.875000000000001,2.110699216709502,1.0553496083547511,2.220446049250313e-16,0.0,0.0,0.0,0.0,1.0,1.6874460940243095,0.20117187499999997,2.220446049250313e-16,1.1102230246251565e-16,
2,complete,U1,1.0,1.0,1.0,0.0,20,-3.3408476172483446,2,0.5555867524186815,0.14785160784355583,0.15226084877339427,0.5146887917739078,3.422012911086288,2.110699216709502,1.0553496083547511,2.220446049250313e-16,0.0,0.0,0.0,0.0,1.0,1.4531411670538767,0.2806041794912591,1.1102230246251565e-15,2.220446049250313e-16,
2,complete,U5,1.0,5.0,5.0,0.0,20,-1.844288770224762,2,3.4963983508782244,0.235885111835472,0.12736312599929064,0.2257257780480117,3.768016541025193,2.110699216709502,1.0553496083547511,2.220446049250313e-16,0.0,0.0,0.0,0.0,1.0,1.1157241270578524,0.3952200049371647,1.1102230246251565e-15,2.220446049250313e-16,
2,complete,U20,1.0,20.0,20.0,0.0,20,-0.5857322798479174,2,17.578111551847453,0.2961652081293191,0.05013825871865511,0.027861129898181083,3.972071377122627,2.110699216709502,1.0553496083547511,2.220446049250313e-16,0.0,0.0,0.0,0.0,1.0,0.7743292866728524,0.48619819022294514,1.1102230246251565e-16,2.220446049250313e-16,
2,ring,no_hopping,0.0,1.0,,0.0,20,0.0,2,0.9999999999999998,0.30465319023639065,0.0,0.0,4.0,0.0,0.0,0.0,0.0,0.0,0.0,0.0,0.0,0.6931471805599453,0.5,4.440892098500626e-16,4.440892098500626e-16,0.0
2,ring,free,1.0,0.0,0.0,0.0,20,-4.0000000000000036,3,2.0000000000000013,0.050775531706065136,0.11353754048845748,0.8333333333333333,2.916666666666667,1.7233786938101374,1.0553496083547511,2.220446049250313e-16,0.0,0.0,0.0,0.0,1.0,1.6803589370979184,0.20283564814814814,2.220446049250313e-16,3.3306690738754696e-16,
2,ring,U1,1.0,1.0,1.0,0.0,20,-3.3408476172483463,1,0.4769712781787474,0.14785160784355617,0.15226084877339421,0.5146887917739085,3.422012911086295,1.7233786938101374,1.0553496083547511,2.220446049250313e-16,0.0,0.0,0.0,0.0,1.0,1.4531411670538765,0.28060417949125926,4.440892098500626e-16,3.3306690738754696e-16,
2,ring,U5,1.0,5.0,5.0,0.0,20,-1.8442887702247581,1,0.9999999999999919,0.23588511183547226,0.12736312599929056,0.22572577804801208,3.7680165410251973,1.7233786938101374,1.0553496083547511,2.220446049250313e-16,0.0,0.0,0.0,0.0,1.0,1.1157241270578522,0.39522000493716475,0.0,5.551115123125783e-16,
2,ring,U20,1.0,20.0,20.0,0.0,20,-0.5857322798478979,1,0.38475229939803884,0.29616520812931957,0.050138258718653586,0.027861129898181108,3.9720713771226324,1.7233786938101374,1.0553496083547511,2.220446049250313e-16,0.0,0.0,0.0,0.0,1.0,0.7743292866728524,0.4861981902229451,1.3322676295501878e-15,4.440892098500626e-16,
3,complete,no_hopping,0.0,1.0,,0.0,50,1.9999999999999996,12,1.0000000000000013,0.389312110176339,7.450580596923828e-09,0.0,4.0,0.0,0.0,0.0,0.0,0.0,0.0,0.0,0.0,1.5890269151739729,0.20833333333333337,1.1102230246251565e-16,2.220446049250313e-16,1.3322676295501878e-15
3,complete,free,1.0,0.0,0.0,0.0,50,-6.000000000000008,10,4.000000000000001,0.11679363305290169,0.17840522138460616,0.6999999999999998,3.3249999999999993,6.031197276759316,1.3486167096545454,2.220446049250313e-16,0.0,0.0,1.1102230246251565e-16,1.1102230246251565e-16,1.0,2.163035372316536,0.12695312500000003,2.220446049250313e-16,2.220446049250313e-16,
3,complete,U1,1.0,1.0,1.0,0.0,50,-3.4953369233910823,3,0.48078975807168955,0.30534784024254286,0.16011966925342605,0.215673408915445,3.8345334579709682,6.031197276759316,1.3486167096545454,2.220446049250313e-16,0.0,0.0,1.1102230246251565e-16,1.1102230246251565e-16,1.0,1.8844606233935743,0.1760655926340573,2.220446049250313e-16,2.220446049250313e-16,
3,complete,U5,1.0,5.0,5.0,0.0,50,5.258120603145892,3,1.3780472991927795,0.3664493198776789,0.09153171010884709,0.058726121538589394,3.9663631962992434,6.031197276759316,1.3486167096545454,2.220446049250313e-16,0.0,0.0,1.1102230246251565e-16,1.1102230246251565e-16,1.0,1.6937346182361193,0.2005509248269416,6.661338147750939e-16,2.220446049250313e-16,
3,complete,U20,1.0,20.0,20.0,0.0,50,35.74018126719282,3,1.8668564922131097,0.386272097882398,0.03426765131095072,0.007808676417910833,3.996569121177862,6.031197276759316,1.3486167096545454,2.220446049250313e-16,0.0,0.0,1.1102230246251565e-16,1.1102230246251565e-16,1.0,1.607640202161616,0.2074409295835855,2.220446049250313e-16,4.440892098500626e-16,
3,ring,no_hopping,0.0,1.0,,0.0,50,1.9999999999999996,12,1.0000000000000013,0.389312110176339,7.450580596923828e-09,0.0,4.0,0.0,0.0,0.0,0.0,0.0,0.0,0.0,0.0,1.5890269151739729,0.20833333333333337,1.1102230246251565e-16,2.220446049250313e-16,1.3322676295501878e-15
3,ring,free,1.0,0.0,0.0,0.0,50,-6.000000000000005,4,2.0000000000000027,0.1520750430376324,0.18994166787527295,0.6093749999999993,3.3749999999999973,4.924451955374592,1.298407286453313,2.220446049250313e-16,0.0,0.0,1.1102230246251565e-16,1.1102230246251565e-16,1.0,2.1467593665873173,0.12898763020833334,6.661338147750939e-16,4.440892098500626e-16,
3,ring,U1,1.0,1.0,1.0,0.0,50,-3.4377996042315324,2,0.8864420578581189,0.3002956988276988,0.16349692796219087,0.22865050693727593,3.7912835226510415,4.924451955374592,1.298407286453313,2.220446049250313e-16,0.0,0.0,1.1102230246251565e-16,1.1102230246251565e-16,1.0,1.9024249151673152,0.17052294324982042,8.881784197001252e-16,6.661338147750939e-16,
3,ring,U5,1.0,5.0,5.0,0.0,50,5.352495488852244,2,1.9190706794835908,0.367980084013824,0.0885988757234956,0.054794150001787,3.954430547063523,4.924451955374592,1.298407286453313,2.220446049250313e-16,0.0,0.0,1.1102230246251565e-16,1.1102230246251565e-16,1.0,1.6930950691884412,0.1991100846800227,1.1102230246251565e-15,2.220446049250313e-16,
3,ring,U20,1.0,20.0,20.0,0.0,50,35.79396754825477,2,2.013120472847085,0.3869916382919181,0.029966701789860054,0.005960441054273682,3.995294553493641,4.924451955374592,1.298407286453313,2.220446049250313e-16,0.0,0.0,1.1102230246251565e-16,1.1102230246251565e-16,1.0,1.6051390038378817,0.20735591495008424,0.0,4.440892098500626e-16,
4,complete,no_hopping,0.0,1.0,,0.0,105,3.9999999999999996,3,0.9999999999999996,0.4062042536485209,0.28722978230168944,0.33333333333333326,4.0,3.1401849173675503e-16,2.220446049250313e-16,2.220446049250313e-16,6.162975822039155e-33,2.220446049250313e-16,3.0814879110195774e-33,2.220446049250313e-16,0.0,1.0986122886681096,0.33333333333333326,4.440892098500626e-16,4.440892098500626e-16,3.9968028886505635e-15
4,complete,free,1.0,0.0,0.0,0.0,105,-8.000000000000007,15,4.000000000000003,0.2164010109028967,0.2428487309603782,0.5552083333333331,3.578124999999999,13.015778206357945,3.100888862754637,4.440892098500626e-16,6.162975822039155e-33,2.220446049250313e-16,2.220446049250313e-16,2.220446049250313e-16,1.0,2.5404699225941525,0.08802319335937502,1.1102230246251565e-16,4.440892098500626e-16,
4,complete,U1,1.0,1.0,1.0,0.0,105,-2.8678551931894294,1,0.17744048631756826,0.29773310233762623,0.23398188897825625,0.3812298747979659,3.9868724068215418,13.015778206357945,3.100888862754637,4.440892098500626e-16,6.162975822039155e-33,2.220446049250313e-16,2.220446049250313e-16,2.220446049250313e-16,1.0,2.1282141017286635,0.14073049313267888,6.661338147750939e-16,8.881784197001252e-16,
4,complete,U5,1.0,5.0,5.0,0.0,105,15.757236034791728,1,0.1249008470163897,0.18433040858929045,0.23608770730675527,0.6211216690513439,3.997199099155432,13.015778206357945,3.100888862754639,1.1102230246251565e-15,6.162975822039155e-33,2.220446049250313e-16,4.440892098500626e-16,1.7763568394002505e-15,1.0,1.7609676897812034,0.21555095383419548,1.1102230246251565e-16,4.440892098500626e-16,
4,complete,U20,1.0,20.0,20.0,0.0,105,78.4744354619889,1,0.009225701259239827,0.03348745734595996,0.12353458139442805,0.9315436612208895,3.9999339051367886,13.015778206357945,3.1008888627546374,4.440892098500626e-15,6.162975822039155e-33,2.220446049250313e-16,1.7763568394002505e-15,7.105427357601002e-15,1.0,1.2714801502657436,0.31085102876503673,4.440892098500626e-16,8.881784197001252e-16,
4,ring,no_hopping,0.0,1.0,,0.0,105,3.9999999999999996,3,0.9999999999999996,0.4062042536485209,0.28722978230168944,0.33333333333333326,4.0,3.1401849173675503e-16,2.220446049250313e-16,2.220446049250313e-16,6.162975822039155e-33,2.220446049250313e-16,3.0814879110195774e-33,2.220446049250313e-16,0.0,1.0986122886681096,0.33333333333333326,4.440892098500626e-16,4.440892098500626e-16,3.9968028886505635e-15
4,ring,free,1.0,0.0,0.0,0.0,105,-8.0,5,1.9999999999999964,0.26748173032040845,0.2445896758039036,0.452083333333333,3.6218749999999984,10.627338403604883,2.6459696923171085,4.440892098500626e-16,6.162975822039155e-33,2.220446049250313e-16,2.220446049250313e-16,2.220446049250313e-16,1.0,2.5148437396909777,0.08996980794270834,3.3306690738754696e-16,4.440892098500626e-16,
4,ring,U1,1.0,1.0,1.0,0.0,105,-2.7877147327990905,1,0.3496946385997415,0.36563195488979955,0.2286025961061239,0.2740786292459998,3.947115674290575,10.627338403604883,2.6459696923171054,4.440892098500626e-16,6.162975822039155e-33,2.220446049250313e-16,2.220446049250313e-16,2.220446049250313e-16,1.0,2.1417816253258106,0.14045112636002624,2.220446049250313e-16,8.881784197001252e-16,
4,ring,U5,1.0,5.0,5.0,0.0,105,15.810706432061663,1,0.6669292535446569,0.33631843579350545,0.26423790904045963,0.3738239780746815,3.994374775669834,10.627338403604883,2.6459696923171068,1.1102230246251565e-15,6.162975822039155e-33,2.220446049250313e-16,4.440892098500626e-16,1.7763568394002505e-15,1.0,1.7499045376347953,0.21838350959339653,4.440892098500626e-16,8.881784197001252e-16,
4,ring,U20,1.0,20.0,20.0,0.0,105,78.47851810575736,1,0.35986961695610376,0.2831716199512852,0.29725452101793615,0.5218629186387705,3.9999059695293013,10.627338403604883,2.6459696923171037,4.440892098500626e-15,6.162975822039155e-33,2.220446049250313e-16,1.7763568394002505e-15,7.105427357601002e-15,1.0,1.2703872364493891,0.31103296865448427,8.881784197001252e-16,1.3322676295501878e-15,
