K,state_index_at_K,j1,j2,j3,j4,k_pair,J_total,all_four_faces_active
2,1,0.0,0.0,1.0,1.0,0.0,0,False
2,2,0.0,0.5,0.5,1.0,0.5,0,False
2,3,0.0,0.5,1.0,0.5,0.5,0,False
2,4,0.0,1.0,0.0,1.0,1.0,0,False
2,5,0.0,1.0,0.5,0.5,1.0,0,False
2,6,0.0,1.0,1.0,0.0,1.0,0,False
2,7,0.5,0.0,0.5,1.0,0.5,0,False
2,8,0.5,0.0,1.0,0.5,0.5,0,False
2,9,0.5,0.5,0.0,1.0,1.0,0,False
2,10,0.5,0.5,0.5,0.5,0.0,0,True
2,11,0.5,0.5,0.5,0.5,1.0,0,True
2,12,0.5,0.5,1.0,0.0,1.0,0,False
2,13,0.5,1.0,0.0,0.5,0.5,0,False
2,14,0.5,1.0,0.5,0.0,0.5,0,False
2,15,1.0,0.0,0.0,1.0,1.0,0,False
2,16,1.0,0.0,0.5,0.5,1.0,0,False
2,17,1.0,0.0,1.0,0.0,1.0,0,False
2,18,1.0,0.5,0.0,0.5,0.5,0,False
2,19,1.0,0.5,0.5,0.0,0.5,0,False
2,20,1.0,1.0,0.0,0.0,0.0,0,False
3,1,0.0,0.0,1.5,1.5,0.0,0,False
3,2,0.0,0.5,1.0,1.5,0.5,0,False
3,3,0.0,0.5,1.5,1.0,0.5,0,False
3,4,0.0,1.0,0.5,1.5,1.0,0,False
3,5,0.0,1.0,1.0,1.0,1.0,0,False
3,6,0.0,1.0,1.5,0.5,1.0,0,False
3,7,0.0,1.5,0.0,1.5,1.5,0,False
3,8,0.0,1.5,0.5,1.0,1.5,0,False
3,9,0.0,1.5,1.0,0.5,1.5,0,False
3,10,0.0,1.5,1.5,0.0,1.5,0,False
3,11,0.5,0.0,1.0,1.5,0.5,0,False
3,12,0.5,0.0,1.5,1.0,0.5,0,False
3,13,0.5,0.5,0.5,1.5,1.0,0,True
3,14,0.5,0.5,1.0,1.0,0.0,0,True
3,15,0.5,0.5,1.0,1.0,1.0,0,True
3,16,0.5,0.5,1.5,0.5,1.0,0,True
3,17,0.5,1.0,0.0,1.5,1.5,0,False
3,18,0.5,1.0,0.5,1.0,0.5,0,True
3,19,0.5,1.0,0.5,1.0,1.5,0,True
3,20,0.5,1.0,1.0,0.5,0.5,0,True
3,21,0.5,1.0,1.0,0.5,1.5,0,True
3,22,0.5,1.0,1.5,0.0,1.5,0,False
3,23,0.5,1.5,0.0,1.0,1.0,0,False
3,24,0.5,1.5,0.5,0.5,1.0,0,True
3,25,0.5,1.5,1.0,0.0,1.0,0,False
3,26,1.0,0.0,0.5,1.5,1.0,0,False
3,27,1.0,0.0,1.0,1.0,1.0,0,False
3,28,1.0,0.0,1.5,0.5,1.0,0,False
3,29,1.0,0.5,0.0,1.5,1.5,0,False
3,30,1.0,0.5,0.5,1.0,0.5,0,True
3,31,1.0,0.5,0.5,1.0,1.5,0,True
3,32,1.0,0.5,1.0,0.5,0.5,0,True
3,33,1.0,0.5,1.0,0.5,1.5,0,True
3,34,1.0,0.5,1.5,0.0,1.5,0,False
3,35,1.0,1.0,0.0,1.0,1.0,0,False
3,36,1.0,1.0,0.5,0.5,0.0,0,True
3,37,1.0,1.0,0.5,0.5,1.0,0,True
3,38,1.0,1.0,1.0,0.0,1.0,0,False
3,39,1.0,1.5,0.0,0.5,0.5,0,False
3,40,1.0,1.5,0.5,0.0,0.5,0,False
3,41,1.5,0.0,0.0,1.5,1.5,0,False
3,42,1.5,0.0,0.5,1.0,1.5,0,False
3,43,1.5,0.0,1.0,0.5,1.5,0,False
3,44,1.5,0.0,1.5,0.0,1.5,0,False
3,45,1.5,0.5,0.0,1.0,1.0,0,False
3,46,1.5,0.5,0.5,0.5,1.0,0,True
3,47,1.5,0.5,1.0,0.0,1.0,0,False
3,48,1.5,1.0,0.0,0.5,0.5,0,False
3,49,1.5,1.0,0.5,0.0,0.5,0,False
3,50,1.5,1.5,0.0,0.0,0.0,0,False
4,1,0.0,0.0,2.0,2.0,0.0,0,False
4,2,0.0,0.5,1.5,2.0,0.5,0,False
4,3,0.0,0.5,2.0,1.5,0.5,0,False
4,4,0.0,1.0,1.0,2.0,1.0,0,False
4,5,0.0,1.0,1.5,1.5,1.0,0,False
4,6,0.0,1.0,2.0,1.0,1.0,0,False
4,7,0.0,1.5,0.5,2.0,1.5,0,False
4,8,0.0,1.5,1.0,1.5,1.5,0,False
4,9,0.0,1.5,1.5,1.0,1.5,0,False
4,10,0.0,1.5,2.0,0.5,1.5,0,False
4,11,0.0,2.0,0.0,2.0,2.0,0,False
4,12,0.0,2.0,0.5,1.5,2.0,0,False
4,13,0.0,2.0,1.0,1.0,2.0,0,False
4,14,0.0,2.0,1.5,0.5,2.0,0,False
4,15,0.0,2.0,2.0,0.0,2.0,0,False
4,16,0.5,0.0,1.5,2.0,0.5,0,False
4,17,0.5,0.0,2.0,1.5,0.5,0,False
4,18,0.5,0.5,1.0,2.0,1.0,0,True
4,19,0.5,0.5,1.5,1.5,0.0,0,True
4,20,0.5,0.5,1.5,1.5,1.0,0,True
4,21,0.5,0.5,2.0,1.0,1.0,0,True
4,22,0.5,1.0,0.5,2.0,1.5,0,True
4,23,0.5,1.0,1.0,1.5,0.5,0,True
4,24,0.5,1.0,1.0,1.5,1.5,0,True
4,25,0.5,1.0,1.5,1.0,0.5,0,True
4,26,0.5,1.0,1.5,1.0,1.5,0,True
4,27,0.5,1.0,2.0,0.5,1.5,0,True
4,28,0.5,1.5,0.0,2.0,2.0,0,False
4,29,0.5,1.5,0.5,1.5,1.0,0,True
4,30,0.5,1.5,0.5,1.5,2.0,0,True
4,31,0.5,1.5,1.0,1.0,1.0,0,True
4,32,0.5,1.5,1.0,1.0,2.0,0,True
4,33,0.5,1.5,1.5,0.5,1.0,0,True
4,34,0.5,1.5,1.5,0.5,2.0,0,True
4,35,0.5,1.5,2.0,0.0,2.0,0,False
4,36,0.5,2.0,0.0,1.5,1.5,0,False
4,37,0.5,2.0,0.5,1.0,1.5,0,True
4,38,0.5,2.0,1.0,0.5,1.5,0,True
4,39,0.5,2.0,1.5,0.0,1.5,0,False
4,40,1.0,0.0,1.0,2.0,1.0,0,False
4,41,1.0,0.0,1.5,1.5,1.0,0,False
4,42,1.0,0.0,2.0,1.0,1.0,0,False
4,43,1.0,0.5,0.5,2.0,1.5,0,True
4,44,1.0,0.5,1.0,1.5,0.5,0,True
4,45,1.0,0.5,1.0,1.5,1.5,0,True
4,46,1.0,0.5,1.5,1.0,0.5,0,True
4,47,1.0,0.5,1.5,1.0,1.5,0,True
4,48,1.0,0.5,2.0,0.5,1.5,0,True
4,49,1.0,1.0,0.0,2.0,2.0,0,False
4,50,1.0,1.0,0.5,1.5,1.0,0,True
4,51,1.0,1.0,0.5,1.5,2.0,0,True
4,52,1.0,1.0,1.0,1.0,0.0,0,True
4,53,1.0,1.0,1.0,1.0,1.0,0,True
4,54,1.0,1.0,1.0,1.0,2.0,0,True
4,55,1.0,1.0,1.5,0.5,1.0,0,True
4,56,1.0,1.0,1.5,0.5,2.0,0,True
4,57,1.0,1.0,2.0,0.0,2.0,0,False
4,58,1.0,1.5,0.0,1.5,1.5,0,False
4,59,1.0,1.5,0.5,1.0,0.5,0,True
4,60,1.0,1.5,0.5,1.0,1.5,0,True
4,61,1.0,1.5,1.0,0.5,0.5,0,True
4,62,1.0,1.5,1.0,0.5,1.5,0,True
4,63,1.0,1.5,1.5,0.0,1.5,0,False
4,64,1.0,2.0,0.0,1.0,1.0,0,False
4,65,1.0,2.0,0.5,0.5,1.0,0,True
4,66,1.0,2.0,1.0,0.0,1.0,0,False
4,67,1.5,0.0,0.5,2.0,1.5,0,False
4,68,1.5,0.0,1.0,1.5,1.5,0,False
4,69,1.5,0.0,1.5,1.0,1.5,0,False
4,70,1.5,0.0,2.0,0.5,1.5,0,False
4,71,1.5,0.5,0.0,2.0,2.0,0,False
4,72,1.5,0.5,0.5,1.5,1.0,0,True
4,73,1.5,0.5,0.5,1.5,2.0,0,True
4,74,1.5,0.5,1.0,1.0,1.0,0,True
4,75,1.5,0.5,1.0,1.0,2.0,0,True
4,76,1.5,0.5,1.5,0.5,1.0,0,True
4,77,1.5,0.5,1.5,0.5,2.0,0,True
4,78,1.5,0.5,2.0,0.0,2.0,0,False
4,79,1.5,1.0,0.0,1.5,1.5,0,False
4,80,1.5,1.0,0.5,1.0,0.5,0,True
4,81,1.5,1.0,0.5,1.0,1.5,0,True
4,82,1.5,1.0,1.0,0.5,0.5,0,True
4,83,1.5,1.0,1.0,0.5,1.5,0,True
4,84,1.5,1.0,1.5,0.0,1.5,0,False
4,85,1.5,1.5,0.0,1.0,1.0,0,False
4,86,1.5,1.5,0.5,0.5,0.0,0,True
4,87,1.5,1.5,0.5,0.5,1.0,0,True
4,88,1.5,1.5,1.0,0.0,1.0,0,False
4,89,1.5,2.0,0.0,0.5,0.5,0,False
4,90,1.5,2.0,0.5,0.0,0.5,0,False
4,91,2.0,0.0,0.0,2.0,2.0,0,False
4,92,2.0,0.0,0.5,1.5,2.0,0,False
4,93,2.0,0.0,1.0,1.0,2.0,0,False
4,94,2.0,0.0,1.5,0.5,2.0,0,False
4,95,2.0,0.0,2.0,0.0,2.0,0,False
4,96,2.0,0.5,0.0,1.5,1.5,0,False
4,97,2.0,0.5,0.5,1.0,1.5,0,True
4,98,2.0,0.5,1.0,0.5,1.5,0,True
4,99,2.0,0.5,1.5,0.0,1.5,0,False
4,100,2.0,1.0,0.0,1.0,1.0,0,False
4,101,2.0,1.0,0.5,0.5,1.0,0,True
4,102,2.0,1.0,1.0,0.0,1.0,0,False
4,103,2.0,1.5,0.0,0.5,0.5,0,False
4,104,2.0,1.5,0.5,0.0,0.5,0,False
4,105,2.0,2.0,0.0,0.0,0.0,0,False
