K,state_index_at_K,block,j1,j2,j3,j4,k_pair,J_total,all_four_faces_active,q012_mean,rs_mean,rs_second_moment,rs_sd,al_mean,al_second_moment,al_sd
3,1,b0000,0.0,0.0,1.5,1.5,0.0,0,False,0.0,0.0,0.0,0.0,0.0,0.0,0.0
3,2,b0001,0.0,0.5,1.0,1.5,0.5,0,False,0.0,0.0,0.0,0.0,0.0,0.0,0.0
3,3,b0002,0.0,0.5,1.5,1.0,0.5,0,False,0.0,0.0,0.0,0.0,0.0,0.0,0.0
3,4,b0003,0.0,1.0,0.5,1.5,1.0,0,False,0.0,0.0,0.0,0.0,0.0,0.0,0.0
3,5,b0004,0.0,1.0,1.0,1.0,1.0,0,False,0.0,0.0,0.0,0.0,0.0,0.0,0.0
3,6,b0005,0.0,1.0,1.5,0.5,1.0,0,False,0.0,0.0,0.0,0.0,0.0,0.0,0.0
3,7,b0006,0.0,1.5,0.0,1.5,1.5,0,False,0.0,0.0,0.0,0.0,0.0,0.0,0.0
3,8,b0007,0.0,1.5,0.5,1.0,1.5,0,False,0.0,0.0,0.0,0.0,0.0,0.0,0.0
3,9,b0008,0.0,1.5,1.0,0.5,1.5,0,False,0.0,0.0,0.0,0.0,0.0,0.0,0.0
3,10,b0009,0.0,1.5,1.5,0.0,1.5,0,False,0.0,0.0,0.0,0.0,0.0,0.0,0.0
3,11,b0010,0.5,0.0,1.0,1.5,0.5,0,False,0.0,0.0,0.0,0.0,0.0,0.0,0.0
3,12,b0011,0.5,0.0,1.5,1.0,0.5,0,False,0.0,0.0,0.0,0.0,0.0,0.0,0.0
3,13,b0012,0.5,0.5,0.5,1.5,1.0,0,True,0.0,0.0,0.0,0.0,0.0,0.0,0.0
3,14,b0013,0.5,0.5,1.0,1.0,0.0,0,True,-0.0,0.3893121101763391,0.15156391912995398,0.0,0.19465605508816955,0.037890979782488496,0.0
3,15,b0013,0.5,0.5,1.0,1.0,1.0,0,True,0.0,0.3893121101763391,0.15156391912995398,0.0,0.19465605508816955,0.037890979782488496,0.0
3,16,b0014,0.5,0.5,1.5,0.5,1.0,0,True,0.0,0.0,0.0,0.0,0.0,0.0,0.0
3,17,b0015,0.5,1.0,0.0,1.5,1.5,0,False,0.0,0.0,0.0,0.0,0.0,0.0,0.0
3,18,b0016,0.5,1.0,0.5,1.0,0.5,0,True,0.0,0.38931211017633904,0.15156391912995396,0.0,0.19465605508816952,0.03789097978248849,0.0
3,19,b0016,0.5,1.0,0.5,1.0,1.5,0,True,0.0,0.38931211017633904,0.15156391912995396,0.0,0.19465605508816952,0.03789097978248849,0.0
3,20,b0017,0.5,1.0,1.0,0.5,0.5,0,True,0.0,0.38931211017633904,0.15156391912995396,0.0,0.19465605508816952,0.03789097978248849,0.0
3,21,b0017,0.5,1.0,1.0,0.5,1.5,0,True,0.0,0.38931211017633904,0.15156391912995396,0.0,0.19465605508816952,0.03789097978248849,0.0
3,22,b0018,0.5,1.0,1.5,0.0,1.5,0,False,0.0,0.0,0.0,0.0,0.0,0.0,0.0
3,23,b0019,0.5,1.5,0.0,1.0,1.0,0,False,0.0,0.0,0.0,0.0,0.0,0.0,0.0
3,24,b0020,0.5,1.5,0.5,0.5,1.0,0,True,0.0,0.0,0.0,0.0,0.0,0.0,0.0
3,25,b0021,0.5,1.5,1.0,0.0,1.0,0,False,0.0,0.0,0.0,0.0,0.0,0.0,0.0
3,26,b0022,1.0,0.0,0.5,1.5,1.0,0,False,0.0,0.0,0.0,0.0,0.0,0.0,0.0
3,27,b0023,1.0,0.0,1.0,1.0,1.0,0,False,0.0,0.0,0.0,0.0,0.0,0.0,0.0
3,28,b0024,1.0,0.0,1.5,0.5,1.0,0,False,0.0,0.0,0.0,0.0,0.0,0.0,0.0
3,29,b0025,1.0,0.5,0.0,1.5,1.5,0,False,0.0,0.0,0.0,0.0,0.0,0.0,0.0
3,30,b0026,1.0,0.5,0.5,1.0,0.5,0,True,0.0,0.38931211017633904,0.15156391912995396,0.0,0.19465605508816952,0.03789097978248849,0.0
3,31,b0026,1.0,0.5,0.5,1.0,1.5,0,True,0.0,0.38931211017633904,0.15156391912995396,0.0,0.19465605508816952,0.03789097978248849,0.0
3,32,b0027,1.0,0.5,1.0,0.5,0.5,0,True,0.0,0.38931211017633904,0.15156391912995396,0.0,0.19465605508816952,0.03789097978248849,0.0
3,33,b0027,1.0,0.5,1.0,0.5,1.5,0,True,0.0,0.38931211017633904,0.15156391912995396,0.0,0.19465605508816952,0.03789097978248849,0.0
3,34,b0028,1.0,0.5,1.5,0.0,1.5,0,False,0.0,0.0,0.0,0.0,0.0,0.0,0.0
3,35,b0029,1.0,1.0,0.0,1.0,1.0,0,False,0.0,0.0,0.0,0.0,0.0,0.0,0.0
3,36,b0030,1.0,1.0,0.5,0.5,0.0,0,True,-0.0,0.38931211017633904,0.15156391912995396,0.0,0.19465605508816955,0.037890979782488496,0.0
3,37,b0030,1.0,1.0,0.5,0.5,1.0,0,True,0.0,0.38931211017633904,0.15156391912995396,0.0,0.19465605508816955,0.037890979782488496,0.0
3,38,b0031,1.0,1.0,1.0,0.0,1.0,0,False,0.0,0.0,0.0,0.0,0.0,0.0,0.0
3,39,b0032,1.0,1.5,0.0,0.5,0.5,0,False,0.0,0.0,0.0,0.0,0.0,0.0,0.0
3,40,b0033,1.0,1.5,0.5,0.0,0.5,0,False,0.0,0.0,0.0,0.0,0.0,0.0,0.0
3,41,b0034,1.5,0.0,0.0,1.5,1.5,0,False,0.0,0.0,0.0,0.0,0.0,0.0,0.0
3,42,b0035,1.5,0.0,0.5,1.0,1.5,0,False,0.0,0.0,0.0,0.0,0.0,0.0,0.0
3,43,b0036,1.5,0.0,1.0,0.5,1.5,0,False,0.0,0.0,0.0,0.0,0.0,0.0,0.0
3,44,b0037,1.5,0.0,1.5,0.0,1.5,0,False,0.0,0.0,0.0,0.0,0.0,0.0,0.0
3,45,b0038,1.5,0.5,0.0,1.0,1.0,0,False,0.0,0.0,0.0,0.0,0.0,0.0,0.0
3,46,b0039,1.5,0.5,0.5,0.5,1.0,0,True,0.0,0.0,0.0,0.0,0.0,0.0,0.0
3,47,b0040,1.5,0.5,1.0,0.0,1.0,0,False,0.0,0.0,0.0,0.0,0.0,0.0,0.0
3,48,b0041,1.5,1.0,0.0,0.5,0.5,0,False,0.0,0.0,0.0,0.0,0.0,0.0,0.0
3,49,b0042,1.5,1.0,0.5,0.0,0.5,0,False,0.0,0.0,0.0,0.0,0.0,0.0,0.0
3,50,b0043,1.5,1.5,0.0,0.0,0.0,0,False,0.0,0.0,0.0,0.0,0.0,0.0,0.0
