K,graph,case,beta,active_sites,probability,conditional_mean_volume
2,complete,no_hopping,0.0,1,0.0,
2,complete,no_hopping,0.0,2,0.3,0.0
2,complete,no_hopping,0.0,3,0.6,0.0
2,complete,no_hopping,0.0,4,0.1,0.30465319023639065
2,complete,no_hopping,0.1,1,0.0,
2,complete,no_hopping,0.1,2,0.2764358285812467,0.0
2,complete,no_hopping,0.1,3,0.6110176769242776,0.0
2,complete,no_hopping,0.1,4,0.11254649449447555,0.30465319023639065
2,complete,no_hopping,0.25,1,0.0,
2,complete,no_hopping,0.25,2,0.2428584680501643,0.0
2,complete,no_hopping,0.25,3,0.6236728912685177,0.0
2,complete,no_hopping,0.25,4,0.1334686406813178,0.30465319023639065
2,complete,no_hopping,0.5,1,0.0,
2,complete,no_hopping,0.5,2,0.19217699405636238,0.0
2,complete,no_hopping,0.5,3,0.6336925956798737,0.0
2,complete,no_hopping,0.5,4,0.17413041026376394,0.30465319023639065
2,complete,no_hopping,1.0,1,0.0,
2,complete,no_hopping,1.0,2,0.11236482341923633,0.0
2,complete,no_hopping,1.0,3,0.6108785153170392,0.0
2,complete,no_hopping,1.0,4,0.27675666126372467,0.30465319023639065
2,complete,no_hopping,2.0,1,0.0,
2,complete,no_hopping,2.0,2,0.029431245123901016,0.0
2,complete,no_hopping,2.0,3,0.4349382425637677,0.0
2,complete,no_hopping,2.0,4,0.535630512312331,0.30465319023639065
2,complete,no_hopping,4.0,1,0.0,
2,complete,no_hopping,4.0,2,0.000905921039970478,0.0
2,complete,no_hopping,4.0,3,0.09892322571698053,0.0
2,complete,no_hopping,4.0,4,0.9001708532430491,0.30465319023639065
2,complete,no_hopping,8.0,1,0.0,
2,complete,no_hopping,8.0,2,3.3692725140227137e-07,0.0
2,complete,no_hopping,8.0,3,0.0020087319622392385,0.0
2,complete,no_hopping,8.0,4,0.99799093111051,0.30465319023639065
2,complete,no_hopping,16.0,1,0.0,
2,complete,no_hopping,16.0,2,3.799247099434476e-14,
2,complete,no_hopping,16.0,3,6.752105924058772e-07,0.0
2,complete,no_hopping,16.0,4,0.999999324789369,0.30465319023639065
2,complete,no_hopping,inf,1,0.0,
2,complete,no_hopping,inf,2,0.0,
2,complete,no_hopping,inf,3,0.0,
2,complete,no_hopping,inf,4,1.0,0.30465319023639065
2,complete,free,0.0,1,0.0,
2,complete,free,0.0,2,0.29999999999999993,0.0
2,complete,free,0.0,3,0.6,0.0
2,complete,free,0.0,4,0.09999999999999999,0.30465319023639065
2,complete,free,0.1,1,0.0,
2,complete,free,0.1,2,0.2976806499696946,0.0
2,complete,free,0.1,3,0.6011596750151527,0.0
2,complete,free,0.1,4,0.1011596750151527,0.30465319023639065
2,complete,free,0.25,1,0.0,
2,complete,free,0.25,2,0.28771170272612073,0.0
2,complete,free,0.25,3,0.6061441486369397,0.0
2,complete,free,0.25,4,0.10614414863693968,0.3046531902363906
2,complete,free,0.5,1,0.0,
2,complete,free,0.5,2,0.2688159682107762,0.0
2,complete,free,0.5,3,0.6155920158946119,0.0
2,complete,free,0.5,4,0.11559201589461195,0.3046531902363906
2,complete,free,1.0,1,0.0,
2,complete,free,1.0,2,0.25297886086508864,0.0
2,complete,free,1.0,3,0.6235105695674558,0.0
2,complete,free,1.0,4,0.12351056956745574,0.3046531902363907
2,complete,free,2.0,1,0.0,
2,complete,free,2.0,2,0.2500558854350614,0.0
2,complete,free,2.0,3,0.6249720572824693,0.0
2,complete,free,2.0,4,0.12497205728246955,0.3046531902363906
2,complete,free,4.0,1,0.0,
2,complete,free,4.0,2,0.25000001875585953,0.0
2,complete,free,4.0,3,0.6249999906220702,0.0
2,complete,free,4.0,4,0.12499999062207066,0.30465319023639065
2,complete,free,8.0,1,0.0,
2,complete,free,8.0,2,0.25000000000000183,0.0
2,complete,free,8.0,3,0.6249999999999988,0.0
2,complete,free,8.0,4,0.12499999999999978,0.30465319023639065
2,complete,free,16.0,1,0.0,
2,complete,free,16.0,2,0.24999999999999942,0.0
2,complete,free,16.0,3,0.6249999999999992,0.0
2,complete,free,16.0,4,0.12500000000000158,0.30465319023639065
2,complete,free,inf,1,0.0,
2,complete,free,inf,2,0.24999999999999997,0.0
2,complete,free,inf,3,0.6250000000000002,0.0
2,complete,free,inf,4,0.12500000000000006,0.3046531902363907
2,complete,U1,0.0,1,0.0,
2,complete,U1,0.0,2,0.29999999999999993,0.0
2,complete,U1,0.0,3,0.5999999999999999,0.0
2,complete,U1,0.0,4,0.09999999999999992,0.30465319023639065
2,complete,U1,0.1,1,0.0,
2,complete,U1,0.1,2,0.2745786255640319,0.0
2,complete,U1,0.1,3,0.611819595089155,0.0
2,complete,U1,0.1,4,0.11360177934681248,0.30465319023639076
2,complete,U1,0.25,1,0.0,
2,complete,U1,0.25,2,0.2366550590938737,0.0
2,complete,U1,0.25,3,0.6255120070427523,0.0
2,complete,U1,0.25,4,0.13783293386337317,0.30465319023639054
2,complete,U1,0.5,1,0.0,
2,complete,U1,0.5,2,0.1918480462597313,0.0
2,complete,U1,0.5,3,0.6317130340093476,0.0
2,complete,U1,0.5,4,0.17643891973092027,0.30465319023639065
2,complete,U1,1.0,1,0.0,
2,complete,U1,1.0,2,0.15534654834132802,0.0
2,complete,U1,1.0,3,0.6150613194816267,0.0
2,complete,U1,1.0,4,0.22959213217704405,0.3046531902363907
2,complete,U1,2.0,1,0.0,
2,complete,U1,2.0,2,0.12376211696411595,0.0
2,complete,U1,2.0,3,0.5716090110346473,0.0
2,complete,U1,2.0,4,0.3046288720012352,0.3046531902363906
2,complete,U1,4.0,1,0.0,
2,complete,U1,4.0,2,0.08598802010840885,0.0
2,complete,U1,4.0,3,0.5034743654577931,0.0
2,complete,U1,4.0,4,0.41053761443379744,0.30465319023639065
2,complete,U1,8.0,1,0.0,
2,complete,U1,8.0,2,0.06565342840884514,0.0
2,complete,U1,8.0,3,0.4577942425444111,0.0
2,complete,U1,8.0,4,0.47655232904674255,0.3046531902363906
2,complete,U1,16.0,1,0.0,
2,complete,U1,16.0,2,0.0633235124611824,0.0
2,complete,U1,16.0,3,0.4514661776195504,0.0
2,complete,U1,16.0,4,0.48521030991926584,0.3046531902363906
2,complete,U1,inf,1,0.0,
2,complete,U1,inf,2,0.06329829713979887,0.0
2,complete,U1,inf,3,0.45139049463410896,0.0
2,complete,U1,inf,4,0.48531120822609086,0.3046531902363906
2,complete,U5,0.0,1,0.0,
2,complete,U5,0.0,2,0.3,0.0
2,complete,U5,0.0,3,0.6,0.0
2,complete,U5,0.0,4,0.09999999999999987,0.3046531902363907
2,complete,U5,0.1,1,0.0,
2,complete,U5,0.1,2,0.19191486625823614,0.0
2,complete,U5,0.1,3,0.6336146446789789,0.0
2,complete,U5,0.1,4,0.17447048906278442,0.30465319023639065
2,complete,U5,0.25,1,0.0,
2,complete,U5,0.25,2,0.09028505142729919,0.0
2,complete,U5,0.25,3,0.5847960638609364,0.0
2,complete,U5,0.25,4,0.32491888471176383,0.3046531902363907
2,complete,U5,0.5,1,0.0,
2,complete,U5,0.5,2,0.03161290364646932,0.0
2,complete,U5,0.5,3,0.4135251923404497,0.0
2,complete,U5,0.5,4,0.55486190401308,0.3046531902363907
2,complete,U5,1.0,1,0.0,
2,complete,U5,1.0,2,0.00985777652963285,0.0
2,complete,U5,1.0,3,0.25448224431714905,0.0
2,complete,U5,1.0,4,0.7356599791532166,0.3046531902363906
2,complete,U5,2.0,1,0.0,
2,complete,U5,2.0,2,0.006346390066771528,0.0
2,complete,U5,2.0,3,0.22048301562516612,0.0
2,complete,U5,2.0,4,0.7731705943080607,0.3046531902363907
2,complete,U5,4.0,1,0.0,
2,complete,U5,4.0,2,0.0062577534979242145,0.0
2,complete,U5,4.0,3,0.2194690078544923,0.0
2,complete,U5,4.0,4,0.7742732386475818,0.30465319023639076
2,complete,U5,8.0,1,0.0,
2,complete,U5,8.0,2,0.006257680926849494,0.0
2,complete,U5,8.0,3,0.21946809712198873,0.0
2,complete,U5,8.0,4,0.7742742219511601,0.30465319023639065
2,complete,U5,16.0,1,0.0,
2,complete,U5,16.0,2,0.006257680926789148,0.0
2,complete,U5,16.0,3,0.21946809712122256,0.0
2,complete,U5,16.0,4,0.7742742219519868,0.30465319023639065
2,complete,U5,inf,1,0.0,
2,complete,U5,inf,2,0.006257680926789148,0.0
2,complete,U5,inf,3,0.21946809712122256,0.0
2,complete,U5,inf,4,0.7742742219519867,0.3046531902363907
2,complete,U20,0.0,1,0.0,
2,complete,U20,0.0,2,0.3,0.0
2,complete,U20,0.0,3,0.5999999999999996,0.0
2,complete,U20,0.0,4,0.09999999999999994,0.3046531902363907
2,complete,U20,0.1,1,0.0,
2,complete,U20,0.1,2,0.0306975123043552,0.0
2,complete,U20,0.1,3,0.4388688209510288,0.0
2,complete,U20,0.1,4,0.5304336667446156,0.30465319023639065
2,complete,U20,0.25,1,0.0,
2,complete,U20,0.25,2,0.0005315185429194305,0.0
2,complete,U20,0.25,3,0.06522253228784602,0.0
2,complete,U20,0.25,4,0.9342459491692341,0.3046531902363906
2,complete,U20,0.5,1,0.0,
2,complete,U20,0.5,2,7.0626406020796e-05,0.0
2,complete,U20,0.5,3,0.028126006767262412,0.0
2,complete,U20,0.5,4,0.9718033668267165,0.3046531902363906
2,complete,U20,1.0,1,0.0,
2,complete,U20,1.0,2,6.749330739331527e-05,0.0
2,complete,U20,1.0,3,0.02779367419413986,0.0
2,complete,U20,1.0,4,0.9721388324984662,0.3046531902363907
2,complete,U20,2.0,1,0.0,
2,complete,U20,2.0,2,6.749297918952434e-05,0.0
2,complete,U20,2.0,3,0.027793636918992344,0.0
2,complete,U20,2.0,4,0.9721388701018177,0.30465319023639065
2,complete,U20,4.0,1,0.0,
2,complete,U20,4.0,2,6.749297918951786e-05,0.0
2,complete,U20,4.0,3,0.02779363691899156,0.0
2,complete,U20,4.0,4,0.9721388701018184,0.30465319023639065
2,complete,U20,8.0,1,0.0,
2,complete,U20,8.0,2,6.749297918951786e-05,0.0
2,complete,U20,8.0,3,0.02779363691899156,0.0
2,complete,U20,8.0,4,0.9721388701018184,0.30465319023639065
2,complete,U20,16.0,1,0.0,
2,complete,U20,16.0,2,6.749297918951786e-05,0.0
2,complete,U20,16.0,3,0.02779363691899156,0.0
2,complete,U20,16.0,4,0.9721388701018183,0.30465319023639065
2,complete,U20,inf,1,0.0,
2,complete,U20,inf,2,6.749297918951786e-05,0.0
2,complete,U20,inf,3,0.02779363691899156,0.0
2,complete,U20,inf,4,0.9721388701018183,0.30465319023639065
2,ring,no_hopping,0.0,1,0.0,
2,ring,no_hopping,0.0,2,0.3,0.0
2,ring,no_hopping,0.0,3,0.6,0.0
2,ring,no_hopping,0.0,4,0.1,0.30465319023639065
2,ring,no_hopping,0.1,1,0.0,
2,ring,no_hopping,0.1,2,0.2764358285812467,0.0
2,ring,no_hopping,0.1,3,0.6110176769242776,0.0
2,ring,no_hopping,0.1,4,0.11254649449447555,0.30465319023639065
2,ring,no_hopping,0.25,1,0.0,
2,ring,no_hopping,0.25,2,0.2428584680501643,0.0
2,ring,no_hopping,0.25,3,0.6236728912685177,0.0
2,ring,no_hopping,0.25,4,0.1334686406813178,0.30465319023639065
2,ring,no_hopping,0.5,1,0.0,
2,ring,no_hopping,0.5,2,0.19217699405636238,0.0
2,ring,no_hopping,0.5,3,0.6336925956798737,0.0
2,ring,no_hopping,0.5,4,0.17413041026376394,0.30465319023639065
2,ring,no_hopping,1.0,1,0.0,
2,ring,no_hopping,1.0,2,0.11236482341923633,0.0
2,ring,no_hopping,1.0,3,0.6108785153170392,0.0
2,ring,no_hopping,1.0,4,0.27675666126372467,0.30465319023639065
2,ring,no_hopping,2.0,1,0.0,
2,ring,no_hopping,2.0,2,0.029431245123901016,0.0
2,ring,no_hopping,2.0,3,0.4349382425637677,0.0
2,ring,no_hopping,2.0,4,0.535630512312331,0.30465319023639065
2,ring,no_hopping,4.0,1,0.0,
2,ring,no_hopping,4.0,2,0.000905921039970478,0.0
2,ring,no_hopping,4.0,3,0.09892322571698053,0.0
2,ring,no_hopping,4.0,4,0.9001708532430491,0.30465319023639065
2,ring,no_hopping,8.0,1,0.0,
2,ring,no_hopping,8.0,2,3.3692725140227137e-07,0.0
2,ring,no_hopping,8.0,3,0.0020087319622392385,0.0
2,ring,no_hopping,8.0,4,0.99799093111051,0.30465319023639065
2,ring,no_hopping,16.0,1,0.0,
2,ring,no_hopping,16.0,2,3.799247099434476e-14,
2,ring,no_hopping,16.0,3,6.752105924058772e-07,0.0
2,ring,no_hopping,16.0,4,0.999999324789369,0.30465319023639065
2,ring,no_hopping,inf,1,0.0,
2,ring,no_hopping,inf,2,0.0,
2,ring,no_hopping,inf,3,0.0,
2,ring,no_hopping,inf,4,1.0,0.30465319023639065
2,ring,free,0.0,1,0.0,
2,ring,free,0.0,2,0.30000000000000004,0.0
2,ring,free,0.0,3,0.6000000000000001,0.0
2,ring,free,0.0,4,0.09999999999999999,0.3046531902363907
2,ring,free,0.1,1,0.0,
2,ring,free,0.1,2,0.298433260836808,0.0
2,ring,free,0.1,3,0.6007736181576655,0.0
2,ring,free,0.1,4,0.1007931210055265,0.30465319023639065
2,ring,free,0.25,1,0.0,
2,ring,free,0.25,2,0.29118702398450347,0.0
2,ring,free,0.25,3,0.6040710529148352,0.0
2,ring,free,0.25,4,0.10474192310066147,0.3046531902363906
2,ring,free,0.5,1,0.0,
2,ring,free,0.5,2,0.27443923011880456,0.0
2,ring,free,0.5,3,0.609176373516023,0.0
2,ring,free,0.5,4,0.1163843963651724,0.30465319023639065
2,ring,free,1.0,1,0.0,
2,ring,free,1.0,2,0.2550013262880954,0.0
2,ring,free,1.0,3,0.6034199646596059,0.0
2,ring,free,1.0,4,0.14157870905229847,0.30465319023639054
2,ring,free,2.0,1,0.0,
2,ring,free,2.0,2,0.25010908288657785,0.0
2,ring,free,2.0,3,0.5871960649335405,0.0
2,ring,free,2.0,4,0.16269485217988192,0.30465319023639065
2,ring,free,4.0,1,0.0,
2,ring,free,4.0,2,0.25000003749494565,0.0
2,ring,free,4.0,3,0.5834078097518027,0.0
2,ring,free,4.0,4,0.16659215275325157,0.30465319023639065
2,ring,free,8.0,1,0.0,
2,ring,free,8.0,2,0.2500000000000044,0.0
2,ring,free,8.0,3,0.583333358341142,0.0
2,ring,free,8.0,4,0.16666664165885414,0.3046531902363906
2,ring,free,16.0,1,0.0,
2,ring,free,16.0,2,0.25000000000000006,0.0
2,ring,free,16.0,3,0.5833333333333356,0.0
2,ring,free,16.0,4,0.16666666666666435,0.30465319023639065
2,ring,free,inf,1,0.0,
2,ring,free,inf,2,0.25000000000000006,0.0
2,ring,free,inf,3,0.5833333333333333,0.0
2,ring,free,inf,4,0.16666666666666677,0.30465319023639065
2,ring,U1,0.0,1,0.0,
2,ring,U1,0.0,2,0.30000000000000027,0.0
2,ring,U1,0.0,3,0.6000000000000002,0.0
2,ring,U1,0.0,4,0.10000000000000003,0.30465319023639065
2,ring,U1,0.1,1,0.0,
2,ring,U1,0.1,2,0.2751807480719418,0.0
2,ring,U1,0.1,3,0.6115496063793566,0.0
2,ring,U1,0.1,4,0.11326964554870213,0.30465319023639065
2,ring,U1,0.25,1,0.0,
2,ring,U1,0.25,2,0.23837603927818563,0.0
2,ring,U1,0.25,3,0.6246499324652484,0.0
2,ring,U1,0.25,4,0.1369740282565666,0.3046531902363906
2,ring,U1,0.5,1,0.0,
2,ring,U1,0.5,2,0.19149913261683693,0.0
2,ring,U1,0.5,3,0.6282815983960157,0.0
2,ring,U1,0.5,4,0.18021926898714732,0.30465319023639065
2,ring,U1,1.0,1,0.0,
2,ring,U1,1.0,2,0.1525353584700323,0.0
2,ring,U1,1.0,3,0.5945693747230666,0.0
2,ring,U1,1.0,4,0.2528952668069016,0.3046531902363906
2,ring,U1,2.0,1,0.0,
2,ring,U1,2.0,2,0.12900012931009927,0.0
2,ring,U1,2.0,3,0.5380773379948928,0.0
2,ring,U1,2.0,4,0.3329225326950088,0.30465319023639065
2,ring,U1,4.0,1,0.0,
2,ring,U1,4.0,2,0.09617269223195422,0.0
2,ring,U1,4.0,3,0.4888634300498714,0.0
2,ring,U1,4.0,4,0.4149638777181749,0.3046531902363906
2,ring,U1,8.0,1,0.0,
2,ring,U1,8.0,2,0.06872717984184888,0.0
2,ring,U1,8.0,3,0.45660377346341996,0.0
2,ring,U1,8.0,4,0.47466904669473153,0.30465319023639065
2,ring,U1,16.0,1,0.0,
2,ring,U1,16.0,2,0.06340734991075987,0.0
2,ring,U1,16.0,3,0.45146501305717956,0.0
2,ring,U1,16.0,4,0.4851276370320612,0.3046531902363906
2,ring,U1,inf,1,0.0,
2,ring,U1,inf,2,0.06329829713979888,0.0
2,ring,U1,inf,3,0.4513904946341097,0.0
2,ring,U1,inf,4,0.4853112082260919,0.30465319023639065
2,ring,U5,0.0,1,0.0,
2,ring,U5,0.0,2,0.3000000000000001,0.0
2,ring,U5,0.0,3,0.6000000000000002,0.0
2,ring,U5,0.0,4,0.10000000000000005,0.3046531902363906
2,ring,U5,0.1,1,0.0,
2,ring,U5,0.1,2,0.1919983871843803,0.0
2,ring,U5,0.1,3,0.6336296112243066,0.0
2,ring,U5,0.1,4,0.17437200159131358,0.3046531902363906
2,ring,U5,0.25,1,0.0,
2,ring,U5,0.25,2,0.08818759557754074,0.0
2,ring,U5,0.25,3,0.5829961892027566,0.0
2,ring,U5,0.25,4,0.3288162152197027,0.3046531902363906
2,ring,U5,0.5,1,0.0,
2,ring,U5,0.5,2,0.028063026514482853,0.0
2,ring,U5,0.5,3,0.39358586522439215,0.0
2,ring,U5,0.5,4,0.5783511082611251,0.30465319023639076
2,ring,U5,1.0,1,0.0,
2,ring,U5,1.0,2,0.010494273165099844,0.0
2,ring,U5,1.0,3,0.22952844609744713,0.0
2,ring,U5,1.0,4,0.7599772807374532,0.30465319023639065
2,ring,U5,2.0,1,0.0,
2,ring,U5,2.0,2,0.007369932439446015,0.0
2,ring,U5,2.0,3,0.2117457624105241,0.0
2,ring,U5,2.0,4,0.7808843051500299,0.30465319023639065
2,ring,U5,4.0,1,0.0,
2,ring,U5,4.0,2,0.006418556345260215,0.0
2,ring,U5,4.0,3,0.21820039858798967,0.0
2,ring,U5,4.0,4,0.77538104506675,0.30465319023639065
2,ring,U5,8.0,1,0.0,
2,ring,U5,8.0,2,0.006260679554365531,0.0
2,ring,U5,8.0,3,0.21944444985979455,0.0
2,ring,U5,8.0,4,0.7742948705858395,0.3046531902363907
2,ring,U5,16.0,1,0.0,
2,ring,U5,16.0,2,0.006257681933053929,0.0
2,ring,U5,16.0,3,0.21946808918579006,0.0
2,ring,U5,16.0,4,0.7742742288811556,0.3046531902363907
2,ring,U5,inf,1,0.0,
2,ring,U5,inf,2,0.0062576809267891175,0.0
2,ring,U5,inf,3,0.21946809712122295,0.0
2,ring,U5,inf,4,0.7742742219519876,0.3046531902363907
2,ring,U20,0.0,1,0.0,
2,ring,U20,0.0,2,0.3,0.0
2,ring,U20,0.0,3,0.6,0.0
2,ring,U20,0.0,4,0.10000000000000007,0.3046531902363907
2,ring,U20,0.1,1,0.0,
2,ring,U20,0.1,2,0.030285185029780903,0.0
2,ring,U20,0.1,3,0.43758236749929047,0.0
2,ring,U20,0.1,4,0.5321324474709292,0.30465319023639065
2,ring,U20,0.25,1,0.0,
2,ring,U20,0.25,2,0.0004215065697300493,0.0
2,ring,U20,0.25,3,0.0570956154473326,0.0
2,ring,U20,0.25,4,0.9424828779829381,0.30465319023639065
2,ring,U20,0.5,1,0.0,
2,ring,U20,0.5,2,7.241924725414287e-05,0.0
2,ring,U20,0.5,3,0.02005846798755971,0.0
2,ring,U20,0.5,4,0.9798691127651868,0.3046531902363907
2,ring,U20,1.0,1,0.0,
2,ring,U20,1.0,2,7.021999864863007e-05,0.0
2,ring,U20,1.0,3,0.02058617533799102,0.0
2,ring,U20,1.0,4,0.9793436046633612,0.3046531902363907
2,ring,U20,2.0,1,0.0,
2,ring,U20,2.0,2,6.96246513445961e-05,0.0
2,ring,U20,2.0,3,0.02215932054570961,0.0
2,ring,U20,2.0,4,0.9777710548029467,0.30465319023639065
2,ring,U20,4.0,1,0.0,
2,ring,U20,4.0,2,6.868261526219314e-05,0.0
2,ring,U20,4.0,3,0.024649257523429956,0.0
2,ring,U20,4.0,4,0.9752820598613086,0.3046531902363907
2,ring,U20,8.0,1,0.0,
2,ring,U20,8.0,2,6.778940041497206e-05,0.0
2,ring,U20,8.0,3,0.02701015294845331,0.0
2,ring,U20,8.0,4,0.9729220576511324,0.3046531902363907
2,ring,U20,16.0,1,0.0,
2,ring,U20,16.0,2,6.750722789811992e-05,0.0
2,ring,U20,16.0,3,0.027755975530977722,0.0
2,ring,U20,16.0,4,0.9721765172411249,0.30465319023639076
2,ring,U20,inf,1,0.0,
2,ring,U20,inf,2,6.749297918952216e-05,0.0
2,ring,U20,inf,3,0.027793636918991584,0.0
2,ring,U20,inf,4,0.9721388701018197,0.3046531902363907
3,complete,no_hopping,0.0,1,0.0,
3,complete,no_hopping,0.0,2,0.12000000000000001,0.0
3,complete,no_hopping,0.0,3,0.5600000000000002,0.0
3,complete,no_hopping,0.0,4,0.32,0.2919840826322542
3,complete,no_hopping,0.1,1,0.0,
3,complete,no_hopping,0.1,2,0.09372886263574,0.0
3,complete,no_hopping,0.1,3,0.542269919205324,0.0
3,complete,no_hopping,0.1,4,0.36400121815893594,0.299099861401262
3,complete,no_hopping,0.25,1,0.0,
3,complete,no_hopping,0.25,2,0.06307510529411944,0.0
3,complete,no_hopping,0.25,3,0.5049930703039247,0.0
3,complete,no_hopping,0.25,4,0.43193182440195615,0.30907592053045996
3,complete,no_hopping,0.5,1,0.0,
3,complete,no_hopping,0.5,2,0.03064962655346638,0.0
3,complete,no_hopping,0.5,3,0.424832022527116,0.0
3,complete,no_hopping,0.5,4,0.5445183509194174,0.32383929064451034
3,complete,no_hopping,1.0,1,0.0,
3,complete,no_hopping,1.0,2,0.006004807195492647,0.0
3,complete,no_hopping,1.0,3,0.25788594668415743,0.0
3,complete,no_hopping,1.0,4,0.73610924612035,0.3467868582976285
3,complete,no_hopping,2.0,1,0.0,
3,complete,no_hopping,2.0,2,0.0001488269393916617,0.0
3,complete,no_hopping,2.0,3,0.0725300839955146,0.0
3,complete,no_hopping,2.0,4,0.9273210890650938,0.37250763475712056
3,complete,no_hopping,4.0,1,0.0,
3,complete,no_hopping,4.0,2,5.5551999420475966e-08,0.0
3,complete,no_hopping,4.0,3,0.006689962091199841,0.0
3,complete,no_hopping,4.0,4,0.993309982356801,0.38694969985280303
3,complete,no_hopping,8.0,1,0.0,
3,complete,no_hopping,8.0,2,6.330665548567769e-15,
3,complete,no_hopping,8.0,3,0.00011202086856106674,0.0
3,complete,no_hopping,8.0,4,0.999887979131433,0.3892685818225331
3,complete,no_hopping,16.0,1,0.0,
3,complete,no_hopping,16.0,2,8.01905385112596e-29,
3,complete,no_hopping,16.0,3,3.751174742048859e-08,0.0
3,complete,no_hopping,16.0,4,0.9999999624882524,0.38931209557257085
3,complete,no_hopping,inf,1,0.0,
3,complete,no_hopping,inf,2,0.0,
3,complete,no_hopping,inf,3,0.0,
3,complete,no_hopping,inf,4,1.0,0.38931211017633893
3,complete,free,0.0,1,0.0,
3,complete,free,0.0,2,0.12,0.0
3,complete,free,0.0,3,0.5599999999999999,0.0
3,complete,free,0.0,4,0.32,0.2919840826322542
3,complete,free,0.1,1,0.0,
3,complete,free,0.1,2,0.11725915974975008,0.0
3,complete,free,0.1,3,0.5584793092576308,0.0
3,complete,free,0.1,4,0.3242615309926188,0.2925343293747726
3,complete,free,0.25,1,0.0,
3,complete,free,0.25,2,0.1063705914323234,0.0
3,complete,free,0.25,3,0.5514357447321535,0.0
3,complete,free,0.25,4,0.34219366383552324,0.2937216810572369
3,complete,free,0.5,1,0.0,
3,complete,free,0.5,2,0.0890197548501947,0.0
3,complete,free,0.5,3,0.5379558847428282,0.0
3,complete,free,0.5,4,0.3730243604069769,0.2935899927292639
3,complete,free,1.0,1,0.0,
3,complete,free,1.0,2,0.07704113233002687,0.0
3,complete,free,1.0,3,0.5270168069309353,0.0
3,complete,free,1.0,4,0.3959420607390377,0.2923006364217648
3,complete,free,2.0,1,0.0,
3,complete,free,2.0,2,0.07503773321235155,0.0
3,complete,free,2.0,3,0.5250377247774031,0.0
3,complete,free,2.0,4,0.39992454201024524,0.29199019846068286
3,complete,free,4.0,1,0.0,
3,complete,free,4.0,2,0.07500001266020671,0.0
3,complete,free,4.0,3,0.5250000126602059,0.0
3,complete,free,4.0,4,0.3999999746795872,0.2919840846859083
3,complete,free,8.0,1,0.0,
3,complete,free,8.0,2,0.07500000000000204,0.0
3,complete,free,8.0,3,0.5250000000000022,0.0
3,complete,free,8.0,4,0.3999999999999953,0.29198408263225417
3,complete,free,16.0,1,0.0,
3,complete,free,16.0,2,0.07500000000000119,0.0
3,complete,free,16.0,3,0.5250000000000019,0.0
3,complete,free,16.0,4,0.39999999999999664,0.2919840826322534
3,complete,free,inf,1,0.0,
3,complete,free,inf,2,0.07499999999999996,0.0
3,complete,free,inf,3,0.5249999999999998,0.0
3,complete,free,inf,4,0.39999999999999997,0.2919840826322542
3,complete,U1,0.0,1,0.0,
3,complete,U1,0.0,2,0.11999999999999997,0.0
3,complete,U1,0.0,3,0.5599999999999996,0.0
3,complete,U1,0.0,4,0.3199999999999999,0.2919840826322542
3,complete,U1,0.1,1,0.0,
3,complete,U1,0.1,2,0.09185373888708513,0.0
3,complete,U1,0.1,3,0.5404841443846122,0.0
3,complete,U1,0.1,4,0.3676621167283022,0.2995357588155284
3,complete,U1,0.25,1,0.0,
3,complete,U1,0.25,2,0.05876193663494312,0.0
3,complete,U1,0.25,3,0.49648004355471304,0.0
3,complete,U1,0.25,4,0.4447580198103435,0.3099464696695647
3,complete,U1,0.5,1,0.0,
3,complete,U1,0.5,2,0.03247426225759622,0.0
3,complete,U1,0.5,3,0.42459869683131674,0.0
3,complete,U1,0.5,4,0.5429270409110863,0.32356135922167
3,complete,U1,1.0,1,0.0,
3,complete,U1,1.0,2,0.01887453415803259,0.0
3,complete,U1,1.0,3,0.3449949889423049,0.0
3,complete,U1,1.0,4,0.6361304768996622,0.34334042746535964
3,complete,U1,2.0,1,0.0,
3,complete,U1,2.0,2,0.010781954739724084,0.0
3,complete,U1,2.0,3,0.2689852099708102,0.0
3,complete,U1,2.0,4,0.7202328352894662,0.36136251817546294
3,complete,U1,4.0,1,0.0,
3,complete,U1,4.0,2,0.004872292831728676,0.0
3,complete,U1,4.0,3,0.20307217980815723,0.0
3,complete,U1,4.0,4,0.7920555273601145,0.3665666197293429
3,complete,U1,8.0,1,0.0,
3,complete,U1,8.0,2,0.0020180876490448934,0.0
3,complete,U1,8.0,3,0.16879573474184495,0.0
3,complete,U1,8.0,4,0.8291861776091106,0.3655437832508179
3,complete,U1,16.0,1,0.0,
3,complete,U1,16.0,2,0.0015025892600926776,0.0
3,complete,U1,16.0,3,0.16262163412771993,0.0
3,complete,U1,16.0,4,0.8358757766121879,0.3652445719931908
3,complete,U1,inf,1,0.0,
3,complete,U1,inf,2,0.001491111672979807,0.0
3,complete,U1,inf,3,0.162484318683074,0.0
3,complete,U1,inf,4,0.8360245696439467,0.3652378785620942
3,complete,U5,0.0,1,0.0,
3,complete,U5,0.0,2,0.12000000000000009,0.0
3,complete,U5,0.0,3,0.5599999999999999,0.0
3,complete,U5,0.0,4,0.31999999999999995,0.29198408263225445
3,complete,U5,0.1,1,0.0,
3,complete,U5,0.1,2,0.030615742637285556,0.0
3,complete,U5,0.1,3,0.42431890294823393,0.0
3,complete,U5,0.1,4,0.5450653544144812,0.32392335543347783
3,complete,U5,0.25,1,0.0,
3,complete,U5,0.25,2,0.0036457999829789408,0.0
3,complete,U5,0.25,3,0.2102200421797056,0.0
3,complete,U5,0.25,4,0.7861341578373157,0.3541898973763677
3,complete,U5,0.5,1,0.0,
3,complete,U5,0.5,2,0.0005412810191769848,0.0
3,complete,U5,0.5,3,0.09335373531848402,0.0
3,complete,U5,0.5,4,0.9061049836623396,0.37452809675941534
3,complete,U5,1.0,1,0.0,
3,complete,U5,1.0,2,0.00022281752863066064,0.0
3,complete,U5,1.0,3,0.0590135215463756,0.0
3,complete,U5,1.0,4,0.9407636609249941,0.3804950333215044
3,complete,U5,2.0,1,0.0,
3,complete,U5,2.0,2,0.00011932173018225364,0.0
3,complete,U5,2.0,3,0.04090732143436561,0.0
3,complete,U5,2.0,4,0.9589733568354527,0.37970299802990576
3,complete,U5,4.0,1,0.0,
3,complete,U5,4.0,2,8.04803038966774e-05,0.0
3,complete,U5,4.0,3,0.03398120133672776,0.0
3,complete,U5,4.0,4,0.9659383183593764,0.379209582169549
3,complete,U5,8.0,1,0.0,
3,complete,U5,8.0,2,7.768897803833496e-05,0.0
3,complete,U5,8.0,3,0.033483474210620354,0.0
3,complete,U5,8.0,4,0.966438836811342,0.3791742141836143
3,complete,U5,16.0,1,0.0,
3,complete,U5,16.0,2,7.76776175539911e-05,0.0
3,complete,U5,16.0,3,0.03348144849904082,0.0
3,complete,U5,16.0,4,0.9664408738834058,0.37917407031313594
3,complete,U5,inf,1,0.0,
3,complete,U5,inf,2,7.767761736881529e-05,0.0
3,complete,U5,inf,3,0.03348144846602174,0.0
3,complete,U5,inf,4,0.9664408739166102,0.37917407031079087
3,complete,U20,0.0,1,0.0,
3,complete,U20,0.0,2,0.11999999999999998,0.0
3,complete,U20,0.0,3,0.5600000000000003,0.0
3,complete,U20,0.0,4,0.32000000000000034,0.2919840826322543
3,complete,U20,0.1,1,0.0,
3,complete,U20,0.1,2,0.00019305610801615382,0.0
3,complete,U20,0.1,3,0.07643424929168278,0.0
3,complete,U20,0.1,4,0.9233726946003015,0.3721234040868779
3,complete,U20,0.25,1,0.0,
3,complete,U20,0.25,2,2.3558511598585167e-06,0.0
3,complete,U20,0.25,3,0.00972192311411217,0.0
3,complete,U20,0.25,4,0.9902757210347292,0.38717931636978276
3,complete,U20,0.5,1,0.0,
3,complete,U20,0.5,2,1.7820487682876659e-06,0.0
3,complete,U20,0.5,3,0.0068389182454024165,0.0
3,complete,U20,0.5,4,0.9931592997058301,0.38794079092563283
3,complete,U20,1.0,1,0.0,
3,complete,U20,1.0,2,1.3518755999587191e-06,0.0
3,complete,U20,1.0,3,0.005056845765866275,0.0
3,complete,U20,1.0,4,0.9949418023585346,0.38781892693551284
3,complete,U20,2.0,1,0.0,
3,complete,U20,2.0,2,1.0436638468033707e-06,0.0
3,complete,U20,2.0,3,0.003713060548454207,0.0
3,complete,U20,2.0,4,0.9962858957876995,0.38764096109710466
3,complete,U20,4.0,1,0.0,
3,complete,U20,4.0,2,9.80602693623344e-07,0.0
3,complete,U20,4.0,3,0.0034358713222784314,0.0
3,complete,U20,4.0,4,0.9965631480750283,0.3876024972353399
3,complete,U20,8.0,1,0.0,
3,complete,U20,8.0,2,9.790225658448462e-07,0.0
3,complete,U20,8.0,3,0.003428924752604551,0.0
3,complete,U20,8.0,4,0.9965700962248297,0.387601532852373
3,complete,U20,16.0,1,0.0,
3,complete,U20,16.0,2,9.790216619321976e-07,0.0
3,complete,U20,16.0,3,0.0034289207788167414,0.0
3,complete,U20,16.0,4,0.9965701001995216,0.387601532300701
3,complete,U20,inf,1,0.0,
3,complete,U20,inf,2,9.790216619319022e-07,0.0
3,complete,U20,inf,3,0.003428920778815444,0.0
3,complete,U20,inf,4,0.996570100199523,0.38760153230070077
3,ring,no_hopping,0.0,1,0.0,
3,ring,no_hopping,0.0,2,0.12000000000000001,0.0
3,ring,no_hopping,0.0,3,0.5600000000000002,0.0
3,ring,no_hopping,0.0,4,0.32,0.2919840826322542
3,ring,no_hopping,0.1,1,0.0,
3,ring,no_hopping,0.1,2,0.09372886263574,0.0
3,ring,no_hopping,0.1,3,0.542269919205324,0.0
3,ring,no_hopping,0.1,4,0.36400121815893594,0.299099861401262
3,ring,no_hopping,0.25,1,0.0,
3,ring,no_hopping,0.25,2,0.06307510529411944,0.0
3,ring,no_hopping,0.25,3,0.5049930703039247,0.0
3,ring,no_hopping,0.25,4,0.43193182440195615,0.30907592053045996
3,ring,no_hopping,0.5,1,0.0,
3,ring,no_hopping,0.5,2,0.03064962655346638,0.0
3,ring,no_hopping,0.5,3,0.424832022527116,0.0
3,ring,no_hopping,0.5,4,0.5445183509194174,0.32383929064451034
3,ring,no_hopping,1.0,1,0.0,
3,ring,no_hopping,1.0,2,0.006004807195492647,0.0
3,ring,no_hopping,1.0,3,0.25788594668415743,0.0
3,ring,no_hopping,1.0,4,0.73610924612035,0.3467868582976285
3,ring,no_hopping,2.0,1,0.0,
3,ring,no_hopping,2.0,2,0.0001488269393916617,0.0
3,ring,no_hopping,2.0,3,0.0725300839955146,0.0
3,ring,no_hopping,2.0,4,0.9273210890650938,0.37250763475712056
3,ring,no_hopping,4.0,1,0.0,
3,ring,no_hopping,4.0,2,5.5551999420475966e-08,0.0
3,ring,no_hopping,4.0,3,0.006689962091199841,0.0
3,ring,no_hopping,4.0,4,0.993309982356801,0.38694969985280303
3,ring,no_hopping,8.0,1,0.0,
3,ring,no_hopping,8.0,2,6.330665548567769e-15,
3,ring,no_hopping,8.0,3,0.00011202086856106674,0.0
3,ring,no_hopping,8.0,4,0.999887979131433,0.3892685818225331
3,ring,no_hopping,16.0,1,0.0,
3,ring,no_hopping,16.0,2,8.01905385112596e-29,
3,ring,no_hopping,16.0,3,3.751174742048859e-08,0.0
3,ring,no_hopping,16.0,4,0.9999999624882524,0.38931209557257085
3,ring,no_hopping,inf,1,0.0,
3,ring,no_hopping,inf,2,0.0,
3,ring,no_hopping,inf,3,0.0,
3,ring,no_hopping,inf,4,1.0,0.38931211017633893
3,ring,free,0.0,1,0.0,
3,ring,free,0.0,2,0.12000000000000001,0.0
3,ring,free,0.0,3,0.5599999999999998,0.0
3,ring,free,0.0,4,0.3199999999999999,0.29198408263225434
3,ring,free,0.1,1,0.0,
3,ring,free,0.1,2,0.11813640627485784,0.0
3,ring,free,0.1,3,0.5590411959815944,0.0
3,ring,free,0.1,4,0.32282239774354765,0.29247436395772775
3,ring,free,0.25,1,0.0,
3,ring,free,0.25,2,0.10993618567035775,0.0
3,ring,free,0.25,3,0.5540854516409297,0.0
3,ring,free,0.25,4,0.33597836268871223,0.29510130696382175
3,ring,free,0.5,1,0.0,
3,ring,free,0.5,2,0.09349686058541239,0.0
3,ring,free,0.5,3,0.5383865179514646,0.0
3,ring,free,0.5,4,0.3681166214631228,0.30364030334605335
3,ring,free,1.0,1,0.0,
3,ring,free,1.0,2,0.07919445797269895,0.0
3,ring,free,1.0,3,0.5030237346119398,0.0
3,ring,free,1.0,4,0.4177818074153612,0.3212790035071276
3,ring,free,2.0,1,0.0,
3,ring,free,2.0,2,0.07778218706064378,0.0
3,ring,free,2.0,3,0.4740753210928232,0.0
3,ring,free,2.0,4,0.4481424918465324,0.33355758068153835
3,ring,free,4.0,1,0.0,
3,ring,free,4.0,2,0.07811716703903858,0.0
3,ring,free,4.0,3,0.4688495526662648,0.0
3,ring,free,4.0,4,0.4530332802946958,0.33557600099846563
3,ring,free,8.0,1,0.0,
3,ring,free,8.0,2,0.07812499736245973,0.0
3,ring,free,8.0,3,0.46875003340887395,0.0
3,ring,free,8.0,4,0.45312496922866574,0.33561387537204324
3,ring,free,16.0,1,0.0,
3,ring,free,16.0,2,0.07812499999999893,0.0
3,ring,free,16.0,3,0.4687500000000003,0.0
3,ring,free,16.0,4,0.45312500000000017,0.3356138880830516
3,ring,free,inf,1,0.0,
3,ring,free,inf,2,0.07812499999999989,0.0
3,ring,free,inf,3,0.46874999999999967,0.0
3,ring,free,inf,4,0.45312499999999967,0.335613888083051
3,ring,U1,0.0,1,0.0,
3,ring,U1,0.0,2,0.11999999999999993,0.0
3,ring,U1,0.0,3,0.56,0.0
3,ring,U1,0.0,4,0.3200000000000002,0.2919840826322542
3,ring,U1,0.1,1,0.0,
3,ring,U1,0.1,2,0.09245272118166996,0.0
3,ring,U1,0.1,3,0.5411180998750851,0.0
3,ring,U1,0.1,4,0.366429178943245,0.2994919376215717
3,ring,U1,0.25,1,0.0,
3,ring,U1,0.25,2,0.05984198190769316,0.0
3,ring,U1,0.25,3,0.4986039459227072,0.0
3,ring,U1,0.25,4,0.4415540721695995,0.3108852232918354
3,ring,U1,0.5,1,0.0,
3,ring,U1,0.5,2,0.03191757274191497,0.0
3,ring,U1,0.5,3,0.41768383617794513,0.0
3,ring,U1,0.5,4,0.55039859108014,0.32825669669278285
3,ring,U1,1.0,1,0.0,
3,ring,U1,1.0,2,0.018217135924489137,0.0
3,ring,U1,1.0,3,0.3126494149168587,0.0
3,ring,U1,1.0,4,0.6691334491586525,0.35152393264764165
3,ring,U1,2.0,1,0.0,
3,ring,U1,2.0,2,0.011580068957408207,0.0
3,ring,U1,2.0,3,0.2412872473472261,0.0
3,ring,U1,2.0,4,0.7471326836953663,0.368402503258301
3,ring,U1,4.0,1,0.0,
3,ring,U1,4.0,2,0.006792322405511949,0.0
3,ring,U1,4.0,3,0.2054454783358964,0.0
3,ring,U1,4.0,4,0.7877621992585923,0.3754462801739757
3,ring,U1,8.0,1,0.0,
3,ring,U1,8.0,2,0.005677650714708062,0.0
3,ring,U1,8.0,3,0.19766645796839016,0.0
3,ring,U1,8.0,4,0.7966558913169023,0.37677716225841296
3,ring,U1,16.0,1,0.0,
3,ring,U1,16.0,2,0.005643608086208708,0.0
3,ring,U1,16.0,3,0.197429515416627,0.0
3,ring,U1,16.0,4,0.7969268764971651,0.37681699052747425
3,ring,U1,inf,1,0.0,
3,ring,U1,inf,2,0.005643579711524858,0.0
3,ring,U1,inf,3,0.19742931792591206,0.0
3,ring,U1,inf,4,0.7969271023625639,0.3768170237120114
3,ring,U5,0.0,1,0.0,
3,ring,U5,0.0,2,0.1199999999999999,0.0
3,ring,U5,0.0,3,0.5599999999999998,0.0
3,ring,U5,0.0,4,0.3199999999999998,0.2919840826322543
3,ring,U5,0.1,1,0.0,
3,ring,U5,0.1,2,0.0306249919528244,0.0
3,ring,U5,0.1,3,0.4244886236830216,0.0
3,ring,U5,0.1,4,0.5448863843641533,0.3239314568756681
3,ring,U5,0.25,1,0.0,
3,ring,U5,0.25,2,0.003323372785230649,0.0
3,ring,U5,0.25,3,0.20403692599428075,0.0
3,ring,U5,0.25,4,0.7926397012204879,0.3544399800963145
3,ring,U5,0.5,1,0.0,
3,ring,U5,0.5,2,0.0004623711405861231,0.0
3,ring,U5,0.5,3,0.07923394239753255,0.0
3,ring,U5,0.5,4,0.9203036864618801,0.3747484722452123
3,ring,U5,1.0,1,0.0,
3,ring,U5,1.0,2,0.000255459430322939,0.0
3,ring,U5,1.0,3,0.05098678942489275,0.0
3,ring,U5,1.0,4,0.9487577511447829,0.38290558670239194
3,ring,U5,2.0,1,0.0,
3,ring,U5,2.0,2,0.00020388095704211023,0.0
3,ring,U5,2.0,3,0.045796477879307435,0.0
3,ring,U5,2.0,4,0.9539996411636491,0.3851972156585033
3,ring,U5,4.0,1,0.0,
3,ring,U5,4.0,2,0.00019444915016718524,0.0
3,ring,U5,4.0,3,0.045191873535986415,0.0
3,ring,U5,4.0,4,0.9546136773138449,0.38546615329998124
3,ring,U5,8.0,1,0.0,
3,ring,U5,8.0,2,0.00019423908426430118,0.0
3,ring,U5,8.0,3,0.04518097989068308,0.0
3,ring,U5,8.0,4,0.9546247810250512,0.3854709068352266
3,ring,U5,16.0,1,0.0,
3,ring,U5,16.0,2,0.00019423898682854928,0.0
3,ring,U5,16.0,3,0.04518097496281645,0.0
3,ring,U5,16.0,4,0.9546247860503538,0.3854709089801626
3,ring,U5,inf,1,0.0,
3,ring,U5,inf,2,0.00019423898682852835,0.0
3,ring,U5,inf,3,0.04518097496281538,0.0
3,ring,U5,inf,4,0.9546247860503548,0.38547090898016306
3,ring,U20,0.0,1,0.0,
3,ring,U20,0.0,2,0.12000000000000001,0.0
3,ring,U20,0.0,3,0.56,0.0
3,ring,U20,0.0,4,0.31999999999999995,0.2919840826322543
3,ring,U20,0.1,1,0.0,
3,ring,U20,0.1,2,0.00017875073154618497,0.0
3,ring,U20,0.1,3,0.07510966768828453,0.0
3,ring,U20,0.1,4,0.9247115815801698,0.3722249366147806
3,ring,U20,0.25,1,0.0,
3,ring,U20,0.25,2,2.0009086695039043e-06,0.0
3,ring,U20,0.25,3,0.007349239779722156,0.0
3,ring,U20,0.25,4,0.9926487593116089,0.3874802665225529
3,ring,U20,0.5,1,0.0,
3,ring,U20,0.5,2,1.839689714325767e-06,0.0
3,ring,U20,0.5,3,0.005133503866953553,0.0
3,ring,U20,0.5,4,0.994864656443332,0.38839308168566766
3,ring,U20,1.0,1,0.0,
3,ring,U20,1.0,2,1.8398551243505408e-06,0.0
3,ring,U20,1.0,3,0.004793904423824041,0.0
3,ring,U20,1.0,4,0.9952042557210519,0.38868649376025843
3,ring,U20,2.0,1,0.0,
3,ring,U20,2.0,2,1.8282921521569229e-06,0.0
3,ring,U20,2.0,3,0.00470408481665696,0.0
3,ring,U20,2.0,4,0.995294086891191,0.38880740163137767
3,ring,U20,4.0,1,0.0,
3,ring,U20,4.0,2,1.8254371761724816e-06,0.0
3,ring,U20,4.0,3,0.00470178762575989,0.0
3,ring,U20,4.0,4,0.9952963869370645,0.38882029276881575
3,ring,U20,8.0,1,0.0,
3,ring,U20,8.0,2,1.825382675467217e-06,0.0
3,ring,U20,8.0,3,0.0047017957378904796,0.0
3,ring,U20,8.0,4,0.9952963788794345,0.3888205025548515
3,ring,U20,16.0,1,0.0,
3,ring,U20,16.0,2,1.825382658095304e-06,0.0
3,ring,U20,16.0,3,0.00470179574104363,0.0
3,ring,U20,16.0,4,0.9952963788762986,0.3888205026213762
3,ring,U20,inf,1,0.0,
3,ring,U20,inf,2,1.8253826580953025e-06,0.0
3,ring,U20,inf,3,0.004701795741043629,0.0
3,ring,U20,inf,4,0.9952963788762985,0.38882050262137624
4,complete,no_hopping,0.0,1,0.0,
4,complete,no_hopping,0.0,2,0.05714285714285715,0.0
4,complete,no_hopping,0.0,3,0.4571428571428575,0.0
4,complete,no_hopping,0.0,4,0.48571428571428615,0.36145457975518636
4,complete,no_hopping,0.1,1,0.0,
4,complete,no_hopping,0.1,2,0.03473429648685265,0.0
4,complete,no_hopping,0.1,3,0.40571489374085656,0.0
4,complete,no_hopping,0.1,4,0.5595508097722904,0.37589048464494124
4,complete,no_hopping,0.25,1,0.0,
4,complete,no_hopping,0.25,2,0.015493726389782752,0.0
4,complete,no_hopping,0.25,3,0.3235903434780125,0.0
4,complete,no_hopping,0.25,4,0.6609159301322042,0.3950678534459671
4,complete,no_hopping,0.5,1,0.0,
4,complete,no_hopping,0.5,2,0.0035414928256033767,0.0
4,complete,no_hopping,0.5,3,0.20211248700101256,0.0
4,complete,no_hopping,0.5,4,0.7943460201733846,0.42013061451020794
4,complete,no_hopping,1.0,1,0.0,
4,complete,no_hopping,1.0,2,0.00013390357871315674,0.0
4,complete,no_hopping,1.0,3,0.06512598272259221,0.0
4,complete,no_hopping,1.0,4,0.9347401136986945,0.4469999176010787
4,complete,no_hopping,2.0,1,0.0,
4,complete,no_hopping,2.0,2,1.0336275771416543e-07,0.0
4,complete,no_hopping,2.0,3,0.005336470621384142,0.0
4,complete,no_hopping,2.0,4,0.9946634260158579,0.44766968793374107
4,complete,no_hopping,4.0,1,0.0,
4,complete,no_hopping,4.0,2,2.2064609481602498e-14,
4,complete,no_hopping,4.0,3,2.181646274211114e-05,0.0
4,complete,no_hopping,4.0,4,0.9999781835372353,0.4168900698103613
4,complete,no_hopping,8.0,1,0.0,
4,complete,no_hopping,8.0,2,3.1990350863804914e-28,
4,complete,no_hopping,8.0,3,1.506517004376141e-10,
4,complete,no_hopping,8.0,4,0.9999999998493495,0.4064273093818325
4,complete,no_hopping,16.0,1,0.0,
4,complete,no_hopping,16.0,2,5.144414113864386e-56,
4,complete,no_hopping,16.0,3,5.700651840297252e-21,
4,complete,no_hopping,16.0,4,0.999999999999999,0.4062043286687291
4,complete,no_hopping,inf,1,0.0,
4,complete,no_hopping,inf,2,0.0,
4,complete,no_hopping,inf,3,0.0,
4,complete,no_hopping,inf,4,1.0,0.4062042536485209
4,complete,free,0.0,1,0.0,
4,complete,free,0.0,2,0.05714285714285716,0.0
4,complete,free,0.0,3,0.4571428571428575,0.0
4,complete,free,0.0,4,0.4857142857142857,0.36145457975518674
4,complete,free,0.1,1,0.0,
4,complete,free,0.1,2,0.05458403901572808,0.0
4,complete,free,0.1,3,0.452231906875653,0.0
4,complete,free,0.1,4,0.4931840541086189,0.36252288262070953
4,complete,free,0.25,1,0.0,
4,complete,free,0.25,2,0.045345295315171036,0.0
4,complete,free,0.25,3,0.4316898210321769,0.0
4,complete,free,0.25,4,0.5229648836526525,0.3641975620461886
4,complete,free,0.5,1,0.0,
4,complete,free,0.5,2,0.03312883623533142,0.0
4,complete,free,0.5,3,0.39869260555261793,0.0
4,complete,free,0.5,4,0.5681785582120505,0.36252359000157813
4,complete,free,1.0,1,0.0,
4,complete,free,1.0,2,0.026101572826855806,0.0
4,complete,free,1.0,3,0.3758126455515501,0.0
4,complete,free,1.0,4,0.5980857816215945,0.35944884574846053
4,complete,free,2.0,1,0.0,
4,complete,free,2.0,2,0.025020128768134843,0.0
4,complete,free,2.0,3,0.3719479478005971,0.0
4,complete,free,2.0,4,0.6030319234312684,0.3588119195740871
4,complete,free,4.0,1,0.0,
4,complete,free,4.0,2,0.02500000675211051,0.0
4,complete,free,4.0,3,0.3718750244763984,0.0
4,complete,free,4.0,4,0.6031249687714915,0.35879960770379454
4,complete,free,8.0,1,0.0,
4,complete,free,8.0,2,0.025000000000000605,0.0
4,complete,free,8.0,3,0.3718750000000022,0.0
4,complete,free,8.0,4,0.6031249999999975,0.35879960356957047
4,complete,free,16.0,1,0.0,
4,complete,free,16.0,2,0.02499999999999969,0.0
4,complete,free,16.0,3,0.3718749999999986,0.0
4,complete,free,16.0,4,0.6031250000000018,0.3587996035695705
4,complete,free,inf,1,0.0,
4,complete,free,inf,2,0.024999999999999994,0.0
4,complete,free,inf,3,0.37187499999999996,0.0
4,complete,free,inf,4,0.6031249999999999,0.35879960356956975
4,complete,U1,0.0,1,0.0,
4,complete,U1,0.0,2,0.05714285714285717,0.0
4,complete,U1,0.0,3,0.4571428571428572,0.0
4,complete,U1,0.0,4,0.48571428571428615,0.3614545797551863
4,complete,U1,0.1,1,0.0,
4,complete,U1,0.1,2,0.03336075241202777,0.0
4,complete,U1,0.1,3,0.401197638108182,0.0
4,complete,U1,0.1,4,0.5654416094797895,0.37670262049123454
4,complete,U1,0.25,1,0.0,
4,complete,U1,0.25,2,0.013656041493983277,0.0
4,complete,U1,0.25,3,0.30926817123985767,0.0
4,complete,U1,0.25,4,0.6770757872661581,0.3960270007076634
4,complete,U1,0.5,1,0.0,
4,complete,U1,0.5,2,0.004487936164867642,0.0
4,complete,U1,0.5,3,0.20946706176635774,0.0
4,complete,U1,0.5,4,0.7860450020687756,0.4171374703962137
4,complete,U1,1.0,1,0.0,
4,complete,U1,1.0,2,0.0017549197023480035,0.0
4,complete,U1,1.0,3,0.13816357727464348,0.0
4,complete,U1,1.0,4,0.8600815030230089,0.4369784875638315
4,complete,U1,2.0,1,0.0,
4,complete,U1,2.0,2,0.0006703547668353077,0.0
4,complete,U1,2.0,3,0.09045573456872731,0.0
4,complete,U1,2.0,4,0.9088739106644369,0.438204706968716
4,complete,U1,4.0,1,0.0,
4,complete,U1,4.0,2,0.00022828916509093423,0.0
4,complete,U1,4.0,3,0.057602957644408474,0.0
4,complete,U1,4.0,4,0.9421687531905009,0.4150454234634565
4,complete,U1,8.0,1,0.0,
4,complete,U1,8.0,2,0.0002135478174647927,0.0
4,complete,U1,8.0,3,0.03712558894634235,0.0
4,complete,U1,8.0,4,0.962660863236193,0.3717855291178029
4,complete,U1,16.0,1,0.0,
4,complete,U1,16.0,2,0.00025510825905365975,0.0
4,complete,U1,16.0,3,0.020074585031148333,0.0
4,complete,U1,16.0,4,0.9796703067097987,0.32320384467088187
4,complete,U1,inf,1,0.0,
4,complete,U1,inf,2,0.0002730199463705158,0.0
4,complete,U1,inf,3,0.012581553285718732,0.0
4,complete,U1,inf,4,0.9871454267679112,0.3016101723861064
4,complete,U5,0.0,1,0.0,
4,complete,U5,0.0,2,0.05714285714285715,0.0
4,complete,U5,0.0,3,0.4571428571428572,0.0
4,complete,U5,0.0,4,0.4857142857142859,0.36145457975518663
4,complete,U5,0.1,1,0.0,
4,complete,U5,0.1,2,0.0035613255573119433,0.0
4,complete,U5,0.1,3,0.2018687510068027,0.0
4,complete,U5,0.1,4,0.7945699234358866,0.4201715665821184
4,complete,U5,0.25,1,0.0,
4,complete,U5,0.25,2,7.209511956552016e-05,0.0
4,complete,U5,0.25,3,0.046671668202423064,0.0
4,complete,U5,0.25,4,0.9532562366780118,0.4506974226805027
4,complete,U5,0.5,1,0.0,
4,complete,U5,0.5,2,5.612614425185337e-06,0.0
4,complete,U5,0.5,3,0.013894728378324,0.0
4,complete,U5,0.5,4,0.9860996590072505,0.4465733609723207
4,complete,U5,1.0,1,0.0,
4,complete,U5,1.0,2,1.2833499301802979e-06,0.0
4,complete,U5,1.0,3,0.007136761677948141,0.0
4,complete,U5,1.0,4,0.9928619549721217,0.43027789055755994
4,complete,U5,2.0,1,0.0,
4,complete,U5,2.0,2,8.851962812637707e-07,0.0
4,complete,U5,2.0,3,0.00598210108631615,0.0
4,complete,U5,2.0,4,0.9940170137174029,0.41536289967051176
4,complete,U5,4.0,1,0.0,
4,complete,U5,4.0,2,9.362937435503049e-07,0.0
4,complete,U5,4.0,3,0.0056374778861338825,0.0
4,complete,U5,4.0,4,0.9943615858201226,0.3920416244331625
4,complete,U5,8.0,1,0.0,
4,complete,U5,8.0,2,1.045245334249302e-06,0.0
4,complete,U5,8.0,3,0.004994374112858363,0.0
4,complete,U5,8.0,4,0.9950045806418077,0.34501401234506524
4,complete,U5,16.0,1,0.0,
4,complete,U5,16.0,2,1.2302024033855258e-06,0.0
4,complete,U5,16.0,3,0.0039026504836192047,0.0
4,complete,U5,16.0,4,0.9960961193139777,0.2653116134447415
4,complete,U5,inf,1,0.0,
4,complete,U5,inf,2,1.4173382976422673e-06,0.0
4,complete,U5,inf,3,0.0027980661679735796,0.0
4,complete,U5,inf,4,0.997200516493729,0.1848478872006778
4,complete,U20,0.0,1,0.0,
4,complete,U20,0.0,2,0.0571428571428571,0.0
4,complete,U20,0.0,3,0.45714285714285713,0.0
4,complete,U20,0.0,4,0.48571428571428577,0.3614545797551867
4,complete,U20,0.1,1,0.0,
4,complete,U20,0.1,2,3.1190649879528574e-07,0.0
4,complete,U20,0.1,3,0.006425404614619768,0.0
4,complete,U20,0.1,4,0.9935742834788819,0.44813846049661177
4,complete,U20,0.25,1,0.0,
4,complete,U20,0.25,2,7.490125407647145e-10,0.0
4,complete,U20,0.25,3,0.00021705575822286325,0.0
4,complete,U20,0.25,4,0.9997829434927638,0.41562335296428016
4,complete,U20,0.5,1,0.0,
4,complete,U20,0.5,2,1.2506695481880045e-10,
4,complete,U20,0.5,3,0.00010468428788786685,0.0
4,complete,U20,0.5,4,0.9998953155870445,0.41140599123857546
4,complete,U20,1.0,1,0.0,
4,complete,U20,1.0,2,1.207530256381554e-10,
4,complete,U20,1.0,3,0.00010355060269626128,0.0
4,complete,U20,1.0,4,0.9998964492765504,0.41077455287738296
4,complete,U20,2.0,1,0.0,
4,complete,U20,2.0,2,1.209979114878471e-10,
4,complete,U20,2.0,3,0.00010343434592074119,0.0
4,complete,U20,2.0,4,0.9998965655330811,0.4096053433594962
4,complete,U20,4.0,1,0.0,
4,complete,U20,4.0,2,1.214908146239953e-10,
4,complete,U20,4.0,3,0.00010320116176347409,0.0
4,complete,U20,4.0,4,0.9998967987167455,0.40725644816072304
4,complete,U20,8.0,1,0.0,
4,complete,U20,8.0,2,1.2248523089049018e-10,
4,complete,U20,8.0,3,0.00010273072020599249,0.0
4,complete,U20,8.0,4,0.9998972691573088,0.4025176307766653
4,complete,U20,16.0,1,0.0,
4,complete,U20,16.0,2,1.2450677608800004e-10,
4,complete,U20,16.0,3,0.00010177436128138617,0.0
4,complete,U20,16.0,4,0.9998982255142117,0.392884119964685
4,complete,U20,inf,1,0.0,
4,complete,U20,inf,2,1.999267093737145e-10,
4,complete,U20,inf,3,6.609446335980981e-05,0.0
4,complete,U20,inf,4,0.9999339053367139,0.03348967083447733
4,ring,no_hopping,0.0,1,0.0,
4,ring,no_hopping,0.0,2,0.05714285714285715,0.0
4,ring,no_hopping,0.0,3,0.4571428571428575,0.0
4,ring,no_hopping,0.0,4,0.48571428571428615,0.36145457975518636
4,ring,no_hopping,0.1,1,0.0,
4,ring,no_hopping,0.1,2,0.03473429648685265,0.0
4,ring,no_hopping,0.1,3,0.40571489374085656,0.0
4,ring,no_hopping,0.1,4,0.5595508097722904,0.37589048464494124
4,ring,no_hopping,0.25,1,0.0,
4,ring,no_hopping,0.25,2,0.015493726389782752,0.0
4,ring,no_hopping,0.25,3,0.3235903434780125,0.0
4,ring,no_hopping,0.25,4,0.6609159301322042,0.3950678534459671
4,ring,no_hopping,0.5,1,0.0,
4,ring,no_hopping,0.5,2,0.0035414928256033767,0.0
4,ring,no_hopping,0.5,3,0.20211248700101256,0.0
4,ring,no_hopping,0.5,4,0.7943460201733846,0.42013061451020794
4,ring,no_hopping,1.0,1,0.0,
4,ring,no_hopping,1.0,2,0.00013390357871315674,0.0
4,ring,no_hopping,1.0,3,0.06512598272259221,0.0
4,ring,no_hopping,1.0,4,0.9347401136986945,0.4469999176010787
4,ring,no_hopping,2.0,1,0.0,
4,ring,no_hopping,2.0,2,1.0336275771416543e-07,0.0
4,ring,no_hopping,2.0,3,0.005336470621384142,0.0
4,ring,no_hopping,2.0,4,0.9946634260158579,0.44766968793374107
4,ring,no_hopping,4.0,1,0.0,
4,ring,no_hopping,4.0,2,2.2064609481602498e-14,
4,ring,no_hopping,4.0,3,2.181646274211114e-05,0.0
4,ring,no_hopping,4.0,4,0.9999781835372353,0.4168900698103613
4,ring,no_hopping,8.0,1,0.0,
4,ring,no_hopping,8.0,2,3.1990350863804914e-28,
4,ring,no_hopping,8.0,3,1.506517004376141e-10,
4,ring,no_hopping,8.0,4,0.9999999998493495,0.4064273093818325
4,ring,no_hopping,16.0,1,0.0,
4,ring,no_hopping,16.0,2,5.144414113864386e-56,
4,ring,no_hopping,16.0,3,5.700651840297252e-21,
4,ring,no_hopping,16.0,4,0.999999999999999,0.4062043286687291
4,ring,no_hopping,inf,1,0.0,
4,ring,no_hopping,inf,2,0.0,
4,ring,no_hopping,inf,3,0.0,
4,ring,no_hopping,inf,4,1.0,0.4062042536485209
4,ring,free,0.0,1,0.0,
4,ring,free,0.0,2,0.05714285714285713,0.0
4,ring,free,0.0,3,0.4571428571428571,0.0
4,ring,free,0.0,4,0.4857142857142855,0.3614545797551868
4,ring,free,0.1,1,0.0,
4,ring,free,0.1,2,0.055388869229824285,0.0
4,ring,free,0.1,3,0.45401577039567653,0.0
4,ring,free,0.1,4,0.4905953603744992,0.362442937571476
4,ring,free,0.25,1,0.0,
4,ring,free,0.25,2,0.04815069477887838,0.0
4,ring,free,0.25,3,0.4396540212124901,0.0
4,ring,free,0.25,4,0.5121952840086312,0.3671569014374994
4,ring,free,0.5,1,0.0,
4,ring,free,0.5,2,0.03585483230285264,0.0
4,ring,free,0.5,3,0.4057540389323589,0.0
4,ring,free,0.5,4,0.5583911287647889,0.3791891069310245
4,ring,free,1.0,1,0.0,
4,ring,free,1.0,2,0.027802553161778192,0.0
4,ring,free,1.0,3,0.35589099089900905,0.0
4,ring,free,1.0,4,0.6163064559392128,0.39826242612778495
4,ring,free,2.0,1,0.0,
4,ring,free,2.0,2,0.027805393396859685,0.0
4,ring,free,2.0,3,0.3266183987788287,0.0
4,ring,free,2.0,4,0.6455762078243101,0.4096790945964581
4,ring,free,4.0,1,0.0,
4,ring,free,4.0,2,0.02811830658358986,0.0
4,ring,free,4.0,3,0.32196221412023684,0.0
4,ring,free,4.0,4,0.649919479296173,0.4114767774682007
4,ring,free,8.0,1,0.0,
4,ring,free,8.0,2,0.028124997749298115,0.0
4,ring,free,8.0,3,0.32187502925914396,0.0
4,ring,free,8.0,4,0.6499999729915574,0.4115103430751429
4,ring,free,16.0,1,0.0,
4,ring,free,16.0,2,0.028124999999999435,0.0
4,ring,free,16.0,3,0.32187500000000185,0.0
4,ring,free,16.0,4,0.6499999999999984,0.41151035433908884
4,ring,free,inf,1,0.0,
4,ring,free,inf,2,0.02812499999999996,0.0
4,ring,free,inf,3,0.3218749999999997,0.0
4,ring,free,inf,4,0.6499999999999999,0.41151035433909
4,ring,U1,0.0,1,0.0,
4,ring,U1,0.0,2,0.057142857142857106,0.0
4,ring,U1,0.0,3,0.4571428571428572,0.0
4,ring,U1,0.0,4,0.4857142857142859,0.3614545797551866
4,ring,U1,0.1,1,0.0,
4,ring,U1,0.1,2,0.03379121080032153,0.0
4,ring,U1,0.1,3,0.402807089360884,0.0
4,ring,U1,0.1,4,0.563401699838795,0.3766467742596833
4,ring,U1,0.25,1,0.0,
4,ring,U1,0.25,2,0.014058455776121205,0.0
4,ring,U1,0.25,3,0.3129521452070128,0.0
4,ring,U1,0.25,4,0.672989399016866,0.39769989595220884
4,ring,U1,0.5,1,0.0,
4,ring,U1,0.5,2,0.004283551840280853,0.0
4,ring,U1,0.5,3,0.20071019757666486,0.0
4,ring,U1,0.5,4,0.795006250583054,0.4216671906961485
4,ring,U1,1.0,1,0.0,
4,ring,U1,1.0,2,0.001674085907087084,0.0
4,ring,U1,1.0,3,0.113279666356117,0.0
4,ring,U1,1.0,4,0.8850462477367956,0.4369015180467945
4,ring,U1,2.0,1,0.0,
4,ring,U1,2.0,2,0.0007465803520162297,0.0
4,ring,U1,2.0,3,0.07505764735011707,0.0
4,ring,U1,2.0,4,0.9241957722978661,0.43381016313895276
4,ring,U1,4.0,1,0.0,
4,ring,U1,4.0,2,0.0004329268742434367,0.0
4,ring,U1,4.0,3,0.0604294537610874,0.0
4,ring,U1,4.0,4,0.9391376193646691,0.4160314356050452
4,ring,U1,8.0,1,0.0,
4,ring,U1,8.0,2,0.0004225189480916044,0.0
4,ring,U1,8.0,3,0.05393902615481172,0.0
4,ring,U1,8.0,4,0.9456384548970967,0.3943281725625696
4,ring,U1,16.0,1,0.0,
4,ring,U1,16.0,2,0.0004199287866321687,0.0
4,ring,U1,16.0,3,0.05213350820489813,0.0
4,ring,U1,16.0,4,0.9474465630084696,0.38636621803994214
4,ring,U1,inf,1,0.0,
4,ring,U1,inf,2,0.00041937800867833977,0.0
4,ring,U1,inf,3,0.052045569692067015,0.0
4,ring,U1,inf,4,0.9475350522992544,0.3858769699364369
4,ring,U5,0.0,1,0.0,
4,ring,U5,0.0,2,0.05714285714285715,0.0
4,ring,U5,0.0,3,0.4571428571428572,0.0
4,ring,U5,0.0,4,0.4857142857142859,0.3614545797551866
4,ring,U5,0.1,1,0.0,
4,ring,U5,0.1,2,0.003554404946406254,0.0
4,ring,U5,0.1,3,0.20195838283308712,0.0
4,ring,U5,0.1,4,0.7944872122205067,0.4202049521026074
4,ring,U5,0.25,1,0.0,
4,ring,U5,0.25,2,5.868760558957247e-05,0.0
4,ring,U5,0.25,3,0.042878590025085456,0.0
4,ring,U5,0.25,4,0.9570627223693259,0.4505213940822157
4,ring,U5,0.5,1,0.0,
4,ring,U5,0.5,2,4.7230869410444935e-06,0.0
4,ring,U5,0.5,3,0.010190589380431223,0.0
4,ring,U5,0.5,4,0.9898046875326285,0.4429410465410487
4,ring,U5,1.0,1,0.0,
4,ring,U5,1.0,2,1.739985149487196e-06,0.0
4,ring,U5,1.0,3,0.005535832666897045,0.0
4,ring,U5,1.0,4,0.9944624273479536,0.4179839515065994
4,ring,U5,2.0,1,0.0,
4,ring,U5,2.0,2,1.3484258354875254e-06,0.0
4,ring,U5,2.0,3,0.005169000029200439,0.0
4,ring,U5,2.0,4,0.9948296515449637,0.3856256742943416
4,ring,U5,4.0,1,0.0,
4,ring,U5,4.0,2,1.2921117004780467e-06,0.0
4,ring,U5,4.0,3,0.005472753641431703,0.0
4,ring,U5,4.0,4,0.994525954246868,0.352863522461416
4,ring,U5,8.0,1,0.0,
4,ring,U5,8.0,2,1.2780870585101154e-06,0.0
4,ring,U5,8.0,3,0.005611589585403136,0.0
4,ring,U5,8.0,4,0.9943871323275386,0.33930217823543307
4,ring,U5,16.0,1,0.0,
4,ring,U5,16.0,2,1.2769876797086683e-06,0.0
4,ring,U5,16.0,3,0.005622616724359126,0.0
4,ring,U5,16.0,4,0.9943761062879612,0.33822580650531825
4,ring,U5,inf,1,0.0,
4,ring,U5,inf,2,1.2769823318553872e-06,0.0
4,ring,U5,inf,3,0.005622670365503057,0.0
4,ring,U5,inf,4,0.9943760526521652,0.33822057047380477
4,ring,U20,0.0,1,0.0,
4,ring,U20,0.0,2,0.05714285714285714,0.0
4,ring,U20,0.0,3,0.4571428571428575,0.0
4,ring,U20,0.0,4,0.48571428571428593,0.36145457975518674
4,ring,U20,0.1,1,0.0,
4,ring,U20,0.1,2,2.428443439714903e-07,0.0
4,ring,U20,0.1,3,0.0060444876864391315,0.0
4,ring,U20,0.1,4,0.9939552694692171,0.4479689592591011
4,ring,U20,0.25,1,0.0,
4,ring,U20,0.25,2,5.52934344761194e-10,0.0
4,ring,U20,0.25,3,0.0001298564647414716,0.0
4,ring,U20,0.25,4,0.999870142982324,0.41395935610587453
4,ring,U20,0.5,1,0.0,
4,ring,U20,0.5,2,1.4640323367610342e-10,
4,ring,U20,0.5,3,5.385780720713756e-05,0.0
4,ring,U20,0.5,4,0.9999461420463895,0.40869646159155676
4,ring,U20,1.0,1,0.0,
4,ring,U20,1.0,2,1.4283495130545098e-10,
4,ring,U20,1.0,3,5.9041195463282014e-05,0.0
4,ring,U20,1.0,4,0.9999409586617017,0.40324255253946706
4,ring,U20,2.0,1,0.0,
4,ring,U20,2.0,2,1.425304190940943e-10,
4,ring,U20,2.0,3,6.88560164511607e-05,0.0
4,ring,U20,2.0,4,0.9999311438410187,0.38495719558490793
4,ring,U20,4.0,1,0.0,
4,ring,U20,4.0,2,1.4500429890609726e-10,
4,ring,U20,4.0,3,8.087787611612346e-05,0.0
4,ring,U20,4.0,4,0.9999191219788801,0.344452076366753
4,ring,U20,8.0,1,0.0,
4,ring,U20,8.0,2,1.4883235571840968e-10,
4,ring,U20,8.0,3,9.053165530747353e-05,0.0
4,ring,U20,8.0,4,0.9999094681958609,0.30021084952913424
4,ring,U20,16.0,1,0.0,
4,ring,U20,16.0,2,1.5028229843470044e-10,
4,ring,U20,16.0,3,9.382371059041218e-05,0.0
4,ring,U20,16.0,4,0.9999061761391281,0.28420447237367297
4,ring,U20,inf,1,0.0,
4,ring,U20,inf,2,1.5037360630072404e-10,
4,ring,U20,inf,3,9.403016995462299e-05,0.0
4,ring,U20,inf,4,0.9999059696796725,0.28319824917337116
