K,graph,case,edge,triple,frobenius_norm,maximum_entry
2,complete,no_hopping,0-1,012,0.0,0.0
2,complete,no_hopping,0-1,013,0.0,0.0
2,complete,no_hopping,0-1,023,0.0,0.0
2,complete,no_hopping,0-1,123,0.0,0.0
2,complete,no_hopping,0-2,012,0.0,0.0
2,complete,no_hopping,0-2,013,0.0,0.0
2,complete,no_hopping,0-2,023,0.0,0.0
2,complete,no_hopping,0-2,123,0.0,0.0
2,complete,no_hopping,0-3,012,0.0,0.0
2,complete,no_hopping,0-3,013,0.0,0.0
2,complete,no_hopping,0-3,023,0.0,0.0
2,complete,no_hopping,0-3,123,0.0,0.0
2,complete,no_hopping,1-2,012,0.0,0.0
2,complete,no_hopping,1-2,013,0.0,0.0
2,complete,no_hopping,1-2,023,0.0,0.0
2,complete,no_hopping,1-2,123,0.0,0.0
2,complete,no_hopping,1-3,012,0.0,0.0
2,complete,no_hopping,1-3,013,0.0,0.0
2,complete,no_hopping,1-3,023,0.0,0.0
2,complete,no_hopping,1-3,123,0.0,0.0
2,complete,no_hopping,2-3,012,0.0,0.0
2,complete,no_hopping,2-3,013,0.0,0.0
2,complete,no_hopping,2-3,023,0.0,0.0
2,complete,no_hopping,2-3,123,0.0,0.0
2,complete,free,0-1,012,0.21542233672626718,0.1077111683631336
2,complete,free,0-1,013,0.21542233672626718,0.1077111683631336
2,complete,free,0-1,023,0.21542233672626718,0.1077111683631336
2,complete,free,0-1,123,0.21542233672626718,0.1077111683631336
2,complete,free,0-2,012,0.21542233672626715,0.09328060807377642
2,complete,free,0-2,013,0.21542233672626715,0.09328060807377642
2,complete,free,0-2,023,0.21542233672626715,0.09328060807377642
2,complete,free,0-2,123,0.21542233672626715,0.09328060807377642
2,complete,free,0-3,012,0.21542233672626715,0.09328060807377642
2,complete,free,0-3,013,0.21542233672626715,0.09328060807377642
2,complete,free,0-3,023,0.21542233672626715,0.09328060807377642
2,complete,free,0-3,123,0.21542233672626715,0.09328060807377642
2,complete,free,1-2,012,0.21542233672626715,0.09328060807377642
2,complete,free,1-2,013,0.21542233672626715,0.09328060807377642
2,complete,free,1-2,023,0.21542233672626715,0.09328060807377642
2,complete,free,1-2,123,0.21542233672626715,0.09328060807377642
2,complete,free,1-3,012,0.21542233672626715,0.09328060807377642
2,complete,free,1-3,013,0.21542233672626715,0.09328060807377642
2,complete,free,1-3,023,0.21542233672626715,0.09328060807377642
2,complete,free,1-3,123,0.21542233672626715,0.09328060807377642
2,complete,free,2-3,012,0.21542233672626718,0.1077111683631336
2,complete,free,2-3,013,0.21542233672626718,0.1077111683631336
2,complete,free,2-3,023,0.21542233672626718,0.1077111683631336
2,complete,free,2-3,123,0.21542233672626718,0.1077111683631336
2,complete,U1,0-1,012,0.21542233672626718,0.1077111683631336
2,complete,U1,0-1,013,0.21542233672626718,0.1077111683631336
2,complete,U1,0-1,023,0.21542233672626718,0.1077111683631336
2,complete,U1,0-1,123,0.21542233672626718,0.1077111683631336
2,complete,U1,0-2,012,0.21542233672626715,0.09328060807377642
2,complete,U1,0-2,013,0.21542233672626715,0.09328060807377642
2,complete,U1,0-2,023,0.21542233672626715,0.09328060807377642
2,complete,U1,0-2,123,0.21542233672626715,0.09328060807377642
2,complete,U1,0-3,012,0.21542233672626715,0.09328060807377642
2,complete,U1,0-3,013,0.21542233672626715,0.09328060807377642
2,complete,U1,0-3,023,0.21542233672626715,0.09328060807377642
2,complete,U1,0-3,123,0.21542233672626715,0.09328060807377642
2,complete,U1,1-2,012,0.21542233672626715,0.09328060807377642
2,complete,U1,1-2,013,0.21542233672626715,0.09328060807377642
2,complete,U1,1-2,023,0.21542233672626715,0.09328060807377642
2,complete,U1,1-2,123,0.21542233672626715,0.09328060807377642
2,complete,U1,1-3,012,0.21542233672626715,0.09328060807377642
2,complete,U1,1-3,013,0.21542233672626715,0.09328060807377642
2,complete,U1,1-3,023,0.21542233672626715,0.09328060807377642
2,complete,U1,1-3,123,0.21542233672626715,0.09328060807377642
2,complete,U1,2-3,012,0.21542233672626718,0.1077111683631336
2,complete,U1,2-3,013,0.21542233672626718,0.1077111683631336
2,complete,U1,2-3,023,0.21542233672626718,0.1077111683631336
2,complete,U1,2-3,123,0.21542233672626718,0.1077111683631336
2,complete,U5,0-1,012,0.21542233672626718,0.1077111683631336
2,complete,U5,0-1,013,0.21542233672626718,0.1077111683631336
2,complete,U5,0-1,023,0.21542233672626718,0.1077111683631336
2,complete,U5,0-1,123,0.21542233672626718,0.1077111683631336
2,complete,U5,0-2,012,0.21542233672626715,0.09328060807377642
2,complete,U5,0-2,013,0.21542233672626715,0.09328060807377642
2,complete,U5,0-2,023,0.21542233672626715,0.09328060807377642
2,complete,U5,0-2,123,0.21542233672626715,0.09328060807377642
2,complete,U5,0-3,012,0.21542233672626715,0.09328060807377642
2,complete,U5,0-3,013,0.21542233672626715,0.09328060807377642
2,complete,U5,0-3,023,0.21542233672626715,0.09328060807377642
2,complete,U5,0-3,123,0.21542233672626715,0.09328060807377642
2,complete,U5,1-2,012,0.21542233672626715,0.09328060807377642
2,complete,U5,1-2,013,0.21542233672626715,0.09328060807377642
2,complete,U5,1-2,023,0.21542233672626715,0.09328060807377642
2,complete,U5,1-2,123,0.21542233672626715,0.09328060807377642
2,complete,U5,1-3,012,0.21542233672626715,0.09328060807377642
2,complete,U5,1-3,013,0.21542233672626715,0.09328060807377642
2,complete,U5,1-3,023,0.21542233672626715,0.09328060807377642
2,complete,U5,1-3,123,0.21542233672626715,0.09328060807377642
2,complete,U5,2-3,012,0.21542233672626718,0.1077111683631336
2,complete,U5,2-3,013,0.21542233672626718,0.1077111683631336
2,complete,U5,2-3,023,0.21542233672626718,0.1077111683631336
2,complete,U5,2-3,123,0.21542233672626718,0.1077111683631336
2,complete,U20,0-1,012,0.21542233672626718,0.1077111683631336
2,complete,U20,0-1,013,0.21542233672626718,0.1077111683631336
2,complete,U20,0-1,023,0.21542233672626718,0.1077111683631336
2,complete,U20,0-1,123,0.21542233672626718,0.1077111683631336
2,complete,U20,0-2,012,0.21542233672626715,0.09328060807377642
2,complete,U20,0-2,013,0.21542233672626715,0.09328060807377642
2,complete,U20,0-2,023,0.21542233672626715,0.09328060807377642
2,complete,U20,0-2,123,0.21542233672626715,0.09328060807377642
2,complete,U20,0-3,012,0.21542233672626715,0.09328060807377642
2,complete,U20,0-3,013,0.21542233672626715,0.09328060807377642
2,complete,U20,0-3,023,0.21542233672626715,0.09328060807377642
2,complete,U20,0-3,123,0.21542233672626715,0.09328060807377642
2,complete,U20,1-2,012,0.21542233672626715,0.09328060807377642
2,complete,U20,1-2,013,0.21542233672626715,0.09328060807377642
2,complete,U20,1-2,023,0.21542233672626715,0.09328060807377642
2,complete,U20,1-2,123,0.21542233672626715,0.09328060807377642
2,complete,U20,1-3,012,0.21542233672626715,0.09328060807377642
2,complete,U20,1-3,013,0.21542233672626715,0.09328060807377642
2,complete,U20,1-3,023,0.21542233672626715,0.09328060807377642
2,complete,U20,1-3,123,0.21542233672626715,0.09328060807377642
2,complete,U20,2-3,012,0.21542233672626718,0.1077111683631336
2,complete,U20,2-3,013,0.21542233672626718,0.1077111683631336
2,complete,U20,2-3,023,0.21542233672626718,0.1077111683631336
2,complete,U20,2-3,123,0.21542233672626718,0.1077111683631336
2,ring,no_hopping,0-1,012,0.0,0.0
2,ring,no_hopping,0-1,013,0.0,0.0
2,ring,no_hopping,0-1,023,0.0,0.0
2,ring,no_hopping,0-1,123,0.0,0.0
2,ring,no_hopping,1-2,012,0.0,0.0
2,ring,no_hopping,1-2,013,0.0,0.0
2,ring,no_hopping,1-2,023,0.0,0.0
2,ring,no_hopping,1-2,123,0.0,0.0
2,ring,no_hopping,2-3,012,0.0,0.0
2,ring,no_hopping,2-3,013,0.0,0.0
2,ring,no_hopping,2-3,023,0.0,0.0
2,ring,no_hopping,2-3,123,0.0,0.0
2,ring,no_hopping,0-3,012,0.0,0.0
2,ring,no_hopping,0-3,013,0.0,0.0
2,ring,no_hopping,0-3,023,0.0,0.0
2,ring,no_hopping,0-3,123,0.0,0.0
2,ring,free,0-1,012,0.21542233672626718,0.1077111683631336
2,ring,free,0-1,013,0.21542233672626718,0.1077111683631336
2,ring,free,0-1,023,0.21542233672626718,0.1077111683631336
2,ring,free,0-1,123,0.21542233672626718,0.1077111683631336
2,ring,free,1-2,012,0.21542233672626715,0.09328060807377642
2,ring,free,1-2,013,0.21542233672626715,0.09328060807377642
2,ring,free,1-2,023,0.21542233672626715,0.09328060807377642
2,ring,free,1-2,123,0.21542233672626715,0.09328060807377642
2,ring,free,2-3,012,0.21542233672626718,0.1077111683631336
2,ring,free,2-3,013,0.21542233672626718,0.1077111683631336
2,ring,free,2-3,023,0.21542233672626718,0.1077111683631336
2,ring,free,2-3,123,0.21542233672626718,0.1077111683631336
2,ring,free,0-3,012,0.21542233672626715,0.09328060807377642
2,ring,free,0-3,013,0.21542233672626715,0.09328060807377642
2,ring,free,0-3,023,0.21542233672626715,0.09328060807377642
2,ring,free,0-3,123,0.21542233672626715,0.09328060807377642
2,ring,U1,0-1,012,0.21542233672626718,0.1077111683631336
2,ring,U1,0-1,013,0.21542233672626718,0.1077111683631336
2,ring,U1,0-1,023,0.21542233672626718,0.1077111683631336
2,ring,U1,0-1,123,0.21542233672626718,0.1077111683631336
2,ring,U1,1-2,012,0.21542233672626715,0.09328060807377642
2,ring,U1,1-2,013,0.21542233672626715,0.09328060807377642
2,ring,U1,1-2,023,0.21542233672626715,0.09328060807377642
2,ring,U1,1-2,123,0.21542233672626715,0.09328060807377642
2,ring,U1,2-3,012,0.21542233672626718,0.1077111683631336
2,ring,U1,2-3,013,0.21542233672626718,0.1077111683631336
2,ring,U1,2-3,023,0.21542233672626718,0.1077111683631336
2,ring,U1,2-3,123,0.21542233672626718,0.1077111683631336
2,ring,U1,0-3,012,0.21542233672626715,0.09328060807377642
2,ring,U1,0-3,013,0.21542233672626715,0.09328060807377642
2,ring,U1,0-3,023,0.21542233672626715,0.09328060807377642
2,ring,U1,0-3,123,0.21542233672626715,0.09328060807377642
2,ring,U5,0-1,012,0.21542233672626718,0.1077111683631336
2,ring,U5,0-1,013,0.21542233672626718,0.1077111683631336
2,ring,U5,0-1,023,0.21542233672626718,0.1077111683631336
2,ring,U5,0-1,123,0.21542233672626718,0.1077111683631336
2,ring,U5,1-2,012,0.21542233672626715,0.09328060807377642
2,ring,U5,1-2,013,0.21542233672626715,0.09328060807377642
2,ring,U5,1-2,023,0.21542233672626715,0.09328060807377642
2,ring,U5,1-2,123,0.21542233672626715,0.09328060807377642
2,ring,U5,2-3,012,0.21542233672626718,0.1077111683631336
2,ring,U5,2-3,013,0.21542233672626718,0.1077111683631336
2,ring,U5,2-3,023,0.21542233672626718,0.1077111683631336
2,ring,U5,2-3,123,0.21542233672626718,0.1077111683631336
2,ring,U5,0-3,012,0.21542233672626715,0.09328060807377642
2,ring,U5,0-3,013,0.21542233672626715,0.09328060807377642
2,ring,U5,0-3,023,0.21542233672626715,0.09328060807377642
2,ring,U5,0-3,123,0.21542233672626715,0.09328060807377642
2,ring,U20,0-1,012,0.21542233672626718,0.1077111683631336
2,ring,U20,0-1,013,0.21542233672626718,0.1077111683631336
2,ring,U20,0-1,023,0.21542233672626718,0.1077111683631336
2,ring,U20,0-1,123,0.21542233672626718,0.1077111683631336
2,ring,U20,1-2,012,0.21542233672626715,0.09328060807377642
2,ring,U20,1-2,013,0.21542233672626715,0.09328060807377642
2,ring,U20,1-2,023,0.21542233672626715,0.09328060807377642
2,ring,U20,1-2,123,0.21542233672626715,0.09328060807377642
2,ring,U20,2-3,012,0.21542233672626718,0.1077111683631336
2,ring,U20,2-3,013,0.21542233672626718,0.1077111683631336
2,ring,U20,2-3,023,0.21542233672626718,0.1077111683631336
2,ring,U20,2-3,123,0.21542233672626718,0.1077111683631336
2,ring,U20,0-3,012,0.21542233672626715,0.09328060807377642
2,ring,U20,0-3,013,0.21542233672626715,0.09328060807377642
2,ring,U20,0-3,023,0.21542233672626715,0.09328060807377642
2,ring,U20,0-3,123,0.21542233672626715,0.09328060807377642
3,complete,no_hopping,0-1,012,0.0,0.0
3,complete,no_hopping,0-1,013,0.0,0.0
3,complete,no_hopping,0-1,023,0.0,0.0
3,complete,no_hopping,0-1,123,0.0,0.0
3,complete,no_hopping,0-2,012,0.0,0.0
3,complete,no_hopping,0-2,013,0.0,0.0
3,complete,no_hopping,0-2,023,0.0,0.0
3,complete,no_hopping,0-2,123,0.0,0.0
3,complete,no_hopping,0-3,012,0.0,0.0
3,complete,no_hopping,0-3,013,0.0,0.0
3,complete,no_hopping,0-3,023,0.0,0.0
3,complete,no_hopping,0-3,123,0.0,0.0
3,complete,no_hopping,1-2,012,0.0,0.0
3,complete,no_hopping,1-2,013,0.0,0.0
3,complete,no_hopping,1-2,023,0.0,0.0
3,complete,no_hopping,1-2,123,0.0,0.0
3,complete,no_hopping,1-3,012,0.0,0.0
3,complete,no_hopping,1-3,013,0.0,0.0
3,complete,no_hopping,1-3,023,0.0,0.0
3,complete,no_hopping,1-3,123,0.0,0.0
3,complete,no_hopping,2-3,012,0.0,0.0
3,complete,no_hopping,2-3,013,0.0,0.0
3,complete,no_hopping,2-3,023,0.0,0.0
3,complete,no_hopping,2-3,123,0.0,0.0
3,complete,free,0-1,012,0.6155564944218239,0.16857708870681792
3,complete,free,0-1,013,0.6155564944218239,0.16857708870681792
3,complete,free,0-1,023,0.6155564944218239,0.16857708870681792
3,complete,free,0-1,123,0.6155564944218239,0.16857708870681792
3,complete,free,0-2,012,0.6155564944218239,0.15893600343636952
3,complete,free,0-2,013,0.6155564944218239,0.15893600343636952
3,complete,free,0-2,023,0.6155564944218239,0.15893600343636952
3,complete,free,0-2,123,0.6155564944218239,0.15893600343636952
3,complete,free,0-3,012,0.6155564944218239,0.15893600343636952
3,complete,free,0-3,013,0.6155564944218239,0.15893600343636952
3,complete,free,0-3,023,0.6155564944218239,0.15893600343636952
3,complete,free,0-3,123,0.6155564944218239,0.15893600343636952
3,complete,free,1-2,012,0.6155564944218239,0.15893600343636952
3,complete,free,1-2,013,0.6155564944218239,0.15893600343636952
3,complete,free,1-2,023,0.6155564944218239,0.15893600343636952
3,complete,free,1-2,123,0.6155564944218239,0.15893600343636952
3,complete,free,1-3,012,0.6155564944218239,0.15893600343636952
3,complete,free,1-3,013,0.6155564944218239,0.15893600343636952
3,complete,free,1-3,023,0.6155564944218239,0.15893600343636952
3,complete,free,1-3,123,0.6155564944218239,0.15893600343636952
3,complete,free,2-3,012,0.6155564944218239,0.16857708870681792
3,complete,free,2-3,013,0.6155564944218239,0.16857708870681792
3,complete,free,2-3,023,0.615556494421824,0.16857708870681792
3,complete,free,2-3,123,0.615556494421824,0.16857708870681792
3,complete,U1,0-1,012,0.6155564944218239,0.16857708870681792
3,complete,U1,0-1,013,0.6155564944218239,0.16857708870681792
3,complete,U1,0-1,023,0.6155564944218239,0.16857708870681792
3,complete,U1,0-1,123,0.6155564944218239,0.16857708870681792
3,complete,U1,0-2,012,0.6155564944218239,0.15893600343636952
3,complete,U1,0-2,013,0.6155564944218239,0.15893600343636952
3,complete,U1,0-2,023,0.6155564944218239,0.15893600343636952
3,complete,U1,0-2,123,0.6155564944218239,0.15893600343636952
3,complete,U1,0-3,012,0.6155564944218239,0.15893600343636952
3,complete,U1,0-3,013,0.6155564944218239,0.15893600343636952
3,complete,U1,0-3,023,0.6155564944218239,0.15893600343636952
3,complete,U1,0-3,123,0.6155564944218239,0.15893600343636952
3,complete,U1,1-2,012,0.6155564944218239,0.15893600343636952
3,complete,U1,1-2,013,0.6155564944218239,0.15893600343636952
3,complete,U1,1-2,023,0.6155564944218239,0.15893600343636952
3,complete,U1,1-2,123,0.6155564944218239,0.15893600343636952
3,complete,U1,1-3,012,0.6155564944218239,0.15893600343636952
3,complete,U1,1-3,013,0.6155564944218239,0.15893600343636952
3,complete,U1,1-3,023,0.6155564944218239,0.15893600343636952
3,complete,U1,1-3,123,0.6155564944218239,0.15893600343636952
3,complete,U1,2-3,012,0.6155564944218239,0.16857708870681792
3,complete,U1,2-3,013,0.6155564944218239,0.16857708870681792
3,complete,U1,2-3,023,0.615556494421824,0.16857708870681792
3,complete,U1,2-3,123,0.615556494421824,0.16857708870681792
3,complete,U5,0-1,012,0.6155564944218239,0.16857708870681792
3,complete,U5,0-1,013,0.6155564944218239,0.16857708870681792
3,complete,U5,0-1,023,0.6155564944218239,0.16857708870681792
3,complete,U5,0-1,123,0.6155564944218239,0.16857708870681792
3,complete,U5,0-2,012,0.6155564944218239,0.15893600343636952
3,complete,U5,0-2,013,0.6155564944218239,0.15893600343636952
3,complete,U5,0-2,023,0.6155564944218239,0.15893600343636952
3,complete,U5,0-2,123,0.6155564944218239,0.15893600343636952
3,complete,U5,0-3,012,0.6155564944218239,0.15893600343636952
3,complete,U5,0-3,013,0.6155564944218239,0.15893600343636952
3,complete,U5,0-3,023,0.6155564944218239,0.15893600343636952
3,complete,U5,0-3,123,0.6155564944218239,0.15893600343636952
3,complete,U5,1-2,012,0.6155564944218239,0.15893600343636952
3,complete,U5,1-2,013,0.6155564944218239,0.15893600343636952
3,complete,U5,1-2,023,0.6155564944218239,0.15893600343636952
3,complete,U5,1-2,123,0.6155564944218239,0.15893600343636952
3,complete,U5,1-3,012,0.6155564944218239,0.15893600343636952
3,complete,U5,1-3,013,0.6155564944218239,0.15893600343636952
3,complete,U5,1-3,023,0.6155564944218239,0.15893600343636952
3,complete,U5,1-3,123,0.6155564944218239,0.15893600343636952
3,complete,U5,2-3,012,0.6155564944218239,0.16857708870681792
3,complete,U5,2-3,013,0.6155564944218239,0.16857708870681792
3,complete,U5,2-3,023,0.615556494421824,0.16857708870681792
3,complete,U5,2-3,123,0.615556494421824,0.16857708870681792
3,complete,U20,0-1,012,0.6155564944218239,0.16857708870681792
3,complete,U20,0-1,013,0.6155564944218239,0.16857708870681792
3,complete,U20,0-1,023,0.6155564944218239,0.16857708870681792
3,complete,U20,0-1,123,0.6155564944218239,0.16857708870681792
3,complete,U20,0-2,012,0.6155564944218239,0.15893600343636952
3,complete,U20,0-2,013,0.6155564944218239,0.15893600343636952
3,complete,U20,0-2,023,0.6155564944218239,0.15893600343636952
3,complete,U20,0-2,123,0.6155564944218239,0.15893600343636952
3,complete,U20,0-3,012,0.6155564944218239,0.15893600343636952
3,complete,U20,0-3,013,0.6155564944218239,0.15893600343636952
3,complete,U20,0-3,023,0.6155564944218239,0.15893600343636952
3,complete,U20,0-3,123,0.6155564944218239,0.15893600343636952
3,complete,U20,1-2,012,0.6155564944218239,0.15893600343636952
3,complete,U20,1-2,013,0.6155564944218239,0.15893600343636952
3,complete,U20,1-2,023,0.6155564944218239,0.15893600343636952
3,complete,U20,1-2,123,0.6155564944218239,0.15893600343636952
3,complete,U20,1-3,012,0.6155564944218239,0.15893600343636952
3,complete,U20,1-3,013,0.6155564944218239,0.15893600343636952
3,complete,U20,1-3,023,0.6155564944218239,0.15893600343636952
3,complete,U20,1-3,123,0.6155564944218239,0.15893600343636952
3,complete,U20,2-3,012,0.6155564944218239,0.16857708870681792
3,complete,U20,2-3,013,0.6155564944218239,0.16857708870681792
3,complete,U20,2-3,023,0.615556494421824,0.16857708870681792
3,complete,U20,2-3,123,0.615556494421824,0.16857708870681792
3,ring,no_hopping,0-1,012,0.0,0.0
3,ring,no_hopping,0-1,013,0.0,0.0
3,ring,no_hopping,0-1,023,0.0,0.0
3,ring,no_hopping,0-1,123,0.0,0.0
3,ring,no_hopping,1-2,012,0.0,0.0
3,ring,no_hopping,1-2,013,0.0,0.0
3,ring,no_hopping,1-2,023,0.0,0.0
3,ring,no_hopping,1-2,123,0.0,0.0
3,ring,no_hopping,2-3,012,0.0,0.0
3,ring,no_hopping,2-3,013,0.0,0.0
3,ring,no_hopping,2-3,023,0.0,0.0
3,ring,no_hopping,2-3,123,0.0,0.0
3,ring,no_hopping,0-3,012,0.0,0.0
3,ring,no_hopping,0-3,013,0.0,0.0
3,ring,no_hopping,0-3,023,0.0,0.0
3,ring,no_hopping,0-3,123,0.0,0.0
3,ring,free,0-1,012,0.6155564944218239,0.16857708870681792
3,ring,free,0-1,013,0.6155564944218239,0.16857708870681792
3,ring,free,0-1,023,0.6155564944218239,0.16857708870681792
3,ring,free,0-1,123,0.6155564944218239,0.16857708870681792
3,ring,free,1-2,012,0.6155564944218239,0.15893600343636952
3,ring,free,1-2,013,0.6155564944218239,0.15893600343636952
3,ring,free,1-2,023,0.6155564944218239,0.15893600343636952
3,ring,free,1-2,123,0.6155564944218239,0.15893600343636952
3,ring,free,2-3,012,0.6155564944218239,0.16857708870681792
3,ring,free,2-3,013,0.6155564944218239,0.16857708870681792
3,ring,free,2-3,023,0.615556494421824,0.16857708870681792
3,ring,free,2-3,123,0.615556494421824,0.16857708870681792
3,ring,free,0-3,012,0.6155564944218239,0.15893600343636952
3,ring,free,0-3,013,0.6155564944218239,0.15893600343636952
3,ring,free,0-3,023,0.6155564944218239,0.15893600343636952
3,ring,free,0-3,123,0.6155564944218239,0.15893600343636952
3,ring,U1,0-1,012,0.6155564944218239,0.16857708870681792
3,ring,U1,0-1,013,0.6155564944218239,0.16857708870681792
3,ring,U1,0-1,023,0.6155564944218239,0.16857708870681792
3,ring,U1,0-1,123,0.6155564944218239,0.16857708870681792
3,ring,U1,1-2,012,0.6155564944218239,0.15893600343636952
3,ring,U1,1-2,013,0.6155564944218239,0.15893600343636952
3,ring,U1,1-2,023,0.6155564944218239,0.15893600343636952
3,ring,U1,1-2,123,0.6155564944218239,0.15893600343636952
3,ring,U1,2-3,012,0.6155564944218239,0.16857708870681792
3,ring,U1,2-3,013,0.6155564944218239,0.16857708870681792
3,ring,U1,2-3,023,0.615556494421824,0.16857708870681792
3,ring,U1,2-3,123,0.615556494421824,0.16857708870681792
3,ring,U1,0-3,012,0.6155564944218239,0.15893600343636952
3,ring,U1,0-3,013,0.6155564944218239,0.15893600343636952
3,ring,U1,0-3,023,0.6155564944218239,0.15893600343636952
3,ring,U1,0-3,123,0.6155564944218239,0.15893600343636952
3,ring,U5,0-1,012,0.6155564944218239,0.16857708870681792
3,ring,U5,0-1,013,0.6155564944218239,0.16857708870681792
3,ring,U5,0-1,023,0.6155564944218239,0.16857708870681792
3,ring,U5,0-1,123,0.6155564944218239,0.16857708870681792
3,ring,U5,1-2,012,0.6155564944218239,0.15893600343636952
3,ring,U5,1-2,013,0.6155564944218239,0.15893600343636952
3,ring,U5,1-2,023,0.6155564944218239,0.15893600343636952
3,ring,U5,1-2,123,0.6155564944218239,0.15893600343636952
3,ring,U5,2-3,012,0.6155564944218239,0.16857708870681792
3,ring,U5,2-3,013,0.6155564944218239,0.16857708870681792
3,ring,U5,2-3,023,0.615556494421824,0.16857708870681792
3,ring,U5,2-3,123,0.615556494421824,0.16857708870681792
3,ring,U5,0-3,012,0.6155564944218239,0.15893600343636952
3,ring,U5,0-3,013,0.6155564944218239,0.15893600343636952
3,ring,U5,0-3,023,0.6155564944218239,0.15893600343636952
3,ring,U5,0-3,123,0.6155564944218239,0.15893600343636952
3,ring,U20,0-1,012,0.6155564944218239,0.16857708870681792
3,ring,U20,0-1,013,0.6155564944218239,0.16857708870681792
3,ring,U20,0-1,023,0.6155564944218239,0.16857708870681792
3,ring,U20,0-1,123,0.6155564944218239,0.16857708870681792
3,ring,U20,1-2,012,0.6155564944218239,0.15893600343636952
3,ring,U20,1-2,013,0.6155564944218239,0.15893600343636952
3,ring,U20,1-2,023,0.6155564944218239,0.15893600343636952
3,ring,U20,1-2,123,0.6155564944218239,0.15893600343636952
3,ring,U20,2-3,012,0.6155564944218239,0.16857708870681792
3,ring,U20,2-3,013,0.6155564944218239,0.16857708870681792
3,ring,U20,2-3,023,0.615556494421824,0.16857708870681792
3,ring,U20,2-3,123,0.615556494421824,0.16857708870681792
3,ring,U20,0-3,012,0.6155564944218239,0.15893600343636952
3,ring,U20,0-3,013,0.6155564944218239,0.15893600343636952
3,ring,U20,0-3,023,0.6155564944218239,0.15893600343636952
3,ring,U20,0-3,123,0.6155564944218239,0.15893600343636952
4,complete,no_hopping,0-1,012,0.0,0.0
4,complete,no_hopping,0-1,013,0.0,0.0
4,complete,no_hopping,0-1,023,0.0,0.0
4,complete,no_hopping,0-1,123,0.0,0.0
4,complete,no_hopping,0-2,012,0.0,0.0
4,complete,no_hopping,0-2,013,0.0,0.0
4,complete,no_hopping,0-2,023,0.0,0.0
4,complete,no_hopping,0-2,123,0.0,0.0
4,complete,no_hopping,0-3,012,0.0,0.0
4,complete,no_hopping,0-3,013,0.0,0.0
4,complete,no_hopping,0-3,023,0.0,0.0
4,complete,no_hopping,0-3,123,0.0,0.0
4,complete,no_hopping,1-2,012,0.0,0.0
4,complete,no_hopping,1-2,013,0.0,0.0
4,complete,no_hopping,1-2,023,0.0,0.0
4,complete,no_hopping,1-2,123,0.0,0.0
4,complete,no_hopping,1-3,012,0.0,0.0
4,complete,no_hopping,1-3,013,0.0,0.0
4,complete,no_hopping,1-3,023,0.0,0.0
4,complete,no_hopping,1-3,123,0.0,0.0
4,complete,no_hopping,2-3,012,0.0,0.0
4,complete,no_hopping,2-3,013,0.0,0.0
4,complete,no_hopping,2-3,023,0.0,0.0
4,complete,no_hopping,2-3,123,0.0,0.0
4,complete,free,0-1,012,1.3284173004506115,0.2447670309580675
4,complete,free,0-1,013,1.3284173004506115,0.2447670309580675
4,complete,free,0-1,023,1.3284173004506115,0.2447670309580675
4,complete,free,0-1,123,1.3284173004506115,0.2447670309580675
4,complete,free,0-2,012,1.3284173004506117,0.22344070698216478
4,complete,free,0-2,013,1.3284173004506115,0.22344070698216478
4,complete,free,0-2,023,1.3284173004506115,0.22344070698216478
4,complete,free,0-2,123,1.3284173004506117,0.22344070698216478
4,complete,free,0-3,012,1.3284173004506115,0.2234407069821648
4,complete,free,0-3,013,1.3284173004506115,0.2234407069821648
4,complete,free,0-3,023,1.3284173004506115,0.2234407069821648
4,complete,free,0-3,123,1.3284173004506115,0.2234407069821648
4,complete,free,1-2,012,1.3284173004506115,0.22344070698216478
4,complete,free,1-2,013,1.3284173004506115,0.22344070698216478
4,complete,free,1-2,023,1.3284173004506115,0.22344070698216478
4,complete,free,1-2,123,1.3284173004506115,0.22344070698216478
4,complete,free,1-3,012,1.3284173004506117,0.2234407069821648
4,complete,free,1-3,013,1.3284173004506115,0.2234407069821648
4,complete,free,1-3,023,1.3284173004506115,0.2234407069821648
4,complete,free,1-3,123,1.3284173004506115,0.2234407069821648
4,complete,free,2-3,012,1.3284173004506115,0.2447670309580675
4,complete,free,2-3,013,1.3284173004506115,0.2447670309580675
4,complete,free,2-3,023,1.3284173004506115,0.2447670309580675
4,complete,free,2-3,123,1.3284173004506115,0.2447670309580675
4,complete,U1,0-1,012,1.3284173004506115,0.2447670309580675
4,complete,U1,0-1,013,1.3284173004506115,0.2447670309580675
4,complete,U1,0-1,023,1.3284173004506115,0.2447670309580675
4,complete,U1,0-1,123,1.3284173004506115,0.2447670309580675
4,complete,U1,0-2,012,1.3284173004506117,0.22344070698216478
4,complete,U1,0-2,013,1.3284173004506115,0.22344070698216478
4,complete,U1,0-2,023,1.3284173004506115,0.22344070698216478
4,complete,U1,0-2,123,1.3284173004506117,0.22344070698216478
4,complete,U1,0-3,012,1.3284173004506115,0.2234407069821648
4,complete,U1,0-3,013,1.3284173004506115,0.2234407069821648
4,complete,U1,0-3,023,1.3284173004506115,0.2234407069821648
4,complete,U1,0-3,123,1.3284173004506115,0.2234407069821648
4,complete,U1,1-2,012,1.3284173004506115,0.22344070698216478
4,complete,U1,1-2,013,1.3284173004506115,0.22344070698216478
4,complete,U1,1-2,023,1.3284173004506115,0.22344070698216478
4,complete,U1,1-2,123,1.3284173004506115,0.22344070698216478
4,complete,U1,1-3,012,1.3284173004506117,0.2234407069821648
4,complete,U1,1-3,013,1.3284173004506115,0.2234407069821648
4,complete,U1,1-3,023,1.3284173004506115,0.2234407069821648
4,complete,U1,1-3,123,1.3284173004506115,0.2234407069821648
4,complete,U1,2-3,012,1.3284173004506115,0.2447670309580675
4,complete,U1,2-3,013,1.3284173004506115,0.2447670309580675
4,complete,U1,2-3,023,1.3284173004506115,0.2447670309580675
4,complete,U1,2-3,123,1.3284173004506115,0.2447670309580675
4,complete,U5,0-1,012,1.3284173004506115,0.2447670309580675
4,complete,U5,0-1,013,1.3284173004506115,0.2447670309580675
4,complete,U5,0-1,023,1.3284173004506115,0.2447670309580675
4,complete,U5,0-1,123,1.3284173004506115,0.2447670309580675
4,complete,U5,0-2,012,1.3284173004506117,0.22344070698216478
4,complete,U5,0-2,013,1.3284173004506115,0.22344070698216478
4,complete,U5,0-2,023,1.3284173004506115,0.22344070698216478
4,complete,U5,0-2,123,1.3284173004506117,0.22344070698216478
4,complete,U5,0-3,012,1.3284173004506115,0.2234407069821648
4,complete,U5,0-3,013,1.3284173004506115,0.2234407069821648
4,complete,U5,0-3,023,1.3284173004506115,0.2234407069821648
4,complete,U5,0-3,123,1.3284173004506115,0.2234407069821648
4,complete,U5,1-2,012,1.3284173004506115,0.22344070698216478
4,complete,U5,1-2,013,1.3284173004506115,0.22344070698216478
4,complete,U5,1-2,023,1.3284173004506115,0.22344070698216478
4,complete,U5,1-2,123,1.3284173004506115,0.22344070698216478
4,complete,U5,1-3,012,1.3284173004506117,0.2234407069821648
4,complete,U5,1-3,013,1.3284173004506115,0.2234407069821648
4,complete,U5,1-3,023,1.3284173004506115,0.2234407069821648
4,complete,U5,1-3,123,1.3284173004506115,0.2234407069821648
4,complete,U5,2-3,012,1.3284173004506115,0.2447670309580675
4,complete,U5,2-3,013,1.3284173004506115,0.2447670309580675
4,complete,U5,2-3,023,1.3284173004506115,0.2447670309580675
4,complete,U5,2-3,123,1.3284173004506115,0.2447670309580675
4,complete,U20,0-1,012,1.3284173004506115,0.2447670309580675
4,complete,U20,0-1,013,1.3284173004506115,0.2447670309580675
4,complete,U20,0-1,023,1.3284173004506115,0.2447670309580675
4,complete,U20,0-1,123,1.3284173004506115,0.2447670309580675
4,complete,U20,0-2,012,1.3284173004506117,0.22344070698216478
4,complete,U20,0-2,013,1.3284173004506115,0.22344070698216478
4,complete,U20,0-2,023,1.3284173004506115,0.22344070698216478
4,complete,U20,0-2,123,1.3284173004506117,0.22344070698216478
4,complete,U20,0-3,012,1.3284173004506115,0.2234407069821648
4,complete,U20,0-3,013,1.3284173004506115,0.2234407069821648
4,complete,U20,0-3,023,1.3284173004506115,0.2234407069821648
4,complete,U20,0-3,123,1.3284173004506115,0.2234407069821648
4,complete,U20,1-2,012,1.3284173004506115,0.22344070698216478
4,complete,U20,1-2,013,1.3284173004506115,0.22344070698216478
4,complete,U20,1-2,023,1.3284173004506115,0.22344070698216478
4,complete,U20,1-2,123,1.3284173004506115,0.22344070698216478
4,complete,U20,1-3,012,1.3284173004506117,0.2234407069821648
4,complete,U20,1-3,013,1.3284173004506115,0.2234407069821648
4,complete,U20,1-3,023,1.3284173004506115,0.2234407069821648
4,complete,U20,1-3,123,1.3284173004506115,0.2234407069821648
4,complete,U20,2-3,012,1.3284173004506115,0.2447670309580675
4,complete,U20,2-3,013,1.3284173004506115,0.2447670309580675
4,complete,U20,2-3,023,1.3284173004506115,0.2447670309580675
4,complete,U20,2-3,123,1.3284173004506115,0.2447670309580675
4,ring,no_hopping,0-1,012,0.0,0.0
4,ring,no_hopping,0-1,013,0.0,0.0
4,ring,no_hopping,0-1,023,0.0,0.0
4,ring,no_hopping,0-1,123,0.0,0.0
4,ring,no_hopping,1-2,012,0.0,0.0
4,ring,no_hopping,1-2,013,0.0,0.0
4,ring,no_hopping,1-2,023,0.0,0.0
4,ring,no_hopping,1-2,123,0.0,0.0
4,ring,no_hopping,2-3,012,0.0,0.0
4,ring,no_hopping,2-3,013,0.0,0.0
4,ring,no_hopping,2-3,023,0.0,0.0
4,ring,no_hopping,2-3,123,0.0,0.0
4,ring,no_hopping,0-3,012,0.0,0.0
4,ring,no_hopping,0-3,013,0.0,0.0
4,ring,no_hopping,0-3,023,0.0,0.0
4,ring,no_hopping,0-3,123,0.0,0.0
4,ring,free,0-1,012,1.3284173004506115,0.2447670309580675
4,ring,free,0-1,013,1.3284173004506115,0.2447670309580675
4,ring,free,0-1,023,1.3284173004506115,0.2447670309580675
4,ring,free,0-1,123,1.3284173004506115,0.2447670309580675
4,ring,free,1-2,012,1.3284173004506115,0.22344070698216478
4,ring,free,1-2,013,1.3284173004506115,0.22344070698216478
4,ring,free,1-2,023,1.3284173004506115,0.22344070698216478
4,ring,free,1-2,123,1.3284173004506115,0.22344070698216478
4,ring,free,2-3,012,1.3284173004506115,0.2447670309580675
4,ring,free,2-3,013,1.3284173004506115,0.2447670309580675
4,ring,free,2-3,023,1.3284173004506115,0.2447670309580675
4,ring,free,2-3,123,1.3284173004506115,0.2447670309580675
4,ring,free,0-3,012,1.3284173004506115,0.2234407069821648
4,ring,free,0-3,013,1.3284173004506115,0.2234407069821648
4,ring,free,0-3,023,1.3284173004506115,0.2234407069821648
4,ring,free,0-3,123,1.3284173004506115,0.2234407069821648
4,ring,U1,0-1,012,1.3284173004506115,0.2447670309580675
4,ring,U1,0-1,013,1.3284173004506115,0.2447670309580675
4,ring,U1,0-1,023,1.3284173004506115,0.2447670309580675
4,ring,U1,0-1,123,1.3284173004506115,0.2447670309580675
4,ring,U1,1-2,012,1.3284173004506115,0.22344070698216478
4,ring,U1,1-2,013,1.3284173004506115,0.22344070698216478
4,ring,U1,1-2,023,1.3284173004506115,0.22344070698216478
4,ring,U1,1-2,123,1.3284173004506115,0.22344070698216478
4,ring,U1,2-3,012,1.3284173004506115,0.2447670309580675
4,ring,U1,2-3,013,1.3284173004506115,0.2447670309580675
4,ring,U1,2-3,023,1.3284173004506115,0.2447670309580675
4,ring,U1,2-3,123,1.3284173004506115,0.2447670309580675
4,ring,U1,0-3,012,1.3284173004506115,0.2234407069821648
4,ring,U1,0-3,013,1.3284173004506115,0.2234407069821648
4,ring,U1,0-3,023,1.3284173004506115,0.2234407069821648
4,ring,U1,0-3,123,1.3284173004506115,0.2234407069821648
4,ring,U5,0-1,012,1.3284173004506115,0.2447670309580675
4,ring,U5,0-1,013,1.3284173004506115,0.2447670309580675
4,ring,U5,0-1,023,1.3284173004506115,0.2447670309580675
4,ring,U5,0-1,123,1.3284173004506115,0.2447670309580675
4,ring,U5,1-2,012,1.3284173004506115,0.22344070698216478
4,ring,U5,1-2,013,1.3284173004506115,0.22344070698216478
4,ring,U5,1-2,023,1.3284173004506115,0.22344070698216478
4,ring,U5,1-2,123,1.3284173004506115,0.22344070698216478
4,ring,U5,2-3,012,1.3284173004506115,0.2447670309580675
4,ring,U5,2-3,013,1.3284173004506115,0.2447670309580675
4,ring,U5,2-3,023,1.3284173004506115,0.2447670309580675
4,ring,U5,2-3,123,1.3284173004506115,0.2447670309580675
4,ring,U5,0-3,012,1.3284173004506115,0.2234407069821648
4,ring,U5,0-3,013,1.3284173004506115,0.2234407069821648
4,ring,U5,0-3,023,1.3284173004506115,0.2234407069821648
4,ring,U5,0-3,123,1.3284173004506115,0.2234407069821648
4,ring,U20,0-1,012,1.3284173004506115,0.2447670309580675
4,ring,U20,0-1,013,1.3284173004506115,0.2447670309580675
4,ring,U20,0-1,023,1.3284173004506115,0.2447670309580675
4,ring,U20,0-1,123,1.3284173004506115,0.2447670309580675
4,ring,U20,1-2,012,1.3284173004506115,0.22344070698216478
4,ring,U20,1-2,013,1.3284173004506115,0.22344070698216478
4,ring,U20,1-2,023,1.3284173004506115,0.22344070698216478
4,ring,U20,1-2,123,1.3284173004506115,0.22344070698216478
4,ring,U20,2-3,012,1.3284173004506115,0.2447670309580675
4,ring,U20,2-3,013,1.3284173004506115,0.2447670309580675
4,ring,U20,2-3,023,1.3284173004506115,0.2447670309580675
4,ring,U20,2-3,123,1.3284173004506115,0.2447670309580675
4,ring,U20,0-3,012,1.3284173004506115,0.2234407069821648
4,ring,U20,0-3,013,1.3284173004506115,0.2234407069821648
4,ring,U20,0-3,023,1.3284173004506115,0.2234407069821648
4,ring,U20,0-3,123,1.3284173004506115,0.2234407069821648
