K,graph,case,state_index,energy,ground_state_member
2,complete,no_hopping,1,0.0,True
2,complete,no_hopping,2,0.0,True
2,complete,no_hopping,3,0.9999999999999998,False
2,complete,no_hopping,4,0.9999999999999998,False
2,complete,no_hopping,5,0.9999999999999998,False
2,complete,no_hopping,6,0.9999999999999998,False
2,complete,no_hopping,7,0.9999999999999999,False
2,complete,no_hopping,8,0.9999999999999999,False
2,complete,no_hopping,9,0.9999999999999999,False
2,complete,no_hopping,10,0.9999999999999999,False
2,complete,no_hopping,11,1.0000000000000002,False
2,complete,no_hopping,12,1.0000000000000002,False
2,complete,no_hopping,13,1.0000000000000002,False
2,complete,no_hopping,14,1.0000000000000002,False
2,complete,no_hopping,15,1.9999999999999998,False
2,complete,no_hopping,16,1.9999999999999998,False
2,complete,no_hopping,17,2.0000000000000004,False
2,complete,no_hopping,18,2.0000000000000004,False
2,complete,no_hopping,19,2.0000000000000004,False
2,complete,no_hopping,20,2.0000000000000004,False
2,complete,free,1,-4.0000000000000036,True
2,complete,free,2,-4.000000000000002,True
2,complete,free,3,-4.000000000000001,True
2,complete,free,4,-4.000000000000001,True
2,complete,free,5,-4.0,True
2,complete,free,6,-3.999999999999999,True
2,complete,free,7,-2.6835490135978275e-15,False
2,complete,free,8,-2.072191983939435e-15,False
2,complete,free,9,-1.5585931407792695e-15,False
2,complete,free,10,-1.091213420129681e-15,False
2,complete,free,11,-1.9969241170882394e-16,False
2,complete,free,12,1.0236222961166418e-17,False
2,complete,free,13,1.7228131756328318e-15,False
2,complete,free,14,2.144269821636486e-15,False
2,complete,free,15,3.999999999999999,False
2,complete,free,16,4.0,False
2,complete,free,17,4.0,False
2,complete,free,18,4.000000000000001,False
2,complete,free,19,4.000000000000001,False
2,complete,free,20,4.000000000000006,False
2,complete,U1,1,-3.3408476172483446,True
2,complete,U1,2,-3.340847617248344,True
2,complete,U1,3,-2.785260864829663,False
2,complete,U1,4,-2.7852608648296577,False
2,complete,U1,5,-2.7852608648296515,False
2,complete,U1,6,-2.531128874149275,False
2,complete,U1,7,0.9999999999999974,False
2,complete,U1,8,0.9999999999999999,False
2,complete,U1,9,1.0000000000000007,False
2,complete,U1,10,1.4769712781787414,False
2,complete,U1,11,1.4769712781787463,False
2,complete,U1,12,1.4923094841334763,False
2,complete,U1,13,1.4923094841334779,False
2,complete,U1,14,1.4923094841334796,False
2,complete,U1,15,4.8638763390696,False
2,complete,U1,16,4.863876339069602,False
2,complete,U1,17,5.292951380696177,False
2,complete,U1,18,5.292951380696179,False
2,complete,U1,19,5.292951380696184,False
2,complete,U1,20,5.531128874149271,False
2,complete,U5,1,-1.844288770224762,True
2,complete,U5,2,-1.844288770224757,True
2,complete,U5,3,1.6521095806534627,False
2,complete,U5,4,1.6521095806534642,False
2,complete,U5,5,1.6521095806534682,False
2,complete,U5,6,2.783009433971702,False
2,complete,U5,7,4.999999999999994,False
2,complete,U5,8,4.999999999999997,False
2,complete,U5,9,5.0,False
2,complete,U5,10,5.999999999999998,False
2,complete,U5,11,6.000000000000001,False
2,complete,U5,12,6.834287914967597,False
2,complete,U5,13,6.834287914967601,False
2,complete,U5,14,6.834287914967602,False
2,complete,U5,15,10.844288770224763,False
2,complete,U5,16,10.844288770224763,False
2,complete,U5,17,11.513602504378929,False
2,complete,U5,18,11.513602504378936,False
2,complete,U5,19,11.51360250437894,False
2,complete,U5,20,12.216990566028302,False
2,complete,U20,1,-0.5857322798479174,True
2,complete,U20,2,-0.5857322798478951,True
2,complete,U20,3,16.992379271999535,False
2,complete,U20,4,16.992379271999535,False
2,complete,U20,5,16.99237927199954,False
2,complete,U20,6,19.229670385730994,False
2,complete,U20,7,19.999999999999986,False
2,complete,U20,8,20.000000000000004,False
2,complete,U20,9,20.000000000000004,False
2,complete,U20,10,20.38475229939803,False
2,complete,U20,11,20.38475229939805,False
2,complete,U20,12,22.60777439918015,False
2,complete,U20,13,22.60777439918017,False
2,complete,U20,14,22.607774399180173,False
2,complete,U20,15,40.20097998044986,False
2,complete,U20,16,40.20097998044987,False
2,complete,U20,17,40.399846328820274,False
2,complete,U20,18,40.399846328820274,False
2,complete,U20,19,40.3998463288203,False
2,complete,U20,20,40.770329614269,False
2,ring,no_hopping,1,0.0,True
2,ring,no_hopping,2,0.0,True
2,ring,no_hopping,3,0.9999999999999998,False
2,ring,no_hopping,4,0.9999999999999998,False
2,ring,no_hopping,5,0.9999999999999998,False
2,ring,no_hopping,6,0.9999999999999998,False
2,ring,no_hopping,7,0.9999999999999999,False
2,ring,no_hopping,8,0.9999999999999999,False
2,ring,no_hopping,9,0.9999999999999999,False
2,ring,no_hopping,10,0.9999999999999999,False
2,ring,no_hopping,11,1.0000000000000002,False
2,ring,no_hopping,12,1.0000000000000002,False
2,ring,no_hopping,13,1.0000000000000002,False
2,ring,no_hopping,14,1.0000000000000002,False
2,ring,no_hopping,15,1.9999999999999998,False
2,ring,no_hopping,16,1.9999999999999998,False
2,ring,no_hopping,17,2.0000000000000004,False
2,ring,no_hopping,18,2.0000000000000004,False
2,ring,no_hopping,19,2.0000000000000004,False
2,ring,no_hopping,20,2.0000000000000004,False
2,ring,free,1,-4.0000000000000036,True
2,ring,free,2,-4.000000000000001,True
2,ring,free,3,-4.0,True
2,ring,free,4,-2.000000000000002,False
2,ring,free,5,-1.9999999999999998,False
2,ring,free,6,-1.999999999999999,False
2,ring,free,7,-1.9999999999999976,False
2,ring,free,8,-1.1167441428981023e-15,False
2,ring,free,9,-1.1111232476903468e-15,False
2,ring,free,10,-6.654195686212858e-16,False
2,ring,free,11,-4.469264274928791e-16,False
2,ring,free,12,4.486990994231164e-16,False
2,ring,free,13,8.93822498361681e-16,False
2,ring,free,14,1.999999999999999,False
2,ring,free,15,1.9999999999999993,False
2,ring,free,16,2.0000000000000004,False
2,ring,free,17,2.000000000000002,False
2,ring,free,18,3.999999999999999,False
2,ring,free,19,4.0,False
2,ring,free,20,4.000000000000002,False
2,ring,U1,1,-3.3408476172483463,True
2,ring,U1,2,-2.863876339069599,False
2,ring,U1,3,-2.7852608648296564,False
2,ring,U1,4,-0.9999999999999998,False
2,ring,U1,5,-0.9999999999999996,False
2,ring,U1,6,-0.5615528128088308,False
2,ring,U1,7,-0.5615528128088294,False
2,ring,U1,8,0.523028721821254,False
2,ring,U1,9,0.9999999999999988,False
2,ring,U1,10,1.0000000000000002,False
2,ring,U1,11,1.4769712781787454,False
2,ring,U1,12,1.4923094841334772,False
2,ring,U1,13,2.000000000000001,False
2,ring,U1,14,2.9999999999999996,False
2,ring,U1,15,3.000000000000001,False
2,ring,U1,16,3.561552812808828,False
2,ring,U1,17,3.56155281280883,False
2,ring,U1,18,4.863876339069601,False
2,ring,U1,19,5.292951380696179,False
2,ring,U1,20,5.340847617248346,False
2,ring,U5,1,-1.8442887702247581,True
2,ring,U5,2,-0.8442887702247662,False
2,ring,U5,3,1.6521095806534636,False
2,ring,U5,4,2.9999999999999996,False
2,ring,U5,5,3.000000000000001,False
2,ring,U5,6,4.0,False
2,ring,U5,7,4.29843788128357,False
2,ring,U5,8,4.29843788128358,False
2,ring,U5,9,4.999999999999998,False
2,ring,U5,10,4.999999999999998,False
2,ring,U5,11,6.000000000000003,False
2,ring,U5,12,6.834287914967604,False
2,ring,U5,13,6.999999999999996,False
2,ring,U5,14,6.999999999999998,False
2,ring,U5,15,10.0,False
2,ring,U5,16,10.701562118716419,False
2,ring,U5,17,10.70156211871642,False
2,ring,U5,18,10.844288770224756,False
2,ring,U5,19,11.513602504378937,False
2,ring,U5,20,11.844288770224761,False
2,ring,U20,1,-0.5857322798478979,True
2,ring,U20,2,-0.20097998044985904,False
2,ring,U20,3,16.992379271999557,False
2,ring,U20,4,18.0,False
2,ring,U20,5,18.000000000000007,False
2,ring,U20,6,19.61524770060197,False
2,ring,U20,7,19.801960972814413,False
2,ring,U20,8,19.80196097281444,False
2,ring,U20,9,20.0,False
2,ring,U20,10,20.00000000000001,False
2,ring,U20,11,20.38475229939804,False
2,ring,U20,12,22.0,False
2,ring,U20,13,22.000000000000014,False
2,ring,U20,14,22.607774399180176,False
2,ring,U20,15,40.0,False
2,ring,U20,16,40.19803902718555,False
2,ring,U20,17,40.19803902718564,False
2,ring,U20,18,40.20097998044989,False
2,ring,U20,19,40.39984632882029,False
2,ring,U20,20,40.5857322798479,False
3,complete,no_hopping,1,1.9999999999999996,True
3,complete,no_hopping,2,1.9999999999999996,True
3,complete,no_hopping,3,1.9999999999999996,True
3,complete,no_hopping,4,1.9999999999999996,True
3,complete,no_hopping,5,2.0,True
3,complete,no_hopping,6,2.0,True
3,complete,no_hopping,7,2.0,True
3,complete,no_hopping,8,2.0,True
3,complete,no_hopping,9,2.0,True
3,complete,no_hopping,10,2.0,True
3,complete,no_hopping,11,2.000000000000001,True
3,complete,no_hopping,12,2.000000000000001,True
3,complete,no_hopping,13,3.000000000000001,False
3,complete,no_hopping,14,3.000000000000001,False
3,complete,no_hopping,15,3.000000000000001,False
3,complete,no_hopping,16,3.000000000000001,False
3,complete,no_hopping,17,3.000000000000001,False
3,complete,no_hopping,18,3.000000000000001,False
3,complete,no_hopping,19,3.000000000000001,False
3,complete,no_hopping,20,3.000000000000001,False
3,complete,no_hopping,21,3.9999999999999996,False
3,complete,no_hopping,22,3.9999999999999996,False
3,complete,no_hopping,23,3.9999999999999996,False
3,complete,no_hopping,24,3.9999999999999996,False
3,complete,no_hopping,25,3.9999999999999996,False
3,complete,no_hopping,26,3.9999999999999996,False
3,complete,no_hopping,27,3.9999999999999996,False
3,complete,no_hopping,28,4.0,False
3,complete,no_hopping,29,4.0,False
3,complete,no_hopping,30,4.0,False
3,complete,no_hopping,31,4.0,False
3,complete,no_hopping,32,4.0,False
3,complete,no_hopping,33,4.0,False
3,complete,no_hopping,34,4.0,False
3,complete,no_hopping,35,4.0,False
3,complete,no_hopping,36,4.0,False
3,complete,no_hopping,37,4.0,False
3,complete,no_hopping,38,4.0,False
3,complete,no_hopping,39,4.0,False
3,complete,no_hopping,40,4.0,False
3,complete,no_hopping,41,4.000000000000001,False
3,complete,no_hopping,42,4.000000000000001,False
3,complete,no_hopping,43,4.000000000000001,False
3,complete,no_hopping,44,4.000000000000001,False
3,complete,no_hopping,45,6.0,False
3,complete,no_hopping,46,6.0,False
3,complete,no_hopping,47,6.0,False
3,complete,no_hopping,48,6.0,False
3,complete,no_hopping,49,6.0,False
3,complete,no_hopping,50,6.0,False
3,complete,free,1,-6.000000000000008,True
3,complete,free,2,-6.000000000000005,True
3,complete,free,3,-6.0000000000000036,True
3,complete,free,4,-6.000000000000003,True
3,complete,free,5,-6.000000000000003,True
3,complete,free,6,-6.000000000000001,True
3,complete,free,7,-6.000000000000001,True
3,complete,free,8,-5.999999999999998,True
3,complete,free,9,-5.999999999999998,True
3,complete,free,10,-5.999999999999997,True
3,complete,free,11,-2.000000000000007,False
3,complete,free,12,-2.000000000000004,False
3,complete,free,13,-2.0000000000000018,False
3,complete,free,14,-2.000000000000001,False
3,complete,free,15,-2.0000000000000004,False
3,complete,free,16,-1.9999999999999996,False
3,complete,free,17,-1.9999999999999993,False
3,complete,free,18,-1.9999999999999993,False
3,complete,free,19,-1.999999999999999,False
3,complete,free,20,-1.9999999999999976,False
3,complete,free,21,-1.9999999999999973,False
3,complete,free,22,-1.9999999999999973,False
3,complete,free,23,-1.999999999999997,False
3,complete,free,24,-1.999999999999996,False
3,complete,free,25,-1.9999999999999953,False
3,complete,free,26,1.9999999999999967,False
3,complete,free,27,1.9999999999999976,False
3,complete,free,28,1.9999999999999976,False
3,complete,free,29,1.9999999999999982,False
3,complete,free,30,1.999999999999999,False
3,complete,free,31,1.9999999999999996,False
3,complete,free,32,1.9999999999999996,False
3,complete,free,33,2.000000000000001,False
3,complete,free,34,2.0000000000000018,False
3,complete,free,35,2.0000000000000018,False
3,complete,free,36,2.0000000000000027,False
3,complete,free,37,2.000000000000003,False
3,complete,free,38,2.0000000000000044,False
3,complete,free,39,2.000000000000005,False
3,complete,free,40,2.0000000000000058,False
3,complete,free,41,5.99999999999999,False
3,complete,free,42,5.999999999999993,False
3,complete,free,43,5.999999999999998,False
3,complete,free,44,5.999999999999998,False
3,complete,free,45,6.0,False
3,complete,free,46,6.000000000000001,False
3,complete,free,47,6.000000000000001,False
3,complete,free,48,6.000000000000003,False
3,complete,free,49,6.000000000000003,False
3,complete,free,50,6.000000000000013,False
3,complete,U1,1,-3.4953369233910823,True
3,complete,U1,2,-3.495336923391082,True
3,complete,U1,3,-3.4953369233910783,True
3,complete,U1,4,-3.0145471653193927,False
3,complete,U1,5,-3.0145471653193883,False
3,complete,U1,6,-3.014547165319383,False
3,complete,U1,7,-2.2749172176353754,False
3,complete,U1,8,-2.038556040886606,False
3,complete,U1,9,-2.0385560408866015,False
3,complete,U1,10,-2.0385560408865957,False
3,complete,U1,11,1.0209207544083754,False
3,complete,U1,12,1.0209207544083763,False
3,complete,U1,13,1.0209207544083783,False
3,complete,U1,14,1.202249346266476,False
3,complete,U1,15,1.2022493462664798,False
3,complete,U1,16,1.2022493462664805,False
3,complete,U1,17,1.2279981273412341,False
3,complete,U1,18,1.9999999999999978,False
3,complete,U1,19,1.9999999999999987,False
3,complete,U1,20,2.051146248928369,False
3,complete,U1,21,2.0511462489283705,False
3,complete,U1,22,2.051146248928371,False
3,complete,U1,23,2.343813453504535,False
3,complete,U1,24,2.3438134535045387,False
3,complete,U1,25,2.343813453504541,False
3,complete,U1,26,5.102210174255191,False
3,complete,U1,27,5.102210174255195,False
3,complete,U1,28,5.102210174255196,False
3,complete,U1,29,5.274917217635375,False
3,complete,U1,30,5.504872093368617,False
3,complete,U1,31,5.5048720933686175,False
3,complete,U1,32,5.50487209336862,False
3,complete,U1,33,5.999999999999998,False
3,complete,U1,34,5.999999999999999,False
3,complete,U1,35,6.2201830378870815,False
3,complete,U1,36,6.220183037887082,False
3,complete,U1,37,6.220183037887082,False
3,complete,U1,38,6.2811814661958945,False
3,complete,U1,39,6.281181466195897,False
3,complete,U1,40,6.281181466195901,False
3,complete,U1,41,8.87877924514186,False
3,complete,U1,42,8.87877924514187,False
3,complete,U1,43,8.878779245141871,False
3,complete,U1,44,9.675772401376408,False
3,complete,U1,45,9.675772401376411,False
3,complete,U1,46,9.67577240137642,False
3,complete,U1,47,9.772001872658766,False
3,complete,U1,48,10.267311908264219,False
3,complete,U1,49,10.267311908264224,False
3,complete,U1,50,10.267311908264226,False
3,complete,U5,1,5.258120603145892,True
3,complete,U5,2,5.258120603145894,True
3,complete,U5,3,5.258120603145899,True
3,complete,U5,4,6.636167902338672,False
3,complete,U5,5,6.636167902338692,False
3,complete,U5,6,6.636167902338716,False
3,complete,U5,7,10.4569542511395,False
3,complete,U5,8,10.456954251139502,False
3,complete,U5,9,10.456954251139503,False
3,complete,U5,10,12.0,False
3,complete,U5,11,12.028088129376064,False
3,complete,U5,12,12.028088129376082,False
3,complete,U5,13,12.028088129376084,False
3,complete,U5,14,12.874190837929726,False
3,complete,U5,15,12.874190837929733,False
3,complete,U5,16,12.874190837929747,False
3,complete,U5,17,13.821091654199726,False
3,complete,U5,18,15.920466207123864,False
3,complete,U5,19,15.920466207123864,False
3,complete,U5,20,15.920466207123871,False
3,complete,U5,21,17.792702665236728,False
3,complete,U5,22,17.792702665236742,False
3,complete,U5,23,17.792702665236746,False
3,complete,U5,24,18.000000000000004,False
3,complete,U5,25,18.00000000000001,False
3,complete,U5,26,18.782202977951574,False
3,complete,U5,27,18.782202977951577,False
3,complete,U5,28,18.78220297795159,False
3,complete,U5,29,18.999999999999986,False
3,complete,U5,30,20.07885026953514,False
3,complete,U5,31,20.078850269535156,False
3,complete,U5,32,20.07885026953516,False
3,complete,U5,33,21.45626544153275,False
3,complete,U5,34,21.45626544153276,False
3,complete,U5,35,21.45626544153278,False
3,complete,U5,36,22.0,False
3,complete,U5,37,22.000000000000014,False
3,complete,U5,38,22.418091350754352,False
3,complete,U5,39,22.41809135075436,False
3,complete,U5,40,22.418091350754377,False
3,complete,U5,41,23.92401774232384,False
3,complete,U5,42,23.924017742323844,False
3,complete,U5,43,23.924017742323855,False
3,complete,U5,44,25.178908345800274,False
3,complete,U5,45,31.082915931480226,False
3,complete,U5,46,31.082915931480233,False
3,complete,U5,47,31.082915931480244,False
3,complete,U5,48,31.290965690131596,False
3,complete,U5,49,31.290965690131603,False
3,complete,U5,50,31.29096569013161,False
3,complete,U20,1,35.74018126719282,True
3,complete,U20,2,35.74018126719283,True
3,complete,U20,3,35.74018126719286,True
3,complete,U20,4,37.60703775940593,False
3,complete,U20,5,37.60703775940599,False
3,complete,U20,6,37.607037759406,False
3,complete,U20,7,41.60012350013172,False
3,complete,U20,8,41.60012350013174,False
3,complete,U20,9,41.60012350013178,False
3,complete,U20,10,43.64803192514267,False
3,complete,U20,11,43.64803192514271,False
3,complete,U20,12,43.64803192514277,False
3,complete,U20,13,59.2822021129187,False
3,complete,U20,14,59.51000400320322,False
3,complete,U20,15,59.63991531879849,False
3,complete,U20,16,59.63991531879856,False
3,complete,U20,17,59.63991531879857,False
3,complete,U20,18,59.95141317681414,False
3,complete,U20,19,59.95141317681415,False
3,complete,U20,20,59.95141317681419,False
3,complete,U20,21,76.71779788708136,False
3,complete,U20,22,77.176371957839,False
3,complete,U20,23,77.176371957839,False
3,complete,U20,24,77.176371957839,False
3,complete,U20,25,78.00000000000003,False
3,complete,U20,26,78.00000000000004,False
3,complete,U20,27,78.28701276527497,False
3,complete,U20,28,78.28701276527498,False
3,complete,U20,29,78.287012765275,False
3,complete,U20,30,78.7791525857417,False
3,complete,U20,31,78.77915258574171,False
3,complete,U20,32,78.77915258574174,False
3,complete,U20,33,81.26396316130752,False
3,complete,U20,34,81.26396316130761,False
3,complete,U20,35,81.26396316130763,False
3,complete,U20,36,82.0,False
3,complete,U20,37,82.00000000000007,False
3,complete,U20,38,82.15688372237305,False
3,complete,U20,39,82.15688372237308,False
3,complete,U20,40,82.15688372237317,False
3,complete,U20,41,83.55017398932966,False
3,complete,U20,42,83.55017398932974,False
3,complete,U20,43,83.55017398932975,False
3,complete,U20,44,84.48999599679675,False
3,complete,U20,45,120.29243202945523,False
3,complete,U20,46,120.29243202945526,False
3,complete,U20,47,120.29243202945527,False
3,complete,U20,48,120.30730684119253,False
3,complete,U20,49,120.3073068411926,False
3,complete,U20,50,120.3073068411926,False
3,ring,no_hopping,1,1.9999999999999996,True
3,ring,no_hopping,2,1.9999999999999996,True
3,ring,no_hopping,3,1.9999999999999996,True
3,ring,no_hopping,4,1.9999999999999996,True
3,ring,no_hopping,5,2.0,True
3,ring,no_hopping,6,2.0,True
3,ring,no_hopping,7,2.0,True
3,ring,no_hopping,8,2.0,True
3,ring,no_hopping,9,2.0,True
3,ring,no_hopping,10,2.0,True
3,ring,no_hopping,11,2.000000000000001,True
3,ring,no_hopping,12,2.000000000000001,True
3,ring,no_hopping,13,3.000000000000001,False
3,ring,no_hopping,14,3.000000000000001,False
3,ring,no_hopping,15,3.000000000000001,False
3,ring,no_hopping,16,3.000000000000001,False
3,ring,no_hopping,17,3.000000000000001,False
3,ring,no_hopping,18,3.000000000000001,False
3,ring,no_hopping,19,3.000000000000001,False
3,ring,no_hopping,20,3.000000000000001,False
3,ring,no_hopping,21,3.9999999999999996,False
3,ring,no_hopping,22,3.9999999999999996,False
3,ring,no_hopping,23,3.9999999999999996,False
3,ring,no_hopping,24,3.9999999999999996,False
3,ring,no_hopping,25,3.9999999999999996,False
3,ring,no_hopping,26,3.9999999999999996,False
3,ring,no_hopping,27,3.9999999999999996,False
3,ring,no_hopping,28,4.0,False
3,ring,no_hopping,29,4.0,False
3,ring,no_hopping,30,4.0,False
3,ring,no_hopping,31,4.0,False
3,ring,no_hopping,32,4.0,False
3,ring,no_hopping,33,4.0,False
3,ring,no_hopping,34,4.0,False
3,ring,no_hopping,35,4.0,False
3,ring,no_hopping,36,4.0,False
3,ring,no_hopping,37,4.0,False
3,ring,no_hopping,38,4.0,False
3,ring,no_hopping,39,4.0,False
3,ring,no_hopping,40,4.0,False
3,ring,no_hopping,41,4.000000000000001,False
3,ring,no_hopping,42,4.000000000000001,False
3,ring,no_hopping,43,4.000000000000001,False
3,ring,no_hopping,44,4.000000000000001,False
3,ring,no_hopping,45,6.0,False
3,ring,no_hopping,46,6.0,False
3,ring,no_hopping,47,6.0,False
3,ring,no_hopping,48,6.0,False
3,ring,no_hopping,49,6.0,False
3,ring,no_hopping,50,6.0,False
3,ring,free,1,-6.000000000000005,True
3,ring,free,2,-6.000000000000003,True
3,ring,free,3,-6.0,True
3,ring,free,4,-6.0,True
3,ring,free,5,-4.000000000000003,False
3,ring,free,6,-4.000000000000003,False
3,ring,free,7,-4.000000000000002,False
3,ring,free,8,-4.000000000000001,False
3,ring,free,9,-4.000000000000001,False
3,ring,free,10,-3.999999999999999,False
3,ring,free,11,-2.0000000000000018,False
3,ring,free,12,-2.0000000000000013,False
3,ring,free,13,-2.000000000000001,False
3,ring,free,14,-2.0,False
3,ring,free,15,-2.0,False
3,ring,free,16,-1.9999999999999991,False
3,ring,free,17,-1.9999999999999984,False
3,ring,free,18,-1.999999999999998,False
3,ring,free,19,-1.9999999999999973,False
3,ring,free,20,-1.999999999999996,False
3,ring,free,21,-2.3031497981381916e-15,False
3,ring,free,22,-1.4821492968477526e-15,False
3,ring,free,23,-9.969588694380531e-16,False
3,ring,free,24,-4.13582912510455e-16,False
3,ring,free,25,5.0127618603896124e-17,False
3,ring,free,26,1.7401936325198344e-16,False
3,ring,free,27,1.9158599750611306e-16,False
3,ring,free,28,1.1319023542280342e-15,False
3,ring,free,29,1.879543719661523e-15,False
3,ring,free,30,2.620456626785048e-15,False
3,ring,free,31,1.999999999999998,False
3,ring,free,32,1.9999999999999984,False
3,ring,free,33,1.9999999999999996,False
3,ring,free,34,1.9999999999999998,False
3,ring,free,35,2.0,False
3,ring,free,36,2.0,False
3,ring,free,37,2.000000000000001,False
3,ring,free,38,2.000000000000001,False
3,ring,free,39,2.0000000000000013,False
3,ring,free,40,2.0000000000000044,False
3,ring,free,41,3.999999999999993,False
3,ring,free,42,3.999999999999999,False
3,ring,free,43,4.000000000000001,False
3,ring,free,44,4.000000000000001,False
3,ring,free,45,4.000000000000002,False
3,ring,free,46,4.000000000000003,False
3,ring,free,47,5.999999999999996,False
3,ring,free,48,5.999999999999997,False
3,ring,free,49,6.000000000000005,False
3,ring,free,50,6.000000000000009,False
3,ring,U1,1,-3.4377996042315324,True
3,ring,U1,2,-3.437799604231527,True
3,ring,U1,3,-2.5513575463734135,False
3,ring,U1,4,-2.5513575463734113,False
3,ring,U1,5,-1.188437155786852,False
3,ring,U1,6,-1.1884371557868476,False
3,ring,U1,7,-0.2929513806961829,False
3,ring,U1,8,-0.2929513806961788,False
3,ring,U1,9,-0.24920073880154964,False
3,ring,U1,10,-0.24920073880154497,False
3,ring,U1,11,0.6823542082535439,False
3,ring,U1,12,0.6823542082535442,False
3,ring,U1,13,1.346698393319959,False
3,ring,U1,14,1.3466983933199626,False
3,ring,U1,15,1.4384471871911713,False
3,ring,U1,16,1.4384471871911713,False
3,ring,U1,17,2.0346752580252914,False
3,ring,U1,18,2.0346752580252963,False
3,ring,U1,19,2.468169402743986,False
3,ring,U1,20,2.4681694027439884,False
3,ring,U1,21,2.5026238468136217,False
3,ring,U1,22,2.5026238468136244,False
3,ring,U1,23,3.5076905158665226,False
3,ring,U1,24,3.5076905158665226,False
3,ring,U1,25,3.659929082366231,False
3,ring,U1,26,3.6599290823662343,False
3,ring,U1,27,3.9999999999999987,False
3,ring,U1,28,4.000000000000001,False
3,ring,U1,29,4.754091261988527,False
3,ring,U1,30,4.754091261988538,False
3,ring,U1,31,4.818990055176903,False
3,ring,U1,32,4.818990055176906,False
3,ring,U1,33,5.3993470681168985,False
3,ring,U1,34,5.3993470681169,False
3,ring,U1,35,5.561552812808833,False
3,ring,U1,36,5.561552812808833,False
3,ring,U1,37,6.14560530817476,False
3,ring,U1,38,6.14560530817476,False
3,ring,U1,39,6.973786268020161,False
3,ring,U1,40,6.973786268020163,False
3,ring,U1,41,7.098223586038596,False
3,ring,U1,42,7.098223586038598,False
3,ring,U1,43,7.785260864829658,False
3,ring,U1,44,7.785260864829667,False
3,ring,U1,45,8.392325768262678,False
3,ring,U1,46,8.39232576826268,False
3,ring,U1,47,9.088879939739613,False
3,ring,U1,48,9.088879939739614,False
3,ring,U1,49,10.061095598152537,False
3,ring,U1,50,10.061095598152557,False
3,ring,U5,1,5.352495488852244,True
3,ring,U5,2,5.352495488852285,True
3,ring,U5,3,7.271566168335835,False
3,ring,U5,4,7.271566168335844,False
3,ring,U5,5,8.447987884628862,False
3,ring,U5,6,8.447987884628864,False
3,ring,U5,7,9.625432259947367,False
3,ring,U5,8,9.625432259947377,False
3,ring,U5,9,10.993415847419433,False
3,ring,U5,10,10.99341584741946,False
3,ring,U5,11,12.696730285141088,False
3,ring,U5,12,12.696730285141092,False
3,ring,U5,13,13.48639749562107,False
3,ring,U5,14,13.486397495621073,False
3,ring,U5,15,14.29843788128358,False
3,ring,U5,16,14.298437881283592,False
3,ring,U5,17,14.460648384627646,False
3,ring,U5,18,14.460648384627651,False
3,ring,U5,19,14.710169987542969,False
3,ring,U5,20,14.710169987542969,False
3,ring,U5,21,17.833985702230425,False
3,ring,U5,22,17.833985702230436,False
3,ring,U5,23,18.1657120850324,False
3,ring,U5,24,18.1657120850324,False
3,ring,U5,25,18.612692716685554,False
3,ring,U5,26,18.612692716685558,False
3,ring,U5,27,19.038837697199508,False
3,ring,U5,28,19.03883769719952,False
3,ring,U5,29,19.991641059743127,False
3,ring,U5,30,19.99164105974313,False
3,ring,U5,31,19.999999999999993,False
3,ring,U5,32,19.999999999999996,False
3,ring,U5,33,20.701562118716414,False
3,ring,U5,34,20.701562118716414,False
3,ring,U5,35,20.769113259303424,False
3,ring,U5,36,20.769113259303428,False
3,ring,U5,37,22.230574494950854,False
3,ring,U5,38,22.230574494950886,False
3,ring,U5,39,22.258019878911057,False
3,ring,U5,40,22.258019878911085,False
3,ring,U5,41,23.311640373985558,False
3,ring,U5,42,23.31164037398557,False
3,ring,U5,43,23.347890419346534,False
3,ring,U5,44,23.347890419346545,False
3,ring,U5,45,30.58610099315943,False
3,ring,U5,46,30.586100993159448,False
3,ring,U5,47,30.604029396940923,False
3,ring,U5,48,30.604029396940934,False
3,ring,U5,49,31.204918120394524,False
3,ring,U5,50,31.204918120394545,False
3,ring,U20,1,35.79396754825477,True
3,ring,U20,2,35.79396754825481,True
3,ring,U20,3,37.807088021101855,False
3,ring,U20,4,37.80708802110196,False
3,ring,U20,5,39.54292452284767,False
3,ring,U20,6,39.542924522847734,False
3,ring,U20,7,39.91327571792387,False
3,ring,U20,8,39.91327571792391,False
3,ring,U20,9,41.79029939383573,False
3,ring,U20,10,41.790299393835745,False
3,ring,U20,11,43.75371567745785,False
3,ring,U20,12,43.753715677457855,False
3,ring,U20,13,59.60015367117969,False
3,ring,U20,14,59.60015367117974,False
3,ring,U20,15,59.8019609728144,False
3,ring,U20,16,59.80196097281447,False
3,ring,U20,17,59.80217137772943,False
3,ring,U20,18,59.80217137772944,False
3,ring,U20,19,59.99231072516301,False
3,ring,U20,20,59.992310725163094,False
3,ring,U20,21,77.38584822418868,False
3,ring,U20,22,77.38584822418868,False
3,ring,U20,23,77.3922256008198,False
3,ring,U20,24,77.39222560081986,False
3,ring,U20,25,78.11554646302895,False
3,ring,U20,26,78.11554646302896,False
3,ring,U20,27,78.12380374948103,False
3,ring,U20,28,78.12380374948106,False
3,ring,U20,29,79.99975894335735,False
3,ring,U20,30,79.99975894335738,False
3,ring,U20,31,80.0,False
3,ring,U20,32,80.00000000000003,False
3,ring,U20,33,80.19803902718546,False
3,ring,U20,34,80.19803902718563,False
3,ring,U20,35,80.19996065115176,False
3,ring,U20,36,80.19996065115176,False
3,ring,U20,37,82.08589023134473,False
3,ring,U20,38,82.08589023134475,False
3,ring,U20,39,82.08645076165092,False
3,ring,U20,40,82.08645076165094,False
3,ring,U20,41,83.00693575106143,False
3,ring,U20,42,83.00693575106146,False
3,ring,U20,43,83.00762072800048,False
3,ring,U20,44,83.00762072800049,False
3,ring,U20,45,120.14972327827239,False
3,ring,U20,46,120.1497232782724,False
3,ring,U20,47,120.15009168853983,False
3,ring,U20,48,120.15009168853985,False
3,ring,U20,49,120.30023727360827,False
3,ring,U20,50,120.30023727360836,False
4,complete,no_hopping,1,3.9999999999999996,True
4,complete,no_hopping,2,4.000000000000001,True
4,complete,no_hopping,3,4.0000000000000036,True
4,complete,no_hopping,4,4.999999999999999,False
4,complete,no_hopping,5,4.999999999999999,False
4,complete,no_hopping,6,4.999999999999999,False
4,complete,no_hopping,7,4.999999999999999,False
4,complete,no_hopping,8,4.999999999999999,False
4,complete,no_hopping,9,4.999999999999999,False
4,complete,no_hopping,10,5.0,False
4,complete,no_hopping,11,5.0,False
4,complete,no_hopping,12,5.0,False
4,complete,no_hopping,13,5.0,False
4,complete,no_hopping,14,5.0,False
4,complete,no_hopping,15,5.0,False
4,complete,no_hopping,16,5.0,False
4,complete,no_hopping,17,5.0,False
4,complete,no_hopping,18,5.0,False
4,complete,no_hopping,19,5.0,False
4,complete,no_hopping,20,5.000000000000001,False
4,complete,no_hopping,21,5.000000000000001,False
4,complete,no_hopping,22,5.000000000000001,False
4,complete,no_hopping,23,5.000000000000001,False
4,complete,no_hopping,24,5.000000000000002,False
4,complete,no_hopping,25,5.000000000000002,False
4,complete,no_hopping,26,5.000000000000003,False
4,complete,no_hopping,27,5.000000000000003,False
4,complete,no_hopping,28,6.0,False
4,complete,no_hopping,29,6.0,False
4,complete,no_hopping,30,6.0,False
4,complete,no_hopping,31,6.0,False
4,complete,no_hopping,32,6.000000000000001,False
4,complete,no_hopping,33,6.000000000000001,False
4,complete,no_hopping,34,6.000000000000001,False
4,complete,no_hopping,35,6.000000000000001,False
4,complete,no_hopping,36,6.000000000000001,False
4,complete,no_hopping,37,6.000000000000002,False
4,complete,no_hopping,38,6.000000000000002,False
4,complete,no_hopping,39,6.000000000000002,False
4,complete,no_hopping,40,6.999999999999999,False
4,complete,no_hopping,41,7.0,False
4,complete,no_hopping,42,7.0,False
4,complete,no_hopping,43,7.0,False
4,complete,no_hopping,44,7.0,False
4,complete,no_hopping,45,7.0,False
4,complete,no_hopping,46,7.0,False
4,complete,no_hopping,47,7.0,False
4,complete,no_hopping,48,7.0,False
4,complete,no_hopping,49,7.0,False
4,complete,no_hopping,50,7.0,False
4,complete,no_hopping,51,7.0,False
4,complete,no_hopping,52,7.0,False
4,complete,no_hopping,53,7.0,False
4,complete,no_hopping,54,7.0,False
4,complete,no_hopping,55,7.0,False
4,complete,no_hopping,56,7.0,False
4,complete,no_hopping,57,7.000000000000001,False
4,complete,no_hopping,58,7.000000000000001,False
4,complete,no_hopping,59,7.000000000000001,False
4,complete,no_hopping,60,7.000000000000001,False
4,complete,no_hopping,61,7.000000000000002,False
4,complete,no_hopping,62,7.000000000000002,False
4,complete,no_hopping,63,7.000000000000002,False
4,complete,no_hopping,64,7.999999999999999,False
4,complete,no_hopping,65,8.0,False
4,complete,no_hopping,66,8.0,False
4,complete,no_hopping,67,8.0,False
4,complete,no_hopping,68,8.0,False
4,complete,no_hopping,69,8.0,False
4,complete,no_hopping,70,8.0,False
4,complete,no_hopping,71,8.0,False
4,complete,no_hopping,72,8.0,False
4,complete,no_hopping,73,8.000000000000002,False
4,complete,no_hopping,74,8.000000000000002,False
4,complete,no_hopping,75,8.000000000000002,False
4,complete,no_hopping,76,8.999999999999998,False
4,complete,no_hopping,77,8.999999999999998,False
4,complete,no_hopping,78,8.999999999999998,False
4,complete,no_hopping,79,8.999999999999998,False
4,complete,no_hopping,80,9.0,False
4,complete,no_hopping,81,9.0,False
4,complete,no_hopping,82,9.0,False
4,complete,no_hopping,83,9.0,False
4,complete,no_hopping,84,9.0,False
4,complete,no_hopping,85,9.0,False
4,complete,no_hopping,86,9.0,False
4,complete,no_hopping,87,9.0,False
4,complete,no_hopping,88,9.0,False
4,complete,no_hopping,89,9.0,False
4,complete,no_hopping,90,9.0,False
4,complete,no_hopping,91,9.0,False
4,complete,no_hopping,92,9.0,False
4,complete,no_hopping,93,9.0,False
4,complete,no_hopping,94,9.0,False
4,complete,no_hopping,95,9.0,False
4,complete,no_hopping,96,9.0,False
4,complete,no_hopping,97,9.0,False
4,complete,no_hopping,98,9.0,False
4,complete,no_hopping,99,9.0,False
4,complete,no_hopping,100,12.0,False
4,complete,no_hopping,101,12.0,False
4,complete,no_hopping,102,12.0,False
4,complete,no_hopping,103,12.0,False
4,complete,no_hopping,104,12.0,False
4,complete,no_hopping,105,12.0,False
4,complete,free,1,-8.000000000000007,True
4,complete,free,2,-8.000000000000004,True
4,complete,free,3,-8.000000000000002,True
4,complete,free,4,-8.000000000000002,True
4,complete,free,5,-8.0,True
4,complete,free,6,-8.0,True
4,complete,free,7,-8.0,True
4,complete,free,8,-7.999999999999999,True
4,complete,free,9,-7.999999999999999,True
4,complete,free,10,-7.999999999999999,True
4,complete,free,11,-7.999999999999997,True
4,complete,free,12,-7.999999999999997,True
4,complete,free,13,-7.999999999999996,True
4,complete,free,14,-7.999999999999996,True
4,complete,free,15,-7.999999999999994,True
4,complete,free,16,-4.000000000000004,False
4,complete,free,17,-4.0000000000000036,False
4,complete,free,18,-4.0000000000000036,False
4,complete,free,19,-4.000000000000002,False
4,complete,free,20,-4.000000000000001,False
4,complete,free,21,-4.000000000000001,False
4,complete,free,22,-4.000000000000001,False
4,complete,free,23,-4.0,False
4,complete,free,24,-4.0,False
4,complete,free,25,-4.0,False
4,complete,free,26,-4.0,False
4,complete,free,27,-4.0,False
4,complete,free,28,-4.0,False
4,complete,free,29,-3.9999999999999996,False
4,complete,free,30,-3.9999999999999996,False
4,complete,free,31,-3.9999999999999987,False
4,complete,free,32,-3.9999999999999987,False
4,complete,free,33,-3.9999999999999987,False
4,complete,free,34,-3.9999999999999987,False
4,complete,free,35,-3.999999999999998,False
4,complete,free,36,-3.999999999999997,False
4,complete,free,37,-3.999999999999996,False
4,complete,free,38,-3.999999999999996,False
4,complete,free,39,-3.999999999999995,False
4,complete,free,40,-5.042376090136491e-15,False
4,complete,free,41,-2.656015832468732e-15,False
4,complete,free,42,-2.59815883397402e-15,False
4,complete,free,43,-1.9161989601889287e-15,False
4,complete,free,44,-1.6237328005032583e-15,False
4,complete,free,45,-1.5356630024901558e-15,False
4,complete,free,46,-1.2089150654736242e-15,False
4,complete,free,47,-1.167039077760807e-15,False
4,complete,free,48,-6.274676727349613e-16,False
4,complete,free,49,-1.8210217907585704e-16,False
4,complete,free,50,-7.694639099809155e-17,False
4,complete,free,51,0.0,False
4,complete,free,52,1.3854492374356924e-17,False
4,complete,free,53,2.59414936186564e-16,False
4,complete,free,54,2.6212501129603663e-16,False
4,complete,free,55,6.301364698346796e-16,False
4,complete,free,56,8.744057031650409e-16,False
4,complete,free,57,2.0098689693820062e-15,False
4,complete,free,58,2.276174074553201e-15,False
4,complete,free,59,2.2940754848233914e-15,False
4,complete,free,60,2.346651542819425e-15,False
4,complete,free,61,2.4351546952746755e-15,False
4,complete,free,62,2.565026226924278e-15,False
4,complete,free,63,2.6430953165628675e-15,False
4,complete,free,64,2.655869429410317e-15,False
4,complete,free,65,3.5443704046193805e-15,False
4,complete,free,66,3.596032652439813e-15,False
4,complete,free,67,3.999999999999996,False
4,complete,free,68,3.999999999999997,False
4,complete,free,69,3.999999999999997,False
4,complete,free,70,3.999999999999998,False
4,complete,free,71,3.999999999999998,False
4,complete,free,72,3.999999999999998,False
4,complete,free,73,3.9999999999999987,False
4,complete,free,74,3.9999999999999987,False
4,complete,free,75,3.9999999999999996,False
4,complete,free,76,3.9999999999999996,False
4,complete,free,77,3.9999999999999996,False
4,complete,free,78,4.0,False
4,complete,free,79,4.0,False
4,complete,free,80,4.0,False
4,complete,free,81,4.0,False
4,complete,free,82,4.000000000000001,False
4,complete,free,83,4.000000000000001,False
4,complete,free,84,4.000000000000002,False
4,complete,free,85,4.000000000000002,False
4,complete,free,86,4.000000000000002,False
4,complete,free,87,4.000000000000003,False
4,complete,free,88,4.000000000000004,False
4,complete,free,89,4.000000000000004,False
4,complete,free,90,4.000000000000005,False
4,complete,free,91,7.999999999999994,False
4,complete,free,92,7.999999999999994,False
4,complete,free,93,7.999999999999996,False
4,complete,free,94,7.999999999999997,False
4,complete,free,95,7.999999999999997,False
4,complete,free,96,7.999999999999999,False
4,complete,free,97,7.999999999999999,False
4,complete,free,98,7.999999999999999,False
4,complete,free,99,8.0,False
4,complete,free,100,8.0,False
4,complete,free,101,8.000000000000002,False
4,complete,free,102,8.000000000000002,False
4,complete,free,103,8.000000000000002,False
4,complete,free,104,8.000000000000002,False
4,complete,free,105,8.000000000000005,False
4,complete,U1,1,-2.8678551931894294,True
4,complete,U1,2,-2.690414706871861,False
4,complete,U1,3,-2.690414706871859,False
4,complete,U1,4,-2.303575625891462,False
4,complete,U1,5,-2.3035756258914546,False
4,complete,U1,6,-2.303575625891452,False
4,complete,U1,7,-1.7023368611305423,False
4,complete,U1,8,-1.7023368611305394,False
4,complete,U1,9,-1.7023368611305394,False
4,complete,U1,10,-1.4629748626083472,False
4,complete,U1,11,-1.4629748626083423,False
4,complete,U1,12,-0.209530357003081,False
4,complete,U1,13,-0.20953035700308031,False
4,complete,U1,14,-0.20953035700307776,False
4,complete,U1,15,-0.12087873407106664,False
4,complete,U1,16,2.0110253661010344,False
4,complete,U1,17,2.011025366101036,False
4,complete,U1,18,2.0110253661010367,False
4,complete,U1,19,2.0942589211521665,False
4,complete,U1,20,2.0942589211521683,False
4,complete,U1,21,2.0942589211521723,False
4,complete,U1,22,2.2927768876529613,False
4,complete,U1,23,2.6201301057562643,False
4,complete,U1,24,2.6201301057562647,False
4,complete,U1,25,2.8689761358541004,False
4,complete,U1,26,2.8689761358541204,False
4,complete,U1,27,2.868976135854126,False
4,complete,U1,28,2.929975225001935,False
4,complete,U1,29,2.9299752250019395,False
4,complete,U1,30,2.9299752250019395,False
4,complete,U1,31,3.1106128348763273,False
4,complete,U1,32,4.116065643807318,False
4,complete,U1,33,4.116065643807324,False
4,complete,U1,34,4.116065643807331,False
4,complete,U1,35,4.3055282911536175,False
4,complete,U1,36,4.305528291153625,False
4,complete,U1,37,4.305528291153626,False
4,complete,U1,38,4.315873634364851,False
4,complete,U1,39,4.315873634364853,False
4,complete,U1,40,6.359758192232659,False
4,complete,U1,41,6.359758192232662,False
4,complete,U1,42,6.407155040289177,False
4,complete,U1,43,6.515336281506844,False
4,complete,U1,44,6.51533628150685,False
4,complete,U1,45,6.515336281506854,False
4,complete,U1,46,6.703183272622702,False
4,complete,U1,47,6.824959913391236,False
4,complete,U1,48,6.824959913391243,False
4,complete,U1,49,6.824959913391244,False
4,complete,U1,50,7.025159901885235,False
4,complete,U1,51,7.025159901885236,False
4,complete,U1,52,7.115236536888949,False
4,complete,U1,53,7.115236536888957,False
4,complete,U1,54,7.115236536888957,False
4,complete,U1,55,8.083800098827501,False
4,complete,U1,56,8.083800098827503,False
4,complete,U1,57,8.083800098827508,False
4,complete,U1,58,8.086859182110535,False
4,complete,U1,59,8.08685918211054,False
4,complete,U1,60,8.08685918211054,False
4,complete,U1,61,8.39528419302206,False
4,complete,U1,62,8.395284193022063,False
4,complete,U1,63,8.488441501622313,False
4,complete,U1,64,8.488441501622326,False
4,complete,U1,65,8.488441501622328,False
4,complete,U1,66,8.534534094852324,False
4,complete,U1,67,10.382909077649991,False
4,complete,U1,68,10.382909077649995,False
4,complete,U1,69,10.382909077650005,False
4,complete,U1,70,10.456729740603674,False
4,complete,U1,71,10.456729740603683,False
4,complete,U1,72,10.456729740603683,False
4,complete,U1,73,10.64205438544143,False
4,complete,U1,74,10.642054385441435,False
4,complete,U1,75,11.300068072057863,False
4,complete,U1,76,11.341633544337716,False
4,complete,U1,77,11.341633544337718,False
4,complete,U1,78,11.341633544337721,False
4,complete,U1,79,11.734687095468857,False
4,complete,U1,80,11.734687095468859,False
4,complete,U1,81,11.73468709546886,False
4,complete,U1,82,12.024789379522847,False
4,complete,U1,83,12.02478937952285,False
4,complete,U1,84,12.024789379522854,False
4,complete,U1,85,12.248525327260664,False
4,complete,U1,86,12.364443821220748,False
4,complete,U1,87,12.364443821220748,False
4,complete,U1,88,12.364443821220748,False
4,complete,U1,89,12.38347296056462,False
4,complete,U1,90,12.383472960564621,False
4,complete,U1,91,13.703552595056543,False
4,complete,U1,92,14.25419968871186,False
4,complete,U1,93,14.254199688711862,False
4,complete,U1,94,14.566182911348537,False
4,complete,U1,95,14.56618291134854,False
4,complete,U1,96,14.566182911348541,False
4,complete,U1,97,15.442421430390485,False
4,complete,U1,98,15.442421430390487,False
4,complete,U1,99,15.442421430390494,False
4,complete,U1,100,16.157456507501216,False
4,complete,U1,101,16.15745650750122,False
4,complete,U1,102,16.461182746064573,False
4,complete,U1,103,16.461182746064587,False
4,complete,U1,104,16.461182746064587,False
4,complete,U1,105,16.688325802591944,False
4,complete,U5,1,15.757236034791728,True
4,complete,U5,2,15.882136881808117,False
4,complete,U5,3,15.882136881808124,False
4,complete,U5,4,18.62175090887356,False
4,complete,U5,5,18.621750908873572,False
4,complete,U5,6,18.621750908873583,False
4,complete,U5,7,20.112197769336195,False
4,complete,U5,8,20.112197769336202,False
4,complete,U5,9,20.112197769336227,False
4,complete,U5,10,21.058000600654495,False
4,complete,U5,11,21.058000600654523,False
4,complete,U5,12,23.639055879968556,False
4,complete,U5,13,23.639055879968563,False
4,complete,U5,14,23.639055879968602,False
4,complete,U5,15,23.730341744929415,False
4,complete,U5,16,23.73034174492944,False
4,complete,U5,17,23.73034174492946,False
4,complete,U5,18,23.92806753308763,False
4,complete,U5,19,25.19247698439378,False
4,complete,U5,20,26.122867690119215,False
4,complete,U5,21,26.12286769011923,False
4,complete,U5,22,26.246577078696724,False
4,complete,U5,23,26.24657707869676,False
4,complete,U5,24,26.24657707869677,False
4,complete,U5,25,27.24811684093056,False
4,complete,U5,26,27.248116840930567,False
4,complete,U5,27,27.248116840930575,False
4,complete,U5,28,29.51507078692742,False
4,complete,U5,29,29.515070786927442,False
4,complete,U5,30,29.515070786927453,False
4,complete,U5,31,29.556292493979164,False
4,complete,U5,32,29.56004754585504,False
4,complete,U5,33,29.560047545855042,False
4,complete,U5,34,30.420911095548185,False
4,complete,U5,35,30.727044861401247,False
4,complete,U5,36,30.72704486140126,False
4,complete,U5,37,30.72704486140126,False
4,complete,U5,38,31.738337826753007,False
4,complete,U5,39,32.19328680204899,False
4,complete,U5,40,32.193286802048995,False
4,complete,U5,41,32.19328680204901,False
4,complete,U5,42,32.64217932859331,False
4,complete,U5,43,32.642179328593315,False
4,complete,U5,44,33.757007091397526,False
4,complete,U5,45,33.75700709139753,False
4,complete,U5,46,33.75700709139754,False
4,complete,U5,47,34.123001784885155,False
4,complete,U5,48,34.12300178488516,False
4,complete,U5,49,34.12300178488519,False
4,complete,U5,50,34.568649340361134,False
4,complete,U5,51,34.568649340361134,False
4,complete,U5,52,35.552675876786246,False
4,complete,U5,53,35.55267587678627,False
4,complete,U5,54,35.55267587678628,False
4,complete,U5,55,36.03130127661083,False
4,complete,U5,56,36.03130127661085,False
4,complete,U5,57,36.03130127661087,False
4,complete,U5,58,36.084018399966695,False
4,complete,U5,59,36.08401839996671,False
4,complete,U5,60,37.72939990585109,False
4,complete,U5,61,37.72939990585111,False
4,complete,U5,62,37.72939990585114,False
4,complete,U5,63,38.29783150598079,False
4,complete,U5,64,39.89211824510926,False
4,complete,U5,65,39.89211824510928,False
4,complete,U5,66,39.89211824510933,False
4,complete,U5,67,39.89273535841123,False
4,complete,U5,68,39.892735358411244,False
4,complete,U5,69,39.892735358411265,False
4,complete,U5,70,40.031617801365556,False
4,complete,U5,71,40.031617801365556,False
4,complete,U5,72,40.83561255491966,False
4,complete,U5,73,40.83561255491967,False
4,complete,U5,74,40.83561255491967,False
4,complete,U5,75,40.92223519707136,False
4,complete,U5,76,44.06669543595729,False
4,complete,U5,77,44.066695435957314,False
4,complete,U5,78,44.06669543595732,False
4,complete,U5,79,44.749894298019456,False
4,complete,U5,80,44.749894298019456,False
4,complete,U5,81,44.74989429801946,False
4,complete,U5,82,45.65102137136423,False
4,complete,U5,83,45.67457308513597,False
4,complete,U5,84,45.67457308513599,False
4,complete,U5,85,46.37108302305491,False
4,complete,U5,86,46.37108302305493,False
4,complete,U5,87,46.37108302305495,False
4,complete,U5,88,46.48813424917115,False
4,complete,U5,89,46.48813424917117,False
4,complete,U5,90,46.48813424917117,False
4,complete,U5,91,47.32530110785972,False
4,complete,U5,92,47.32530110785975,False
4,complete,U5,93,47.45561006122574,False
4,complete,U5,94,48.2009293374245,False
4,complete,U5,95,48.20092933742451,False
4,complete,U5,96,48.200929337424554,False
4,complete,U5,97,49.215513952508275,False
4,complete,U5,98,49.215513952508275,False
4,complete,U5,99,49.21551395250834,False
4,complete,U5,100,61.05060821828069,False
4,complete,U5,101,61.0506082182807,False
4,complete,U5,102,61.06045493678047,False
4,complete,U5,103,61.060454936780474,False
4,complete,U5,104,61.0604549367805,False
4,complete,U5,105,61.079979895804335,False
4,complete,U20,1,78.4744354619889,True
4,complete,U20,2,78.48366116324814,False
4,complete,U20,3,78.48366116324824,False
4,complete,U20,4,94.2939612575012,False
4,complete,U20,5,94.29396125750122,False
4,complete,U20,6,94.2939612575013,False
4,complete,U20,7,96.09567669905316,False
4,complete,U20,8,96.09567669905319,False
4,complete,U20,9,96.09567669905327,False
4,complete,U20,10,98.49966771722431,False
4,complete,U20,11,98.49966771722433,False
4,complete,U20,12,99.61522868994808,False
4,complete,U20,13,99.61522868994818,False
4,complete,U20,14,99.61522868994821,False
4,complete,U20,15,99.63332417293553,False
4,complete,U20,16,99.63332417293557,False
4,complete,U20,17,99.63332417293559,False
4,complete,U20,18,99.70257115134063,False
4,complete,U20,19,100.4596457064141,False
4,complete,U20,20,100.8412755682316,False
4,complete,U20,21,100.84127556823168,False
4,complete,U20,22,102.96081276883784,False
4,complete,U20,23,102.96081276883784,False
4,complete,U20,24,102.96081276883787,False
4,complete,U20,25,104.69065156364081,False
4,complete,U20,26,104.6906515636409,False
4,complete,U20,27,104.69065156364098,False
4,complete,U20,28,119.75857699060603,False
4,complete,U20,29,119.75857699060603,False
4,complete,U20,30,120.13101615102751,False
4,complete,U20,31,120.19537030051737,False
4,complete,U20,32,120.1953703005174,False
4,complete,U20,33,120.19537030051745,False
4,complete,U20,34,120.39019471193565,False
4,complete,U20,35,120.74231368861759,False
4,complete,U20,36,120.74231368861761,False
4,complete,U20,37,120.74231368861764,False
4,complete,U20,38,121.28425444741131,False
4,complete,U20,39,121.28425444741131,False
4,complete,U20,40,135.58122684632042,False
4,complete,U20,41,135.58122684632045,False
4,complete,U20,42,135.5812268463206,False
4,complete,U20,43,135.71080673307833,False
4,complete,U20,44,138.01436973768983,False
4,complete,U20,45,138.01436973768983,False
4,complete,U20,46,138.01436973769003,False
4,complete,U20,47,138.13060198827324,False
4,complete,U20,48,138.1306019882733,False
4,complete,U20,49,138.13060198827338,False
4,complete,U20,50,138.21014358536107,False
4,complete,U20,51,138.21014358536112,False
4,complete,U20,52,141.87834990654738,False
4,complete,U20,53,141.8783499065474,False
4,complete,U20,54,141.8783499065475,False
4,complete,U20,55,142.01791276429765,False
4,complete,U20,56,142.0179127642977,False
4,complete,U20,57,142.01791276429773,False
4,complete,U20,58,142.07454614081405,False
4,complete,U20,59,142.07454614081408,False
4,complete,U20,60,143.56855416324484,False
4,complete,U20,61,143.56855416324493,False
4,complete,U20,62,143.56855416324504,False
4,complete,U20,63,143.71236964521196,False
4,complete,U20,64,159.6980936249535,False
4,complete,U20,65,159.6980936249535,False
4,complete,U20,66,159.69809362495351,False
4,complete,U20,67,159.69928889948295,False
4,complete,U20,68,159.69928889948295,False
4,complete,U20,69,159.8809375593905,False
4,complete,U20,70,159.88093755939056,False
4,complete,U20,71,159.88093755939056,False
4,complete,U20,72,160.0794354811559,False
4,complete,U20,73,160.07943548115603,False
4,complete,U20,74,160.07943548115605,False
4,complete,U20,75,160.26135576376225,False
4,complete,U20,76,178.28632521268887,False
4,complete,U20,77,178.286325212689,False
4,complete,U20,78,178.28632521268912,False
4,complete,U20,79,178.56260205856344,False
4,complete,U20,80,178.56260205856344,False
4,complete,U20,81,178.56260205856347,False
4,complete,U20,82,180.14305019136222,False
4,complete,U20,83,180.14305019136228,False
4,complete,U20,84,180.166412697632,False
4,complete,U20,85,180.4288092113864,False
4,complete,U20,86,180.4288092113866,False
4,complete,U20,87,180.42880921138666,False
4,complete,U20,88,180.451912264404,False
4,complete,U20,89,180.45191226440403,False
4,complete,U20,90,180.4519122644041,False
4,complete,U20,91,180.72429004752883,False
4,complete,U20,92,180.73913078362187,False
4,complete,U20,93,180.7391307836219,False
4,complete,U20,94,182.31069857102062,False
4,complete,U20,95,182.31069857102065,False
4,complete,U20,96,182.3106985710209,False
4,complete,U20,97,182.61626114662118,False
4,complete,U20,98,182.6162611466212,False
4,complete,U20,99,182.61626114662147,False
4,complete,U20,100,240.26640451263592,False
4,complete,U20,101,240.26640451263603,False
4,complete,U20,102,240.26657032238927,False
4,complete,U20,103,240.26657032238938,False
4,complete,U20,104,240.2665703223894,False
4,complete,U20,105,240.2669019300798,False
4,ring,no_hopping,1,3.9999999999999996,True
4,ring,no_hopping,2,4.000000000000001,True
4,ring,no_hopping,3,4.0000000000000036,True
4,ring,no_hopping,4,4.999999999999999,False
4,ring,no_hopping,5,4.999999999999999,False
4,ring,no_hopping,6,4.999999999999999,False
4,ring,no_hopping,7,4.999999999999999,False
4,ring,no_hopping,8,4.999999999999999,False
4,ring,no_hopping,9,4.999999999999999,False
4,ring,no_hopping,10,5.0,False
4,ring,no_hopping,11,5.0,False
4,ring,no_hopping,12,5.0,False
4,ring,no_hopping,13,5.0,False
4,ring,no_hopping,14,5.0,False
4,ring,no_hopping,15,5.0,False
4,ring,no_hopping,16,5.0,False
4,ring,no_hopping,17,5.0,False
4,ring,no_hopping,18,5.0,False
4,ring,no_hopping,19,5.0,False
4,ring,no_hopping,20,5.000000000000001,False
4,ring,no_hopping,21,5.000000000000001,False
4,ring,no_hopping,22,5.000000000000001,False
4,ring,no_hopping,23,5.000000000000001,False
4,ring,no_hopping,24,5.000000000000002,False
4,ring,no_hopping,25,5.000000000000002,False
4,ring,no_hopping,26,5.000000000000003,False
4,ring,no_hopping,27,5.000000000000003,False
4,ring,no_hopping,28,6.0,False
4,ring,no_hopping,29,6.0,False
4,ring,no_hopping,30,6.0,False
4,ring,no_hopping,31,6.0,False
4,ring,no_hopping,32,6.000000000000001,False
4,ring,no_hopping,33,6.000000000000001,False
4,ring,no_hopping,34,6.000000000000001,False
4,ring,no_hopping,35,6.000000000000001,False
4,ring,no_hopping,36,6.000000000000001,False
4,ring,no_hopping,37,6.000000000000002,False
4,ring,no_hopping,38,6.000000000000002,False
4,ring,no_hopping,39,6.000000000000002,False
4,ring,no_hopping,40,6.999999999999999,False
4,ring,no_hopping,41,7.0,False
4,ring,no_hopping,42,7.0,False
4,ring,no_hopping,43,7.0,False
4,ring,no_hopping,44,7.0,False
4,ring,no_hopping,45,7.0,False
4,ring,no_hopping,46,7.0,False
4,ring,no_hopping,47,7.0,False
4,ring,no_hopping,48,7.0,False
4,ring,no_hopping,49,7.0,False
4,ring,no_hopping,50,7.0,False
4,ring,no_hopping,51,7.0,False
4,ring,no_hopping,52,7.0,False
4,ring,no_hopping,53,7.0,False
4,ring,no_hopping,54,7.0,False
4,ring,no_hopping,55,7.0,False
4,ring,no_hopping,56,7.0,False
4,ring,no_hopping,57,7.000000000000001,False
4,ring,no_hopping,58,7.000000000000001,False
4,ring,no_hopping,59,7.000000000000001,False
4,ring,no_hopping,60,7.000000000000001,False
4,ring,no_hopping,61,7.000000000000002,False
4,ring,no_hopping,62,7.000000000000002,False
4,ring,no_hopping,63,7.000000000000002,False
4,ring,no_hopping,64,7.999999999999999,False
4,ring,no_hopping,65,8.0,False
4,ring,no_hopping,66,8.0,False
4,ring,no_hopping,67,8.0,False
4,ring,no_hopping,68,8.0,False
4,ring,no_hopping,69,8.0,False
4,ring,no_hopping,70,8.0,False
4,ring,no_hopping,71,8.0,False
4,ring,no_hopping,72,8.0,False
4,ring,no_hopping,73,8.000000000000002,False
4,ring,no_hopping,74,8.000000000000002,False
4,ring,no_hopping,75,8.000000000000002,False
4,ring,no_hopping,76,8.999999999999998,False
4,ring,no_hopping,77,8.999999999999998,False
4,ring,no_hopping,78,8.999999999999998,False
4,ring,no_hopping,79,8.999999999999998,False
4,ring,no_hopping,80,9.0,False
4,ring,no_hopping,81,9.0,False
4,ring,no_hopping,82,9.0,False
4,ring,no_hopping,83,9.0,False
4,ring,no_hopping,84,9.0,False
4,ring,no_hopping,85,9.0,False
4,ring,no_hopping,86,9.0,False
4,ring,no_hopping,87,9.0,False
4,ring,no_hopping,88,9.0,False
4,ring,no_hopping,89,9.0,False
4,ring,no_hopping,90,9.0,False
4,ring,no_hopping,91,9.0,False
4,ring,no_hopping,92,9.0,False
4,ring,no_hopping,93,9.0,False
4,ring,no_hopping,94,9.0,False
4,ring,no_hopping,95,9.0,False
4,ring,no_hopping,96,9.0,False
4,ring,no_hopping,97,9.0,False
4,ring,no_hopping,98,9.0,False
4,ring,no_hopping,99,9.0,False
4,ring,no_hopping,100,12.0,False
4,ring,no_hopping,101,12.0,False
4,ring,no_hopping,102,12.0,False
4,ring,no_hopping,103,12.0,False
4,ring,no_hopping,104,12.0,False
4,ring,no_hopping,105,12.0,False
4,ring,free,1,-8.0,True
4,ring,free,2,-8.0,True
4,ring,free,3,-8.0,True
4,ring,free,4,-7.9999999999999964,True
4,ring,free,5,-7.999999999999995,True
4,ring,free,6,-6.0000000000000036,False
4,ring,free,7,-6.0000000000000036,False
4,ring,free,8,-6.000000000000003,False
4,ring,free,9,-6.000000000000002,False
4,ring,free,10,-5.999999999999999,False
4,ring,free,11,-5.999999999999999,False
4,ring,free,12,-5.999999999999997,False
4,ring,free,13,-5.999999999999995,False
4,ring,free,14,-4.000000000000005,False
4,ring,free,15,-4.0000000000000036,False
4,ring,free,16,-4.000000000000002,False
4,ring,free,17,-4.000000000000002,False
4,ring,free,18,-4.000000000000001,False
4,ring,free,19,-4.000000000000001,False
4,ring,free,20,-4.000000000000001,False
4,ring,free,21,-4.000000000000001,False
4,ring,free,22,-3.999999999999999,False
4,ring,free,23,-3.999999999999999,False
4,ring,free,24,-3.9999999999999982,False
4,ring,free,25,-3.9999999999999982,False
4,ring,free,26,-3.9999999999999964,False
4,ring,free,27,-3.9999999999999933,False
4,ring,free,28,-2.000000000000002,False
4,ring,free,29,-2.000000000000002,False
4,ring,free,30,-2.0000000000000013,False
4,ring,free,31,-2.0,False
4,ring,free,32,-2.0,False
4,ring,free,33,-2.0,False
4,ring,free,34,-2.0,False
4,ring,free,35,-1.9999999999999996,False
4,ring,free,36,-1.9999999999999996,False
4,ring,free,37,-1.9999999999999991,False
4,ring,free,38,-1.9999999999999991,False
4,ring,free,39,-1.9999999999999991,False
4,ring,free,40,-1.9999999999999991,False
4,ring,free,41,-1.9999999999999991,False
4,ring,free,42,-1.9999999999999973,False
4,ring,free,43,-1.9999999999999962,False
4,ring,free,44,-1.9947118108014634e-15,False
4,ring,free,45,-1.4806024834385818e-15,False
4,ring,free,46,-1.2418460881691015e-15,False
4,ring,free,47,-1.2372844049984746e-15,False
4,ring,free,48,-1.2350617943126052e-15,False
4,ring,free,49,-1.151576230952011e-15,False
4,ring,free,50,-7.283517719818912e-16,False
4,ring,free,51,-5.148009961502052e-16,False
4,ring,free,52,-5.025601859546317e-16,False
4,ring,free,53,3.3499601545555836e-19,False
4,ring,free,54,2.4117527730635557e-16,False
4,ring,free,55,2.6148192256316795e-16,False
4,ring,free,56,3.808824775349931e-16,False
4,ring,free,57,4.1875499307345853e-16,False
4,ring,free,58,6.782340811124001e-16,False
4,ring,free,59,8.375099861469171e-16,False
4,ring,free,60,1.247083742298217e-15,False
4,ring,free,61,1.9979602126020776e-15,False
4,ring,free,62,2.183385404573808e-15,False
4,ring,free,63,1.999999999999997,False
4,ring,free,64,1.9999999999999982,False
4,ring,free,65,1.9999999999999982,False
4,ring,free,66,1.9999999999999987,False
4,ring,free,67,1.9999999999999987,False
4,ring,free,68,1.9999999999999991,False
4,ring,free,69,1.9999999999999996,False
4,ring,free,70,1.9999999999999996,False
4,ring,free,71,1.9999999999999996,False
4,ring,free,72,2.0,False
4,ring,free,73,2.0,False
4,ring,free,74,2.0,False
4,ring,free,75,2.0000000000000004,False
4,ring,free,76,2.000000000000001,False
4,ring,free,77,2.000000000000001,False
4,ring,free,78,2.0000000000000018,False
4,ring,free,79,3.9999999999999956,False
4,ring,free,80,3.9999999999999973,False
4,ring,free,81,3.9999999999999982,False
4,ring,free,82,3.999999999999999,False
4,ring,free,83,4.0,False
4,ring,free,84,4.0,False
4,ring,free,85,4.000000000000001,False
4,ring,free,86,4.000000000000001,False
4,ring,free,87,4.000000000000001,False
4,ring,free,88,4.000000000000002,False
4,ring,free,89,4.000000000000002,False
4,ring,free,90,4.000000000000002,False
4,ring,free,91,4.000000000000002,False
4,ring,free,92,4.000000000000002,False
4,ring,free,93,5.999999999999996,False
4,ring,free,94,5.999999999999996,False
4,ring,free,95,5.999999999999997,False
4,ring,free,96,5.999999999999998,False
4,ring,free,97,5.999999999999999,False
4,ring,free,98,5.999999999999999,False
4,ring,free,99,6.000000000000001,False
4,ring,free,100,6.000000000000002,False
4,ring,free,101,7.9999999999999964,False
4,ring,free,102,7.999999999999998,False
4,ring,free,103,8.0,False
4,ring,free,104,8.000000000000002,False
4,ring,free,105,8.000000000000002,False
4,ring,U1,1,-2.7877147327990905,True
4,ring,U1,2,-2.438020094199349,False
4,ring,U1,3,-2.3029984552942975,False
4,ring,U1,4,-1.2289427060610199,False
4,ring,U1,5,-1.2087785673635192,False
4,ring,U1,6,-0.3668151305213677,False
4,ring,U1,7,-0.36681513052135745,False
4,ring,U1,8,0.4112782452093316,False
4,ring,U1,9,0.4112782452093343,False
4,ring,U1,10,1.1759335291184676,False
4,ring,U1,11,1.1759335291184734,False
4,ring,U1,12,1.1932723329033739,False
4,ring,U1,13,1.1932723329033788,False
4,ring,U1,14,1.422103960573528,False
4,ring,U1,15,1.9214814317642541,False
4,ring,U1,16,1.9789349406447465,False
4,ring,U1,17,2.3398825208640393,False
4,ring,U1,18,2.3672480897758703,False
4,ring,U1,19,2.9484564943875595,False
4,ring,U1,20,2.9922414724489528,False
4,ring,U1,21,3.0000000000000044,False
4,ring,U1,22,3.2147391351703427,False
4,ring,U1,23,3.2845470972342956,False
4,ring,U1,24,3.644901475922898,False
4,ring,U1,25,3.700944655403187,False
4,ring,U1,26,3.7009446554031893,False
4,ring,U1,27,3.8437019562264205,False
4,ring,U1,28,4.050381089241303,False
4,ring,U1,29,4.149925276386785,False
4,ring,U1,30,4.149925276386794,False
4,ring,U1,31,4.154967446283417,False
4,ring,U1,32,4.8017689966122,False
4,ring,U1,33,4.801768996612204,False
4,ring,U1,34,5.067203240369271,False
4,ring,U1,35,5.067203240369274,False
4,ring,U1,36,5.201527372884762,False
4,ring,U1,37,5.38675111936916,False
4,ring,U1,38,5.386751119369166,False
4,ring,U1,39,5.396124528390323,False
4,ring,U1,40,5.636704481772336,False
4,ring,U1,41,5.6367044817723375,False
4,ring,U1,42,6.045574734196574,False
4,ring,U1,43,6.145069026491821,False
4,ring,U1,44,6.233307543208737,False
4,ring,U1,45,6.233307543208738,False
4,ring,U1,46,6.377885735124107,False
4,ring,U1,47,6.639493480541651,False
4,ring,U1,48,6.63949348054166,False
4,ring,U1,49,6.874366122508224,False
4,ring,U1,50,7.000000000000003,False
4,ring,U1,51,7.11972970213585,False
4,ring,U1,52,7.130091451692749,False
4,ring,U1,53,7.4032793514468125,False
4,ring,U1,54,7.492309484133478,False
4,ring,U1,55,7.531142221002681,False
4,ring,U1,56,7.7084958719628816,False
4,ring,U1,57,7.840956451157481,False
4,ring,U1,58,7.840956451157482,False
4,ring,U1,59,8.109916264174743,False
4,ring,U1,60,8.215254532732542,False
4,ring,U1,61,8.237050480381818,False
4,ring,U1,62,8.237050480381818,False
4,ring,U1,63,8.240014356404098,False
4,ring,U1,64,8.640053650820162,False
4,ring,U1,65,8.967578234681127,False
4,ring,U1,66,8.96757823468113,False
4,ring,U1,67,9.010945399202727,False
4,ring,U1,68,9.157120195585517,False
4,ring,U1,69,9.391271414136634,False
4,ring,U1,70,9.39127141413664,False
4,ring,U1,71,9.696357239674738,False
4,ring,U1,72,9.69635723967474,False
4,ring,U1,73,9.778332317631813,False
4,ring,U1,74,9.778332317631815,False
4,ring,U1,75,10.011102778146288,False
4,ring,U1,76,10.247345125202434,False
4,ring,U1,77,10.282300405894093,False
4,ring,U1,78,10.63292087570426,False
4,ring,U1,79,10.63292087570427,False
4,ring,U1,80,10.889385404194394,False
4,ring,U1,81,10.950097609239691,False
4,ring,U1,82,11.256838127689157,False
4,ring,U1,83,11.28332135911933,False
4,ring,U1,84,11.292951380696186,False
4,ring,U1,85,11.313599025407145,False
4,ring,U1,86,11.313599025407147,False
4,ring,U1,87,11.493959207434935,False
4,ring,U1,88,11.846159509753068,False
4,ring,U1,89,12.18264062795342,False
4,ring,U1,90,12.35134054135172,False
4,ring,U1,91,12.351340541351725,False
4,ring,U1,92,13.053002596240203,False
4,ring,U1,93,13.058412332024282,False
4,ring,U1,94,13.180228457522173,False
4,ring,U1,95,13.22953516070257,False
4,ring,U1,96,13.229535160702575,False
4,ring,U1,97,13.889828521027706,False
4,ring,U1,98,13.88982852102772,False
4,ring,U1,99,14.561219013084534,False
4,ring,U1,100,14.641461967769825,False
4,ring,U1,101,14.641461967769835,False
4,ring,U1,102,14.641555297393944,False
4,ring,U1,103,15.008163311839517,False
4,ring,U1,104,16.378909616758104,False
4,ring,U1,105,16.38637528410388,False
4,ring,U5,1,15.810706432061663,True
4,ring,U5,2,16.47763568560632,False
4,ring,U5,3,18.347909047815023,False
4,ring,U5,4,18.630823150468576,False
4,ring,U5,5,20.426380920294875,False
4,ring,U5,6,20.4263809202949,False
4,ring,U5,7,20.483619391209093,False
4,ring,U5,8,22.422705105584477,False
4,ring,U5,9,22.722359661387298,False
4,ring,U5,10,22.72235966138733,False
4,ring,U5,11,22.76992015829659,False
4,ring,U5,12,22.7699201582966,False
4,ring,U5,13,23.65151171683282,False
4,ring,U5,14,23.665172764416575,False
4,ring,U5,15,23.80710399239619,False
4,ring,U5,16,23.8071039923962,False
4,ring,U5,17,24.052860106375057,False
4,ring,U5,18,24.061228687770768,False
4,ring,U5,19,24.781162853697644,False
4,ring,U5,20,25.625919947057305,False
4,ring,U5,21,25.926659678168022,False
4,ring,U5,22,26.662192473706526,False
4,ring,U5,23,26.66219247370653,False
4,ring,U5,24,26.837465788780452,False
4,ring,U5,25,27.67137480193329,False
4,ring,U5,26,28.00114061008497,False
4,ring,U5,27,28.001140610084992,False
4,ring,U5,28,28.694352470605097,False
4,ring,U5,29,29.42036501307148,False
4,ring,U5,30,29.420365013071482,False
4,ring,U5,31,29.621419123481758,False
4,ring,U5,32,29.963417598086775,False
4,ring,U5,33,30.580598407008214,False
4,ring,U5,34,31.069266586042303,False
4,ring,U5,35,31.06926658604231,False
4,ring,U5,36,31.634258298470897,False
4,ring,U5,37,31.652109580653477,False
4,ring,U5,38,31.926091463940477,False
4,ring,U5,39,31.926091463940487,False
4,ring,U5,40,31.997899889027735,False
4,ring,U5,41,31.997899889027735,False
4,ring,U5,42,32.00833505423781,False
4,ring,U5,43,32.07918740761961,False
4,ring,U5,44,32.23687163282108,False
4,ring,U5,45,32.43169956686016,False
4,ring,U5,46,32.89114926920545,False
4,ring,U5,47,32.920996581562605,False
4,ring,U5,48,34.74990613873653,False
4,ring,U5,49,34.919482845256155,False
4,ring,U5,50,34.9194828452562,False
4,ring,U5,51,35.0,False
4,ring,U5,52,35.17618539775355,False
4,ring,U5,53,35.176185397753585,False
4,ring,U5,54,35.3451821439517,False
4,ring,U5,55,35.52039391231733,False
4,ring,U5,56,36.834287914967604,False
4,ring,U5,57,37.003456093222546,False
4,ring,U5,58,37.00345609322257,False
4,ring,U5,59,37.17504339228864,False
4,ring,U5,60,37.19467519561528,False
4,ring,U5,61,37.417716869253276,False
4,ring,U5,62,37.417716869253304,False
4,ring,U5,63,37.52513553949718,False
4,ring,U5,64,38.94906975323811,False
4,ring,U5,65,39.16494973053848,False
4,ring,U5,66,39.173102215416804,False
4,ring,U5,67,39.17310221541681,False
4,ring,U5,68,39.297622619063006,False
4,ring,U5,69,39.29762261906307,False
4,ring,U5,70,39.38810846219211,False
4,ring,U5,71,39.48202417734704,False
4,ring,U5,72,41.513602504378945,False
4,ring,U5,73,41.60915190508908,False
4,ring,U5,74,41.60915190508909,False
4,ring,U5,75,41.68640206918108,False
4,ring,U5,76,43.65263455033636,False
4,ring,U5,77,43.710837795136726,False
4,ring,U5,78,43.71083779513674,False
4,ring,U5,79,43.77249850205995,False
4,ring,U5,80,45.27421862511939,False
4,ring,U5,81,45.313958838772166,False
4,ring,U5,82,45.313958838772166,False
4,ring,U5,83,45.33392090138516,False
4,ring,U5,84,45.592848925072374,False
4,ring,U5,85,45.59284892507243,False
4,ring,U5,86,45.59358916827757,False
4,ring,U5,87,45.61451419918553,False
4,ring,U5,88,46.11568776093119,False
4,ring,U5,89,46.24064093358583,False
4,ring,U5,90,46.24064093358584,False
4,ring,U5,91,46.34885656666644,False
4,ring,U5,92,47.06227406969735,False
4,ring,U5,93,47.12502137539903,False
4,ring,U5,94,47.125021375399086,False
4,ring,U5,95,47.195673459483686,False
4,ring,U5,96,48.07373665643145,False
4,ring,U5,97,48.082561149972236,False
4,ring,U5,98,48.08268488321833,False
4,ring,U5,99,48.08268488321833,False
4,ring,U5,100,60.53417716414967,False
4,ring,U5,101,60.53456853551248,False
4,ring,U5,102,60.53456853551249,False
4,ring,U5,103,60.534589209554994,False
4,ring,U5,104,61.0604081670947,False
4,ring,U5,105,61.06072876701435,False
4,ring,U20,1,78.47851810575736,True
4,ring,U20,2,78.83838772271346,False
4,ring,U20,3,79.59814500925037,False
4,ring,U20,4,94.30385022027386,False
4,ring,U20,5,95.8242028521998,False
4,ring,U20,6,95.82420285219986,False
4,ring,U20,7,96.2014866328462,False
4,ring,U20,8,97.9314936595224,False
4,ring,U20,9,97.93149365952243,False
4,ring,U20,10,98.98527214678637,False
4,ring,U20,11,99.31463355499652,False
4,ring,U20,12,99.31463355499658,False
4,ring,U20,13,99.41245056746682,False
4,ring,U20,14,99.61607490830892,False
4,ring,U20,15,99.68476693159229,False
4,ring,U20,16,99.6847669315923,False
4,ring,U20,17,99.74442293431169,False
4,ring,U20,18,99.75108371258177,False
4,ring,U20,19,99.94971789262893,False
4,ring,U20,20,100.47502442915176,False
4,ring,U20,21,100.67546728120979,False
4,ring,U20,22,101.92880779033479,False
4,ring,U20,23,101.92880779033482,False
4,ring,U20,24,103.07359570264012,False
4,ring,U20,25,103.79693160104867,False
4,ring,U20,26,103.79693160104887,False
4,ring,U20,27,104.7235149627644,False
4,ring,U20,28,119.62442395549353,False
4,ring,U20,29,119.86575007170907,False
4,ring,U20,30,119.86575007170917,False
4,ring,U20,31,119.87237231089587,False
4,ring,U20,32,119.92702113082342,False
4,ring,U20,33,120.15219530871158,False
4,ring,U20,34,120.38649149841471,False
4,ring,U20,35,120.38649149841477,False
4,ring,U20,36,120.59271292641202,False
4,ring,U20,37,120.74235825616884,False
4,ring,U20,38,121.03405883223613,False
4,ring,U20,39,121.16063132120486,False
4,ring,U20,40,136.99237927199965,False
4,ring,U20,41,137.02519008772782,False
4,ring,U20,42,137.04803465450846,False
4,ring,U20,43,137.04803465450846,False
4,ring,U20,44,137.0763127794427,False
4,ring,U20,45,137.07631277944282,False
4,ring,U20,46,137.10647134581828,False
4,ring,U20,47,137.12820301971783,False
4,ring,U20,48,139.90010398759685,False
4,ring,U20,49,139.99874326489592,False
4,ring,U20,50,139.99874326489612,False
4,ring,U20,51,140.00000000000009,False
4,ring,U20,52,140.0963766724997,False
4,ring,U20,53,140.09637667249984,False
4,ring,U20,54,140.0990105016138,False
4,ring,U20,55,140.1941272269534,False
4,ring,U20,56,142.60777439918022,False
4,ring,U20,57,142.65374384715392,False
4,ring,U20,58,142.65374384715395,False
4,ring,U20,59,142.67560038193955,False
4,ring,U20,60,142.69804702163515,False
4,ring,U20,61,142.7259393324531,False
4,ring,U20,62,142.7259393324531,False
4,ring,U20,63,142.77180134880317,False
4,ring,U20,64,159.5869282146303,False
4,ring,U20,65,159.6331625025822,False
4,ring,U20,66,159.63316250258225,False
4,ring,U20,67,159.68001641209958,False
4,ring,U20,68,159.68229493185254,False
4,ring,U20,69,159.6822949318526,False
4,ring,U20,70,159.6842146541306,False
4,ring,U20,71,159.68535632882245,False
4,ring,U20,72,160.3998463288203,False
4,ring,U20,73,160.4489348764927,False
4,ring,U20,74,160.44893487649279,False
4,ring,U20,75,160.492424860014,False
4,ring,U20,76,178.20534969229365,False
4,ring,U20,77,178.20643640094457,False
4,ring,U20,78,178.2064364009446,False
4,ring,U20,79,178.2075506078913,False
4,ring,U20,80,180.06065862497783,False
4,ring,U20,81,180.0664801080988,False
4,ring,U20,82,180.06648010809886,False
4,ring,U20,83,180.07174216292077,False
4,ring,U20,84,180.1499052997793,False
4,ring,U20,85,180.1499052997794,False
4,ring,U20,86,180.14990578580432,False
4,ring,U20,87,180.15027773885012,False
4,ring,U20,88,180.41514622911865,False
4,ring,U20,89,180.43368690567038,False
4,ring,U20,90,180.43368690567056,False
4,ring,U20,91,180.451798479912,False
4,ring,U20,92,180.65751450387427,False
4,ring,U20,93,180.6682733701638,False
4,ring,U20,94,180.66827337016386,False
4,ring,U20,95,180.67948748414838,False
4,ring,U20,96,182.24438681254813,False
4,ring,U20,97,182.24524518185535,False
4,ring,U20,98,182.24524518185552,False
4,ring,U20,99,182.24605582617602,False
4,ring,U20,100,240.13335149730383,False
4,ring,U20,101,240.1333519117877,False
4,ring,U20,102,240.13335191178777,False
4,ring,U20,103,240.13335191309358,False
4,ring,U20,104,240.26657028484007,False
4,ring,U20,105,240.26657069410706,False
