K,graph,case,t,U,U_over_t,beta,log_partition,mean_energy,heat_capacity,entropy,mean_volume,volume_sd,probability_zero_volume,mean_active_sites,commutator_mean
2,complete,no_hopping,0.0,1.0,,0.0,2.995732273553991,1.2000000000000002,0.0,2.995732273553991,0.030465319023639068,0.0913959570709172,0.8999999999999999,2.8,0.0
2,complete,no_hopping,0.0,1.0,,0.1,2.877536038880742,1.163889334086771,0.0036212260924831726,2.993924972289418,0.03428764859766435,0.09628187100708958,0.8874535055055244,2.8361106659132282,0.0
2,complete,no_hopping,0.0,1.0,,0.25,2.7070359105589383,1.1093898273688463,0.02277256089998103,2.9843833674011497,0.04066164718007798,0.10360661649856225,0.866531359318682,2.8906101726311526,0.0
2,complete,no_hopping,0.0,1.0,,0.5,2.4410979567761304,1.0180465837925983,0.09149543128338583,2.9501212486724286,0.05304938500402723,0.11553106565876525,0.8258695897362358,2.9819534162074017,0.0
2,complete,no_hopping,0.0,1.0,,1.0,1.97776381863605,0.8356081621555119,0.36209680833307223,2.8133719807915623,0.08431479977316583,0.1363003568383019,0.7232433387362754,3.164391837844489,0.0
2,complete,no_hopping,0.0,1.0,,2.0,1.3174578788780817,0.4938007328115697,1.2352962373365144,2.3050593445012204,0.16318154436390397,0.1519393354506189,0.4643694876876687,3.5061992671884292,0.0
2,complete,no_hopping,0.0,1.0,,4.0,0.7983178772978016,0.10073506779692146,1.4783896958849927,1.2012581484854876,0.2742399221983087,0.09132651455387918,0.099829146756951,3.899264932203079,0.0
2,complete,no_hopping,0.0,1.0,,8.0,0.6951582703355232,0.0020094058167420426,0.12838668540854345,0.7112335168694599,0.30404112098980285,0.013641635527162304,0.0020090688894906406,3.9979905941832605,0.0
2,complete,no_hopping,0.0,1.0,,16.0,0.6931478557708042,6.752106683908192e-07,0.00017285383384737645,0.6931586591414983,0.30465298453131784,0.00025033710146319147,6.752106303983482e-07,3.9999993247893295,0.0
2,complete,no_hopping,0.0,1.0,,inf,,0.0,0.0,0.6931471805599453,0.30465319023639065,0.0,0.0,4.0,0.0
2,complete,free,1.0,0.0,0.0,0.0,2.995732273553991,-8.326672684688674e-17,0.0,2.995732273553991,0.030465319023639064,0.09139595707091719,0.8999999999999998,2.8,0.0
2,complete,free,1.0,0.0,0.0,0.1,3.0432296244032204,-0.9400770178004172,0.09013132004482567,2.9492219226231784,0.03081861771664277,0.09186513488852231,0.8988403249848471,2.803479025045458,0.0
2,complete,free,1.0,0.0,0.0,0.25,3.2777848155591225,-2.127304226787712,0.41546742360923034,2.7459587588621943,0.03233715350716931,0.0938398928077861,0.8938558513630603,2.818432445910819,0.0
2,complete,free,1.0,0.0,0.0,0.5,3.9730493967456493,-3.275658726670688,0.7154039938517016,2.3352200334103057,0.03521547640814911,0.09740830280209213,0.8844079841053882,2.8467760476838357,0.0
2,complete,free,1.0,0.0,0.0,1.0,5.8162143115821525,-3.902057584801732,0.39265241415991703,1.9141567267804187,0.03762788904663906,0.1002377095000347,0.8764894304325441,2.8705317087023676,0.0
2,complete,free,1.0,0.0,0.0,2.0,9.792206765215335,-3.998210766199238,0.028629333442566463,1.795785232816857,0.038073135941509295,0.10074491871287578,0.8750279427175307,2.874916171847409,0.0
2,complete,free,1.0,0.0,0.0,4.0,17.79175961927496,-3.999999399812392,3.8412007711485785e-05,1.791762020025395,0.03808164592253275,0.10075456894644073,0.8750000093779299,2.8749999718662123,0.0
2,complete,free,1.0,0.0,0.0,8.0,33.79175946922808,-3.9999999999999334,1.7280399333685637e-11,1.7917594692286123,0.03808164877954877,0.1007545721859925,0.8750000000000004,2.874999999999999,0.0
2,complete,free,1.0,0.0,0.0,16.0,65.79175946922807,-4.000000000000002,0.0,1.791759469228055,0.03808164877954932,0.10075457218599314,0.8749999999999987,2.8750000000000027,0.0
2,complete,free,1.0,0.0,0.0,inf,,-4.0,0.0,1.7917594692280547,0.03808164877954886,0.10075457218599261,0.8750000000000001,2.875000000000001,0.0
2,complete,U1,1.0,1.0,1.0,0.0,2.995732273553991,1.2,0.0,2.995732273553991,0.030465319023639036,0.09139595707091716,0.8999999999999996,2.799999999999999,0.0
2,complete,U1,1.0,1.0,1.0,0.1,2.9253530411813093,0.21472711203951766,0.09535117485768063,2.9468257523852612,0.03460914449453695,0.09667467816842816,0.8863982206531869,2.8390231537827786,0.0
2,complete,U1,1.0,1.0,1.0,0.25,2.9927166562228757,-1.0518255476107934,0.4456819188204808,2.7297602693201775,0.04199124302111806,0.10502143427851574,0.8621670661366263,2.9011778747694974,0.0
2,complete,U1,1.0,1.0,1.0,0.5,3.430736995530669,-2.2795034325743133,0.7571653697635232,2.290985279243513,0.05375267977788731,0.11613171313118738,0.8235610802690789,2.9845908734711863,0.0
2,complete,U1,1.0,1.0,1.0,1.0,4.786952151916056,-2.9429025586400286,0.44924667387257244,1.8440495932760266,0.06994597552091153,0.1281281588686509,0.7704078678229547,3.074245583835712,0.0
2,complete,U1,1.0,1.0,1.0,2.0,7.840573654297206,-3.11716133861124,0.36694185264557433,1.606250977074724,0.09280615769328938,0.1402166506127231,0.6953711279987637,3.1808667550371146,0.0
2,complete,U1,1.0,1.0,1.0,4.0,14.223860447977419,-3.251031841509448,0.7239495273730654,1.2197330819396281,0.1250715939492937,0.14986846396619194,0.5894623855662015,3.324549594325387,0.0
2,complete,U1,1.0,1.0,1.0,8.0,27.438140933469906,-3.330628598767777,0.3666197852277264,0.7931121433276952,0.14518318735867228,0.15215900665384155,0.5234476709532563,3.4108989006378936,0.0
2,complete,U1,1.0,1.0,1.0,16.0,54.14691698248935,-3.3407318081326904,0.016530352888366906,0.6952080523663,0.14782086885249215,0.15225994224063386,0.5147896900807328,3.4218867974580793,0.0
2,complete,U1,1.0,1.0,1.0,inf,,-3.340847617248344,0.0,0.6931471805599453,0.14785160784355583,0.15226084877339427,0.5146887917739078,3.422012911086288,0.0
2,complete,U5,1.0,5.0,5.0,0.0,2.995732273553991,6.0,0.0,2.995732273553991,0.03046531902363903,0.09139595707091716,0.9,2.7999999999999994,0.0
2,complete,U5,1.0,5.0,5.0,0.1,2.4896186983219755,4.127473368246751,0.18296731853415393,2.9023660351466503,0.05315299109508058,0.11562001489953651,0.8255295109372152,2.9825556228045467,0.0
2,complete,U5,1.0,5.0,5.0,0.25,2.0609069267289444,1.7147875995104516,0.8351796646482217,2.4896038266065577,0.09898757479548888,0.14268265658907714,0.6750811152882357,3.234633833284463,0.0
2,complete,U5,1.0,5.0,5.0,0.5,1.9539015371737465,-0.5215565259517143,1.334447996141587,1.693123274197889,0.16904044919822275,0.15140686464653497,0.44513809598691906,3.523249000366608,0.0
2,complete,U5,1.0,5.0,5.0,1.0,2.5887006624341264,-1.6562968794286548,0.705362347339054,0.9324037830054713,0.22412115957826406,0.1343463140331421,0.264340020846782,3.725802202623579,0.0
2,complete,U5,1.0,5.0,5.0,2.0,4.383151150106337,-1.839244355819738,0.07163182265649759,0.7046624384668599,0.2355488881529168,0.12758307694340015,0.22682940569193755,3.766824204241284,0.0
2,complete,U5,1.0,5.0,5.0,4.0,8.070303531428983,-1.8442843247244685,0.00024907542280772077,0.6931662325311082,0.23588481226864805,0.1273633225341598,0.2257267613524165,3.7680154851496526,0.0
2,complete,U5,1.0,5.0,5.0,8.0,15.447457342359089,-1.8442887702210267,8.352856184501434e-10,0.693147180590873,0.23588511183522015,0.12736312599945596,0.22572577804883825,3.7680165410243056,0.0
2,complete,U5,1.0,5.0,5.0,16.0,30.201767504156095,-1.8442887702247595,0.0,0.6931471805599453,0.23588511183547198,0.1273631259992907,0.2257257780480117,3.768016541025193,0.0
2,complete,U5,1.0,5.0,5.0,inf,,-1.8442887702247595,0.0,0.6931471805599453,0.235885111835472,0.12736312599929064,0.2257257780480117,3.768016541025193,0.0
2,complete,U20,1.0,20.0,20.0,0.0,2.995732273553991,24.0,0.0,2.995732273553991,0.03046531902363905,0.09139595707091716,0.8999999999999995,2.799999999999999,0.0
2,complete,U20,1.0,20.0,20.0,0.1,1.361029853589175,9.14241893220941,1.2564393977757404,2.2752717468101165,0.16159830878253362,0.15204416103892027,0.46956633325538394,3.499736154440259,0.0
2,complete,U20,1.0,20.0,20.0,0.25,0.8794902763153878,0.17898366703017252,0.9097509114587585,0.924236193072931,0.284621008879832,0.07550880523334665,0.06575405083076545,3.933714430626313,0.0
2,complete,U20,1.0,20.0,20.0,0.5,0.9863592975053747,-0.5792709745391571,0.030392700987955962,0.6967238102357961,0.2960629959862245,0.05043053287253535,0.028196633173283206,3.9717327404206952,0.0
2,complete,U20,1.0,20.0,20.0,1.0,1.2788794991112247,-0.5857315882043299,1.2391381051746198e-05,0.6931479109068949,0.2961651966733379,0.050138291584013596,0.02786116750153318,3.9720713391910714,0.0
2,complete,U20,1.0,20.0,20.0,2.0,1.8646117402557585,-0.5857322798478919,1.0089706847793423e-12,0.6931471805599747,0.2961652081293189,0.05013825871865553,0.02786112989818187,3.9720713771226266,0.0
2,complete,U20,1.0,20.0,20.0,4.0,3.0360762999515702,-0.5857322798479063,0.0,0.6931471805599453,0.2961652081293191,0.050138258718654974,0.027861129898181083,3.9720713771226275,0.0
2,complete,U20,1.0,20.0,20.0,8.0,5.379005419343195,-0.5857322798479063,0.0,0.6931471805599453,0.2961652081293191,0.050138258718654974,0.027861129898181083,3.9720713771226275,0.0
2,complete,U20,1.0,20.0,20.0,16.0,10.064863658126445,-0.5857322798479063,0.0,0.6931471805599453,0.2961652081293191,0.05013825871865511,0.027861129898181083,3.972071377122627,0.0
2,complete,U20,1.0,20.0,20.0,inf,,-0.5857322798479063,0.0,0.6931471805599453,0.2961652081293191,0.05013825871865511,0.027861129898181083,3.972071377122627,0.0
2,ring,no_hopping,0.0,1.0,,0.0,2.995732273553991,1.2000000000000002,0.0,2.995732273553991,0.030465319023639068,0.0913959570709172,0.8999999999999999,2.8,0.0
2,ring,no_hopping,0.0,1.0,,0.1,2.877536038880742,1.163889334086771,0.0036212260924831726,2.993924972289418,0.03428764859766435,0.09628187100708958,0.8874535055055244,2.8361106659132282,0.0
2,ring,no_hopping,0.0,1.0,,0.25,2.7070359105589383,1.1093898273688463,0.02277256089998103,2.9843833674011497,0.04066164718007798,0.10360661649856225,0.866531359318682,2.8906101726311526,0.0
2,ring,no_hopping,0.0,1.0,,0.5,2.4410979567761304,1.0180465837925983,0.09149543128338583,2.9501212486724286,0.05304938500402723,0.11553106565876525,0.8258695897362358,2.9819534162074017,0.0
2,ring,no_hopping,0.0,1.0,,1.0,1.97776381863605,0.8356081621555119,0.36209680833307223,2.8133719807915623,0.08431479977316583,0.1363003568383019,0.7232433387362754,3.164391837844489,0.0
2,ring,no_hopping,0.0,1.0,,2.0,1.3174578788780817,0.4938007328115697,1.2352962373365144,2.3050593445012204,0.16318154436390397,0.1519393354506189,0.4643694876876687,3.5061992671884292,0.0
2,ring,no_hopping,0.0,1.0,,4.0,0.7983178772978016,0.10073506779692146,1.4783896958849927,1.2012581484854876,0.2742399221983087,0.09132651455387918,0.099829146756951,3.899264932203079,0.0
2,ring,no_hopping,0.0,1.0,,8.0,0.6951582703355232,0.0020094058167420426,0.12838668540854345,0.7112335168694599,0.30404112098980285,0.013641635527162304,0.0020090688894906406,3.9979905941832605,0.0
2,ring,no_hopping,0.0,1.0,,16.0,0.6931478557708042,6.752106683908192e-07,0.00017285383384737645,0.6931586591414983,0.30465298453131784,0.00025033710146319147,6.752106303983482e-07,3.9999993247893295,0.0
2,ring,no_hopping,0.0,1.0,,inf,,0.0,0.0,0.6931471805599453,0.30465319023639065,0.0,0.0,4.0,0.0
2,ring,free,1.0,0.0,0.0,0.0,2.995732273553991,-3.0531133177191805e-16,0.0,2.995732273553991,0.030465319023639064,0.0913959570709172,0.9,2.8000000000000003,0.0
2,ring,free,1.0,0.0,0.0,0.1,3.0275684939063487,-0.6334795348690077,0.06206215350966491,2.9642205404194484,0.03070694586821621,0.09171724209010355,0.8992068789944735,2.8023598601687185,0.0
2,ring,free,1.0,0.0,0.0,0.25,3.189632024066844,-1.5050707915107109,0.3326391295797893,2.8133643261891668,0.031909961024111214,0.09329108110507708,0.8952580768993383,2.8135548991161583,0.0
2,ring,free,1.0,0.0,0.0,0.5,3.71156564604215,-2.586840425305386,0.8354417652232573,2.4181454333894563,0.03545687764638636,0.09769780303754101,0.8836156036348273,2.8419451662463677,0.0
2,ring,free,1.0,0.0,0.0,1.0,5.298052144103514,-3.5658845234869787,0.9980072932643616,1.7321676206165355,0.04313240538233247,0.10620744092685312,0.8584212909477015,2.8865773827642025,0.0
2,ring,free,1.0,0.0,0.0,2.0,9.123402537395105,-3.949687391879004,0.4141076250882918,1.224027753637101,0.049565505751639025,0.11244354179987946,0.8373051478201186,2.912585769293305,0.0
2,ring,free,1.0,0.0,0.0,4.0,17.09905969719056,-3.9991049329589714,0.028658142440832535,1.1026399653546732,0.05075283080462619,0.11351723209924613,0.8334078472467482,2.9165921152583056,0.0
2,ring,free,1.0,0.0,0.0,8.0,33.09861243871504,-3.9999996999061462,3.841202044441161e-05,1.0986148394658677,0.05077552408735523,0.11353753367407574,0.8333333583411457,2.9166666416588516,0.0
2,ring,free,1.0,0.0,0.0,16.0,65.09861228866815,-3.9999999999999676,1.8189894035458565e-11,1.098612288668667,0.0507755317060644,0.11353754048845682,0.8333333333333356,2.9166666666666643,0.0
2,ring,free,1.0,0.0,0.0,inf,,-4.000000000000002,0.0,1.0986122886681096,0.050775531706065136,0.11353754048845748,0.8333333333333333,2.916666666666667,0.0
2,ring,U1,1.0,1.0,1.0,0.0,2.995732273553991,1.2000000000000002,0.0,2.995732273553991,0.03046531902363907,0.0913959570709172,0.9000000000000005,2.8000000000000016,0.0
2,ring,U1,1.0,1.0,1.0,0.1,2.909589216565599,0.5241656550505301,0.06682050773939756,2.9620057820706522,0.03450795887335729,0.09655133626060876,0.8867303544512983,2.838088897476762,0.0
2,ring,U1,1.0,1.0,1.0,0.25,2.9036314630003934,-0.42310617321644384,0.3641132278291961,2.797854919696282,0.04172957468789253,0.10474583835285196,0.8630259717434337,2.898597988978383,0.0
2,ring,U1,1.0,1.0,1.0,0.5,3.1691191055851,-1.6086977545179884,0.9120971524382141,2.3647702283261047,0.05490437523900465,0.11709954164775041,0.8197807310128529,2.9887201363703104,0.0
2,ring,U1,1.0,1.0,1.0,1.0,4.290605946192055,-2.6642119272330618,1.06191693498657,1.6263940189589932,0.07704534982840575,0.1324240374249371,0.7471047331930989,3.1003599083368707,0.0
2,ring,U1,1.0,1.0,1.0,2.0,7.236480270225999,-3.090850067755547,0.5935782944110457,1.0547801347149042,0.1014259116871135,0.14357058196772557,0.6670774673049918,3.203922403384912,0.0
2,ring,U1,1.0,1.0,1.0,4.0,13.592078604649778,-3.236256904541608,0.6954023599359687,0.6470509864833456,0.12642006917970544,0.15010743983594207,0.5850361222818257,3.318791185486222,0.0
2,ring,U1,1.0,1.0,1.0,8.0,26.75998499118792,-3.3243774000733493,0.5171632995904929,0.16496579060112487,0.14460943938201626,0.1521309866123472,0.5253309533052687,3.405941866852884,0.0
2,ring,U1,1.0,1.0,1.0,16.0,53.454184439425646,-3.3405399348511637,0.03908555807447556,0.00554548180702987,0.1477956822936592,0.15225919482671338,0.5148723629679393,3.4217202871213033,0.0
2,ring,U1,1.0,1.0,1.0,inf,,-3.3408476172483463,0.0,-0.0,0.14785160784355617,0.15226084877339421,0.5146887917739085,3.422012911086295,0.0
2,ring,U5,1.0,5.0,5.0,0.0,2.995732273553991,6.0,0.0,2.995732273553991,0.030465319023639078,0.09139595707091723,0.9000000000000005,2.800000000000001,0.0
2,ring,U5,1.0,5.0,5.0,0.1,2.4736314462047964,4.44095132920817,0.15468067237965263,2.9177265791256137,0.053122986572698656,0.11559427162214601,0.825627998408687,2.9823736144069346,0.0
2,ring,U5,1.0,5.0,5.0,0.25,1.9736648183617496,2.295063199996328,0.7949576448583799,2.5474306183608313,0.10017490896813806,0.14312090417548562,0.6711837847802976,3.2406286196421625,0.0
2,ring,U5,1.0,5.0,5.0,0.5,1.7274107438590476,-0.047717973789844215,1.5452807625549545,1.7035517569641256,0.17619651020850394,0.15044473647783121,0.4216488917388749,3.5502880817466425,0.0
2,ring,U5,1.0,5.0,5.0,1.0,2.1978487818231036,-1.4121714931297056,0.8886314495768632,0.7856772886933978,0.2315295030838422,0.1301164514966801,0.24002271926254692,3.749483007572354,0.0
2,ring,U5,1.0,5.0,5.0,2.0,3.816441022556609,-1.7217345606794152,0.4687124785804979,0.3729719011977802,0.23789889476948378,0.12601893949995255,0.21911569484997012,3.773514372710584,0.0
2,ring,U5,1.0,5.0,5.0,4.0,7.395305844898586,-1.8262996415731922,0.28276631390298945,0.09010727860581899,0.236222309028412,0.1271412630415385,0.2246189549332499,3.768962488721489,0.0
2,ring,U5,1.0,5.0,5.0,8.0,14.754645568171671,-1.8439534200918042,0.021455211484948222,0.0030182074372376313,0.23589140250764926,0.12735899868586464,0.22570512941416007,3.7680341910314725,0.0
2,ring,U5,1.0,5.0,5.0,16.0,29.5086204361313,-1.844288657689596,2.880899819501792e-05,1.9130977612916963e-06,0.2358851139464654,0.1273631246143414,0.225725771118844,3.7680165469481004,0.0
2,ring,U5,1.0,5.0,5.0,inf,,-1.8442887702247581,0.0,-0.0,0.23588511183547226,0.12736312599929056,0.22572577804801208,3.7680165410251973,0.0
2,ring,U20,1.0,20.0,20.0,0.0,2.995732273553991,24.000000000000007,0.0,2.995732273553991,0.030465319023639095,0.09139595707091723,0.8999999999999999,2.8,0.0
2,ring,U20,1.0,20.0,20.0,0.1,1.346668855123871,9.38137857082467,1.2505093314032976,2.284806712206338,0.16211584775031715,0.1520117170260474,0.4678675525290713,3.5018472624411503,0.0
2,ring,U20,1.0,20.0,20.0,0.25,0.8324086163605872,0.36669352524472276,0.9232819877439589,0.9240819976717679,0.287130415520677,0.0709318094031028,0.05751712201706265,3.94206137141321,0.0
2,ring,U20,1.0,20.0,20.0,0.5,0.8947631818088657,-0.4057168240741596,0.03836995739103822,0.6919047697717859,0.2985202512180159,0.04278792465719732,0.02013088723481385,3.9797966935179345,0.0
2,ring,U20,1.0,20.0,20.0,1.0,1.104894608469337,-0.4299143033843618,0.03568164045422939,0.674980305084975,0.2983601534982996,0.04333118284962081,0.02065639533663964,3.9792733846647153,0.0
2,ring,U20,1.0,20.0,20.0,2.0,1.552119424914208,-0.46392498018511796,0.12811448151091864,0.6242694645439723,0.29788107116651846,0.04491420802597702,0.022228945197054206,3.9777014301516047,0.0
2,ring,U20,1.0,20.0,20.0,4.0,2.5373386678086134,-0.5177544919649133,0.3445380888081031,0.46632069994895975,0.2971227909170662,0.04730172578751897,0.024717940138692152,3.9752133772460487,0.0
2,ring,U20,1.0,20.0,20.0,8.0,4.730879805968226,-0.5687942769993402,0.3987225345725065,0.18052558997350462,0.2964038087147711,0.049448438828230794,0.027077942348868286,3.9728542682507197,0.0
2,ring,U20,1.0,20.0,20.0,16.0,9.373834873365519,-0.5849180848912082,0.0800257198891785,0.01514551510618816,0.2961766774504122,0.050105342961774255,0.027823482758875844,3.972109010013229,0.0
2,ring,U20,1.0,20.0,20.0,inf,,-0.5857322798478979,0.0,-0.0,0.29616520812931957,0.050138258718653586,0.027861129898181108,3.9720713771226324,0.0
3,complete,no_hopping,0.0,1.0,,0.0,3.912023005428146,3.6000000000000005,0.0,3.9120230054281455,0.09343490644232137,0.1662686345926483,0.7600000000000001,3.2000000000000006,0.0
3,complete,no_hopping,0.0,1.0,,0.1,3.5591085739995485,3.4594552889536083,0.013700374308678945,3.90505410289491,0.10887271390122825,0.17473465070584407,0.720345935676354,3.2702723555231956,0.0
3,complete,no_hopping,0.0,1.0,,0.25,3.0551885843365536,3.2622865617843284,0.07861041270331104,3.8707602247826367,0.13349972623343556,0.18479957582067158,0.6570881749017088,3.3688567191078373,0.0
3,complete,no_hopping,0.0,1.0,,0.5,2.2768942701284196,2.9722625512680976,0.265319546146523,3.763025545762468,0.17633643650466269,0.19379208280382174,0.5470563799703247,3.51386872436595,0.0
3,complete,no_hopping,0.0,1.0,,1.0,0.9069544005221486,2.539791122150284,0.6754332107900032,3.4467455226724333,0.25527301282591197,0.1849771991817079,0.34429727164077695,3.730104438924857,0.0
3,complete,no_hopping,0.0,1.0,,2.0,-1.395514123118922,2.145655475748594,0.7649251437311726,2.89579682837827,0.3454341855480351,0.12311350517922987,0.11270629266690248,3.927172262125702,0.0
3,complete,no_hopping,0.0,1.0,,4.0,-5.502294202431317,2.013380146390397,0.23242512172673457,2.551226383130274,0.3843609995337572,0.04362354679969317,0.01271758702892469,3.9933099268048027,0.0
3,complete,no_hopping,0.0,1.0,,8.0,-13.514869508444146,2.0002240417371473,0.014364261278160484,2.4869228254530333,0.38922497561789143,0.0058236540408271465,0.0002238167171535323,3.999887979131428,0.0
3,complete,no_hopping,0.0,1.0,,16.0,-29.515093275188526,2.000000075023494,1.920602699101437e-05,2.4849079251873905,0.38931208096879377,0.00010663418885899719,7.502346951264801e-08,3.999999962488252,0.0
3,complete,no_hopping,0.0,1.0,,inf,,1.9999999999999998,0.0,2.484906649788001,0.389312110176339,7.450580596923828e-09,0.0,4.0,0.0
3,complete,free,1.0,0.0,0.0,0.0,3.912023005428146,-4.1633363423443315e-18,0.0,3.9120230054281455,0.09343490644232136,0.16626863459264832,0.76,3.1999999999999997,0.0
3,complete,free,1.0,0.0,0.0,0.1,3.994732437922104,-1.6291007313783472,0.1531545598046251,3.8318223647842693,0.09485762951096272,0.1671264612046794,0.7563455463329999,3.2070023712428677,0.0
3,complete,free,1.0,0.0,0.0,0.25,4.392929126694732,-3.5458703320544878,0.6276261194040325,3.506461543681111,0.1005096981889049,0.17037442080630763,0.741827455243098,3.2358230724032007,0.0
3,complete,free,1.0,0.0,0.0,0.5,5.511998929948705,-5.139024315032769,0.902166755021403,2.9424867724323223,0.10951621925972266,0.17504910207594207,0.7186930064669261,3.2840046055567815,0.0
3,complete,free,1.0,0.0,0.0,1.0,8.330183524952465,-5.889109899693854,0.44750146184976103,2.4410736252586145,0.11573411634016573,0.17793905520358608,0.7027215097733693,3.3189009284090103,0.0
3,complete,free,1.0,0.0,0.0,2.0,14.303088329131867,-5.997986886683796,0.032215212930736925,2.307114555764281,0.11677404639086923,0.17839667178443133,0.7000503109498025,3.324886808797893,0.0
3,complete,free,1.0,0.0,0.0,4.0,26.30258526179682,-5.9999993247889165,4.321351116232108e-05,2.302587962641158,0.11679362648120573,0.1784052185164828,0.7000000168802756,3.3249999620193798,0.0
3,complete,free,1.0,0.0,0.0,8.0,50.30258509299408,-5.999999999999927,1.6825651982799172e-11,2.3025850929946725,0.1167936330529003,0.17840522138460552,0.7000000000000033,3.324999999999992,0.0
3,complete,free,1.0,0.0,0.0,16.0,98.30258509299408,-6.000000000000001,3.637978807091713e-12,2.302585092994046,0.11679363305290037,0.17840522138460557,0.7000000000000031,3.324999999999995,0.0
3,complete,free,1.0,0.0,0.0,inf,,-6.000000000000002,0.0,2.3025850929940455,0.11679363305290169,0.17840522138460616,0.6999999999999998,3.3249999999999993,0.0
3,complete,U1,1.0,1.0,1.0,0.0,3.912023005428146,3.5999999999999988,0.0,3.9120230054281455,0.09343490644232134,0.1662686345926483,0.7599999999999996,3.1999999999999984,0.0
3,complete,U1,1.0,1.0,1.0,0.1,3.643042176922445,1.7962929029206753,0.17252844637468176,3.8226714672145135,0.11012795112193538,0.1753453148001451,0.7171216917140002,3.2758083778412157,0.0
3,complete,U1,1.0,1.0,1.0,0.25,3.5484576261337124,-0.387867465790949,0.7181743118395232,3.451490759685975,0.13785117809744218,0.18618320475423358,0.6459108913026039,3.3859960831753995,0.0
3,complete,U1,1.0,1.0,1.0,0.5,3.9094379846229055,-2.186975160437182,0.9959324922900439,2.8159504044043144,0.1756702113153902,0.1937279471803801,0.5487676680907241,3.5104527786534883,0.0
3,complete,U1,1.0,1.0,1.0,1.0,5.278429995917308,-3.030597971813095,0.6013504176548672,2.2478320241042127,0.21840930986247312,0.19320135266119523,0.4389866018718386,3.6172559427416284,0.0
3,complete,U1,1.0,1.0,1.0,2.0,8.471730806518007,-3.2909823867510317,0.5226912848613168,1.8897660330159458,0.26026515103285464,0.1832659987881268,0.33147429984911725,3.7094508805497437,0.0
3,complete,U1,1.0,1.0,1.0,4.0,15.221128944014694,-3.427916451660765,0.5358295363694765,1.5094631373716312,0.290341117302339,0.16951503960285957,0.25422017524492346,3.787183234528387,0.0
3,complete,U1,1.0,1.0,1.0,8.0,29.082468289722488,-3.48524782292749,0.3057905251627062,1.2004857063025804,0.30310385238251886,0.16164793547859554,0.22143739056761513,3.8271680899600673,0.0
3,complete,U1,1.0,1.0,1.0,16.0,57.024459134139,-3.4951176981284977,0.026970701685058884,1.102575964083031,0.30529909026819463,0.16015335946723136,0.21579862971663255,3.8343731873520968,0.0
3,complete,U1,1.0,1.0,1.0,inf,,-3.4953369233910805,0.0,1.0986122886681096,0.30534784024254286,0.16011966925342605,0.215673408915445,3.8345334579709682,0.0
3,complete,U5,1.0,5.0,5.0,0.0,3.912023005428146,18.000000000000007,0.0,3.9120230054281455,0.09343490644232139,0.16626863459264835,0.7600000000000002,3.1999999999999997,0.0
3,complete,U5,1.0,5.0,5.0,0.1,2.3630865436302555,13.16136091443807,0.4202733867424241,3.679222635074063,0.17655939853247668,0.19381303053198923,0.5464836723098498,3.5144496117771977,0.0
3,complete,U5,1.0,5.0,5.0,0.25,0.7703666007866832,8.66153529395503,1.188583126241479,2.9357504242754406,0.2784407766884562,0.1757017364992475,0.2847877848897737,3.782488357854337,0.0
3,complete,U5,1.0,5.0,5.0,0.5,-1.0240815216269645,6.297953427678374,0.9835611249228418,2.124895192212222,0.33936177499527703,0.13019690629448247,0.128304087839541,3.9055637026431644,0.0
3,complete,U5,1.0,5.0,5.0,1.0,-3.9286173693461572,5.568623876036148,0.487579825246069,1.640006506689992,0.3579559005113161,0.10594404309476252,0.08054260025669491,3.9405408433963647,0.0
3,complete,U5,1.0,5.0,5.0,2.0,-9.355995889586557,5.340609549744132,0.4300461329750931,1.325223209901707,0.3641250586212239,0.09576657362567612,0.06469629609956634,3.958854035105272,0.0
3,complete,U5,1.0,5.0,5.0,4.0,-19.9298409915024,5.263661771200811,0.1216848900221521,1.1248060933008446,0.36629306610661594,0.09182437710729213,0.05912748015800737,3.965857838055482,0.0
3,complete,U5,1.0,5.0,5.0,8.0,-40.96633623716885,5.258143064210801,0.001980921941367342,1.0988082765175518,0.3664486865044668,0.09153289885911348,0.05872774844203156,3.9663611478333056,0.0
3,complete,U5,1.0,5.0,5.0,16.0,-83.03131736140054,5.258120603512003,1.2915916158817708e-07,1.0986122947915302,0.3664493198673551,0.09153171012822317,0.05872612156510747,3.9663631962658537,0.0
3,complete,U5,1.0,5.0,5.0,inf,,5.258120603145895,0.0,1.0986122886681096,0.3664493198776789,0.09153171010884709,0.058726121538589394,3.9663631962992434,0.0
3,complete,U20,1.0,20.0,20.0,0.0,3.912023005428146,71.99999999999999,0.0,3.9120230054281455,0.09343490644232143,0.16626863459264835,0.7600000000000001,3.200000000000002,0.0
3,complete,U20,1.0,20.0,20.0,0.1,-1.318610772716554,41.555111882873064,0.8547983222749987,2.8369004155707533,0.3436085903555368,0.12531608843206204,0.11739557703483913,3.9231796384922863,0.0
3,complete,U20,1.0,20.0,20.0,0.25,-7.141554591453701,37.63004693366364,0.49061097977880763,2.2659571419622053,0.38341427668782035,0.047553270771058156,0.015149370734570067,3.990273365183573,0.0
3,complete,U20,1.0,20.0,20.0,0.5,-16.389078463710362,36.55819114295492,0.5853841145369643,1.8900171077670924,0.3852870042430273,0.03938046478657078,0.01033902061636066,3.993157517657064,0.0
3,complete,U20,1.0,20.0,20.0,1.0,-34.495022999071644,36.00641300298116,0.49894003077201887,1.5113900039095147,0.3858572621539718,0.036511343430073576,0.00887423723038665,3.994940450482937,0.0
3,complete,U20,1.0,20.0,20.0,2.0,-70.35811948270815,35.78381185973197,0.31896217836219876,1.2095042367558,0.38620122217063374,0.03466163224430341,0.007990730122154142,3.9962848521238548,0.0
3,complete,U20,1.0,20.0,20.0,4.0,-141.8615415460226,35.74124737498127,0.03182616331832833,1.1034479539024897,0.3862703648465927,0.03427734059537931,0.007813127951166121,3.996562167472336,0.0
3,complete,U20,1.0,20.0,20.0,8.0,-284.82283752237987,35.740181876711496,7.282455044332892e-05,1.0986174913121216,0.3862720968915809,0.03426765685134936,0.0078086789629567,3.9965691172022644,0.0
3,complete,U20,1.0,20.0,20.0,16.0,-570.7442879864171,35.74018126719303,1.7462298274040222e-10,1.0986122886714003,0.38627209788239764,0.03426765131095356,0.007808676417911665,3.9965691211778607,0.0
3,complete,U20,1.0,20.0,20.0,inf,,35.74018126719284,0.0,1.0986122886681096,0.386272097882398,0.03426765131095072,0.007808676417910833,3.996569121177862,0.0
3,ring,no_hopping,0.0,1.0,,0.0,3.912023005428146,3.6000000000000005,0.0,3.9120230054281455,0.09343490644232137,0.1662686345926483,0.7600000000000001,3.2000000000000006,0.0
3,ring,no_hopping,0.0,1.0,,0.1,3.5591085739995485,3.4594552889536083,0.013700374308678945,3.90505410289491,0.10887271390122825,0.17473465070584407,0.720345935676354,3.2702723555231956,0.0
3,ring,no_hopping,0.0,1.0,,0.25,3.0551885843365536,3.2622865617843284,0.07861041270331104,3.8707602247826367,0.13349972623343556,0.18479957582067158,0.6570881749017088,3.3688567191078373,0.0
3,ring,no_hopping,0.0,1.0,,0.5,2.2768942701284196,2.9722625512680976,0.265319546146523,3.763025545762468,0.17633643650466269,0.19379208280382174,0.5470563799703247,3.51386872436595,0.0
3,ring,no_hopping,0.0,1.0,,1.0,0.9069544005221486,2.539791122150284,0.6754332107900032,3.4467455226724333,0.25527301282591197,0.1849771991817079,0.34429727164077695,3.730104438924857,0.0
3,ring,no_hopping,0.0,1.0,,2.0,-1.395514123118922,2.145655475748594,0.7649251437311726,2.89579682837827,0.3454341855480351,0.12311350517922987,0.11270629266690248,3.927172262125702,0.0
3,ring,no_hopping,0.0,1.0,,4.0,-5.502294202431317,2.013380146390397,0.23242512172673457,2.551226383130274,0.3843609995337572,0.04362354679969317,0.01271758702892469,3.9933099268048027,0.0
3,ring,no_hopping,0.0,1.0,,8.0,-13.514869508444146,2.0002240417371473,0.014364261278160484,2.4869228254530333,0.38922497561789143,0.0058236540408271465,0.0002238167171535323,3.999887979131428,0.0
3,ring,no_hopping,0.0,1.0,,16.0,-29.515093275188526,2.000000075023494,1.920602699101437e-05,2.4849079251873905,0.38931208096879377,0.00010663418885899719,7.502346951264801e-08,3.999999962488252,0.0
3,ring,no_hopping,0.0,1.0,,inf,,1.9999999999999998,0.0,2.484906649788001,0.389312110176339,7.450580596923828e-09,0.0,4.0,0.0
3,ring,free,1.0,0.0,0.0,0.0,3.912023005428146,2.400857290751901e-16,0.0,3.9120230054281455,0.0934349064423214,0.16626863459264826,0.7599999999999998,3.1999999999999993,0.0
3,ring,free,1.0,0.0,0.0,0.1,3.9676076598319496,-1.1035038422290082,0.10712093292854995,3.85725727560905,0.09441727545135274,0.16686271854254972,0.7574766543774186,3.20468599146869,0.0
3,ring,free,1.0,0.0,0.0,0.25,4.24690489016502,-2.5677787599755755,0.5393971667784551,3.604960200171125,0.09914765394100386,0.16961463702405105,0.7453260472783771,3.2260421770183534,0.0
3,ring,free,1.0,0.0,0.0,0.5,5.115291103239947,-4.214701144091626,1.1809459583655402,3.0079405311941363,0.11177504260778687,0.17612983152412073,0.7128909178880706,3.2746197608777097,0.0
3,ring,free,1.0,0.0,0.0,1.0,7.6141482439400665,-5.495336735971387,1.2017136691386199,2.1188115079686813,0.13422452276981398,0.1850378601371731,0.6552264384762725,3.338587349442662,0.0
3,ring,free,1.0,0.0,0.0,2.0,13.414228309925235,-5.943212669655097,0.46898465732815,1.5278029706150396,0.14948132538092532,0.18934155269873,0.6160373092087527,3.3703603047858866,0.0
3,ring,free,1.0,0.0,0.0,4.0,25.386797709792898,-5.998992993201149,0.03224402194234699,1.390825736988304,0.15202709652051097,0.18993091289709887,0.6094981570143025,3.374916113255655,0.0
3,ring,free,1.0,0.0,0.0,8.0,49.38629452992269,-5.9999996623944085,4.321352525948896e-05,1.3862972307674204,0.15207502695067035,0.18994166426890655,0.6093750413215038,3.3749999718662043,0.0
3,ring,free,1.0,0.0,0.0,16.0,97.38629436111994,-5.999999999999966,1.0913936421275139e-11,1.3862943611205174,0.1520750430376328,0.18994166787527303,0.6093749999999983,3.374999999999999,0.0
3,ring,free,1.0,0.0,0.0,inf,,-6.000000000000002,0.0,1.3862943611198906,0.1520750430376324,0.18994166787527295,0.6093749999999993,3.3749999999999973,0.0
3,ring,U1,1.0,1.0,1.0,0.0,3.912023005428146,3.6,0.0,3.9120230054281455,0.09343490644232137,0.16626863459264832,0.76,3.2000000000000006,0.0
3,ring,U1,1.0,1.0,1.0,0.1,3.6155314920111854,2.332181272608743,0.12499946807326325,3.8487496192720596,0.10974258480279403,0.1751590201690542,0.718111556424263,3.273976457761575,0.0
3,ring,U1,1.0,1.0,1.0,0.25,3.399708827890052,0.6021513701976293,0.6416528357171623,3.5502466704394595,0.13727263632186518,0.18600570699088623,0.6473969528980552,3.381712090261906,0.0
3,ring,U1,1.0,1.0,1.0,0.5,3.517345401848287,-1.3401809637717603,1.366094082920529,2.847254919962406,0.18067202337232857,0.19415310102972558,0.5359198477270768,3.5184810183382256,0.0
3,ring,U1,1.0,1.0,1.0,1.0,4.629904986216057,-2.7738272713810916,1.2950162657932855,1.8560777148349654,0.23521642151433023,0.19038339333530138,0.3958152973772412,3.6509163132341644,0.0
3,ring,U1,1.0,1.0,1.0,2.0,7.738444228280507,-3.2785248453158253,0.6883447398042648,1.1813945376488555,0.27524555093946534,0.1771900475222085,0.29299514773688207,3.73555261473796,0.0
3,ring,U1,1.0,1.0,1.0,4.0,14.472910302139507,-3.4126587217419817,0.3530869063848172,0.8222754151715811,0.2957623873733085,0.16633847827347592,0.24029492111267053,3.7809698768530824,0.0
3,ring,U1,1.0,1.0,1.0,8.0,28.196375801574074,-3.4370625587823143,0.041782520604328965,0.6998753313155599,0.300161746026829,0.1635834006311295,0.22899458254491362,3.790978240602196,0.0
3,ring,U1,1.0,1.0,1.0,16.0,55.697941540684326,-3.4377989904416193,0.00013928673706686823,0.6931576936184066,0.3002955872721219,0.16349700004111442,0.22865079348263107,3.791283268410959,0.0
3,ring,U1,1.0,1.0,1.0,inf,,-3.4377996042315297,0.0,0.6931471805599453,0.3002956988276988,0.16349692796219087,0.22865050693727593,3.7912835226510415,0.0
3,ring,U5,1.0,5.0,5.0,0.0,3.912023005428146,18.0,0.0,3.9120230054281455,0.09343490644232127,0.1662686345926483,0.7599999999999997,3.1999999999999984,0.0
3,ring,U5,1.0,5.0,5.0,0.1,2.334881191614655,13.70704642187858,0.3747626309171293,3.705585833802513,0.17650584031879535,0.19380802224447286,0.5466212437140797,3.5142613924113264,0.0
3,ring,U5,1.0,5.0,5.0,0.25,0.6272410079202608,9.535421981591828,1.176758227818385,3.0110965033182175,0.28094319992413846,0.17448641327778225,0.27835997755917347,3.7893163284352553,0.0
3,ring,U5,1.0,5.0,5.0,0.5,-1.364603353103346,6.951575714606769,1.2895226114780556,2.111184504200039,0.34488240050322655,0.12378620652449271,0.11412362603615839,3.9198413153212903,0.0
3,ring,U5,1.0,5.0,5.0,1.0,-4.468096539551503,5.77498780640698,0.9983182639781347,1.3068912668554773,0.36328464334053523,0.09723877316432249,0.06685501466680369,3.9485022917144557,0.0
3,ring,U5,1.0,5.0,5.0,2.0,-9.988333461642934,5.399935987049934,0.39306245597929035,0.8115385124569364,0.36747800551544885,0.08957428890591083,0.056083805487067276,3.953795760206603,0.0
3,ring,U5,1.0,5.0,5.0,4.0,-20.716366957456003,5.353398074029098,0.027951314321228438,0.6972253386603908,0.3679712620817174,0.08861613175529695,0.054816810309226485,3.9544192281636734,0.0
3,ring,U5,1.0,5.0,5.0,8.0,-42.1268165152272,5.352495901532549,5.0689697673078626e-05,0.693150697033204,0.36798008002910626,0.08859888351871047,0.05479416023706532,3.9544305419407824,0.0
3,ring,U5,1.0,5.0,5.0,16.0,-84.94678064107624,5.3524954888523535,4.3655745685100555e-11,0.693147180561411,0.3679800840138232,0.088598875723497,0.0547941500017892,3.954430547063522,0.0
3,ring,U5,1.0,5.0,5.0,inf,,5.352495488852265,0.0,0.6931471805599453,0.367980084013824,0.0885988757234956,0.054794150001787,3.954430547063523,0.0
3,ring,U20,1.0,20.0,20.0,0.0,3.912023005428146,72.0,0.0,3.9120230054281455,0.09343490644232139,0.16626863459264823,0.7600000000000002,3.2,0.0
3,ring,U20,1.0,20.0,20.0,0.1,-1.3437776111627096,41.9910283364095,0.8289672987488212,2.8553252224782417,0.3442007098406322,0.12460889220860266,0.11587463928433576,3.924532830848625,0.0
3,ring,U20,1.0,20.0,20.0,0.25,-7.253435941851713,38.30198201643968,0.45148732583858475,2.3220595622582065,0.3846318058213437,0.042428692129918046,0.01202198501576376,3.992646758402941,0.0
3,ring,U20,1.0,20.0,20.0,0.5,-16.66442466230593,37.126095832905804,0.8380958918280612,1.898623254146972,0.3863985497761788,0.0335528763790407,0.007483867889032669,3.9948628167536175,0.0
3,ring,U20,1.0,20.0,20.0,1.0,-34.93852605240987,36.16959412289597,0.9298196207064393,1.2310680704861057,0.38682245273150334,0.031033133893834074,0.006395016696778614,3.9952024158659283,0.0
3,ring,U20,1.0,20.0,20.0,2.0,-70.8762939183095,35.83237174929405,0.3271179428047617,0.7884495802785964,0.3869777077832387,0.03005597589707574,0.005996223420954151,3.995292258599039,0.0
3,ring,U20,1.0,20.0,20.0,4.0,-142.48240437525385,35.794609581374345,0.02071492369941552,0.6960339502435365,0.386991432560614,0.029968022207359845,0.005960969502525847,3.9952945614998896,0.0
3,ring,U20,1.0,20.0,20.0,8.0,-285.65859310415647,35.79396775222822,2.6279958547092974e-05,0.6931489136693878,0.38699163822692556,0.029966702207002247,0.005960441221215566,3.9952945534967603,0.0
3,ring,U20,1.0,20.0,20.0,16.0,-572.0103335915167,35.79396754825481,5.820766091346741e-11,0.6931471805602863,0.3869916382919182,0.029966701789859593,0.0059604410542737,3.9952945534936415,0.0
3,ring,U20,1.0,20.0,20.0,inf,,35.79396754825479,0.0,0.6931471805599453,0.3869916382919181,0.029966701789860054,0.005960441054273682,3.995294553493641,0.0
4,complete,no_hopping,0.0,1.0,,0.0,4.653960350157523,7.200000000000005,0.0,4.653960350157524,0.17556365302394775,0.23397255825885696,0.6380952380952382,3.4285714285714315,0.0
4,complete,no_hopping,0.0,1.0,,0.1,3.95178717799573,6.8502934177299535,0.032933449105249375,4.636816519768725,0.21032982506877568,0.2421703595347635,0.5678673035180475,3.5248165132854368,0.0
4,complete,no_hopping,0.0,1.0,,0.25,2.9590795552642692,6.400218950541608,0.16982875032700795,4.55913429289967,0.2611066378255747,0.24551904594831336,0.46632157635923127,3.6454222037424198,0.0
4,complete,no_hopping,0.0,1.0,,0.5,1.4349664078080238,5.826489910965511,0.4766322320135252,4.348211363290777,0.333729081589182,0.23344934335449347,0.3241689025184577,3.790804527347783,0.0
4,complete,no_hopping,0.0,1.0,,1.0,-1.2898499519075894,5.155280127760239,0.9117653928404827,3.86543017585265,0.41782875380173917,0.19493199733032462,0.17153281630830142,3.9346062101199806,0.0
4,complete,no_hopping,0.0,1.0,,2.0,-6.123219414175007,4.595129489716749,1.4944773466027783,3.0670395652584923,0.44528066552362483,0.20378358819252743,0.16297215460406303,3.9946633226530994,0.0
4,complete,no_hopping,0.0,1.0,,4.0,-14.763439079881053,4.130112378013534,1.852527169799032,1.7570104321730884,0.416880974743676,0.2695412617908272,0.2904243730809344,3.9999781835372117,0.0
4,complete,no_hopping,0.0,1.0,,8.0,-30.898707155767276,4.00267741562179,0.1709533917803583,1.1227121692070292,0.4064273093206043,0.2868773820668717,0.33244101160674167,3.999999999849353,0.0
4,complete,no_hopping,0.0,1.0,,16.0,-62.90138681105087,4.000000900280692,0.00023047167087497655,1.09862759344017,0.4062043286687289,0.2872296638902125,0.33333303323979313,3.999999999999996,0.0
4,complete,no_hopping,0.0,1.0,,inf,,4.000000000000001,0.0,1.0986122886681096,0.4062042536485209,0.28722978230168944,0.33333333333333326,4.0,0.0
4,complete,free,1.0,0.0,0.0,0.0,4.653960350157523,-1.2965818894729505e-16,0.0,4.653960350157524,0.17556365302394783,0.2339725582588568,0.6380952380952383,3.4285714285714297,0.0
4,complete,free,1.0,0.0,0.0,0.1,4.779245521274119,-2.4535651346540304,0.22532320946461146,4.5338890078087175,0.17879050495802454,0.2349488855190738,0.6315535707558135,3.4386000150928906,0.0
4,complete,free,1.0,0.0,0.0,0.25,5.365666346535779,-5.1234794516099464,0.8158869695425635,4.084796483633291,0.1904625356620646,0.23807830912735437,0.6078843672123231,3.4776195883374825,0.0
4,complete,free,1.0,0.0,0.0,0.5,6.934233981663546,-7.056592175198656,1.0200176754026256,3.405937894064215,0.20597813068495327,0.2412888463075722,0.5763943614535145,3.535049721976719,0.0
4,complete,free,1.0,0.0,0.0,1.0,10.7375301635633,-7.881378492770533,0.4801136122831906,2.8561516707927783,0.21498124386244802,0.24266443537968077,0.5580965691126818,3.57198420879474,0.0
4,complete,free,1.0,0.0,0.0,2.0,18.708586999828363,-7.997852570996482,0.03436635563261348,2.7128818578354004,0.21637504201082727,0.24284544021066523,0.5552611701780749,3.5780117946631345,0.0
4,complete,free,1.0,0.0,0.0,4.0,34.70805038115849,-7.999999279774828,4.609441452885221e-05,2.70805326205918,0.2164010021915746,0.24284872985699044,0.5552083510576229,3.5781249620193822,0.0
4,complete,free,1.0,0.0,0.0,8.0,66.70805020110222,-7.999999999999922,1.9099388737231493e-11,2.7080502011028793,0.21640101090289632,0.24284873096037823,0.5552083333333342,3.5781249999999973,0.0
4,complete,free,1.0,0.0,0.0,16.0,130.7080502011022,-7.999999999999999,1.8189894035458565e-12,2.7080502011022105,0.21640101090289782,0.2428487309603784,0.5552083333333309,3.5781250000000027,0.0
4,complete,free,1.0,0.0,0.0,inf,,-7.999999999999999,0.0,2.70805020110221,0.2164010109028967,0.2428487309603782,0.5552083333333331,3.578124999999999,0.0
4,complete,U1,1.0,1.0,1.0,0.0,4.653960350157523,7.2,0.0,4.653960350157524,0.17556365302394786,0.2339725582588567,0.6380952380952379,3.4285714285714306,0.0
4,complete,U1,1.0,1.0,1.0,0.1,4.080059019753799,4.315755630814568,0.2708308026034414,4.511634582835255,0.21300333602581792,0.24259297868808669,0.5624846071922686,3.5320808570677595,0.0
4,complete,U1,1.0,1.0,1.0,0.25,3.6972121589561726,1.0796562344250247,0.9847575316759822,3.967126217562429,0.2681402932827964,0.24516394843139136,0.45227336930438056,3.663419745772172,0.0
4,complete,U1,1.0,1.0,1.0,0.5,3.7689499089373997,-1.198288160500935,1.1654710232370094,3.169805828686933,0.327888823780556,0.23486388139053602,0.33485788425446367,3.7815570659039106,0.0
4,complete,U1,1.0,1.0,1.0,1.0,4.687308915371457,-2.179291030652439,0.7310045124730982,2.508017884719018,0.37583711437262113,0.21650979049515404,0.24355999778481788,3.8583265833206624,0.0
4,complete,U1,1.0,1.0,1.0,2.0,7.07185081095244,-2.5108045000838732,0.6826010068619368,2.0502418107846925,0.3982728256942202,0.20687007911609945,0.20556123823483996,3.9082035558976003,0.0
4,complete,U1,1.0,1.0,1.0,4.0,12.318644314279837,-2.6984992633560125,0.8055491960668064,1.524647260855787,0.3910428291419883,0.21505811200720307,0.22473402212228624,3.9419404640254108,0.0
4,complete,U1,1.0,1.0,1.0,8.0,23.359449788156635,-2.798822428490987,0.7964921427827107,0.9688703602287408,0.357903378399269,0.22886077387644288,0.2840739807959743,3.9624473154187285,0.0
4,complete,U1,1.0,1.0,1.0,16.0,45.99661830150407,-2.8490987585103555,0.779947920282666,0.41103816533838977,0.31663320963850894,0.23428557330972818,0.35107120280095283,3.979415198450747,0.0
4,complete,U1,1.0,1.0,1.0,inf,,-2.8678551931894294,0.0,-0.0,0.29773310233762623,0.23398188897825625,0.3812298747979659,3.9868724068215418,0.0
4,complete,U5,1.0,5.0,5.0,0.0,4.653960350157523,36.00000000000001,0.0,4.653960350157524,0.17556365302394786,0.23397255825885682,0.6380952380952379,3.4285714285714293,0.0
4,complete,U5,1.0,5.0,5.0,0.1,1.5677245359335212,26.541013914634203,0.7003197387254047,4.221825927396941,0.33385568948909,0.23339091721576571,0.32388985451705926,3.7910085978785784,0.0
4,complete,U5,1.0,5.0,5.0,0.25,-1.8464129763711434,20.14106848739765,1.4590165067560115,3.188854145478269,0.4296301290248953,0.18905615264744766,0.15422134180194721,3.953184141558448,0.0
4,complete,U5,1.0,5.0,5.0,0.5,-6.428368203884835,17.21216131852752,1.3596562079237628,2.177712455378924,0.44036583897652654,0.2032643952403985,0.16550564832790154,3.9860940463928243,0.0
4,complete,U5,1.0,5.0,5.0,1.0,-14.66282593012279,16.07633937073647,0.7770807930258457,1.4135134406136793,0.4272065476002601,0.2312240407633712,0.21679821037260089,3.9928606716221915,0.0
4,complete,U5,1.0,5.0,5.0,2.0,-30.57126422766351,15.844822826931548,0.1486624260375038,1.1183814261995972,0.4128777891394836,0.24343961229238797,0.24872644974188052,3.9940161285211224,0.0
4,complete,U5,1.0,5.0,5.0,4.0,-62.234335597863016,15.825751301546052,0.06362117554408542,1.0686696083212088,0.3898311313788563,0.2525359073765482,0.28672042298348277,3.9943606495263793,0.0
4,complete,U5,1.0,5.0,5.0,8.0,-125.50610725317348,15.810203591490541,0.24384845737768046,0.9755214787508435,0.3432905226689492,0.2633490508058578,0.36245504142785284,3.995003535396475,0.0
4,complete,U5,1.0,5.0,5.0,16.0,-251.8758936439119,15.783874891122041,0.6701022854686016,0.6661046140407473,0.2642758685612372,0.2624915042525601,0.4910310318963599,3.996094889111575,0.0
4,complete,U5,1.0,5.0,5.0,inf,,15.757236034791728,0.0,-0.0,0.18433040858929045,0.23608770730675527,0.6211216690513439,3.997199099155432,0.0
4,complete,U20,1.0,20.0,20.0,0.0,4.653960350157523,144.00000000000003,0.0,4.653960350157524,0.1755636530239477,0.2339725582588568,0.6380952380952383,3.428571428571429,0.0
4,complete,U20,1.0,20.0,20.0,0.1,-6.009446413803014,90.02693697873843,1.5524741270160851,2.9932472840708293,0.4452588497872502,0.20238044419452678,0.1610305031540449,3.9935739715723844,0.0
4,complete,U20,1.0,20.0,20.0,0.25,-18.46773752060853,79.46553612293631,1.1277566487161153,1.398646510125548,0.4155331392109596,0.27146942028141535,0.2951213382071929,3.999782942743749,0.0
4,complete,U20,1.0,20.0,20.0,0.5,-38.14104939452419,78.49139001707202,0.047146988107897414,1.1046456140118213,0.4113629234438964,0.27823691730261974,0.3114116971106905,3.999895315461975,0.0
4,complete,U20,1.0,20.0,20.0,1.0,-77.3819640129731,78.48056958999044,6.117697284935275e-05,1.098605577017341,0.41073201687525746,0.2785394577344308,0.31256193945044697,3.9998964491557962,0.0
4,complete,U20,1.0,20.0,20.0,2.0,-155.86252166487765,78.48054798563513,7.611750697833486e-05,1.0985743063925837,0.40956297604915864,0.27898163418181077,0.31448012751096793,3.9998965654120826,0.0
4,complete,U20,1.0,20.0,20.0,4.0,-312.82357950167375,78.48050981348275,0.0003062784962821752,1.0984597522572939,0.4072144187726592,0.27985304661894783,0.3183336329376318,3.999896798595254,0.0
4,complete,U20,1.0,20.0,20.0,8.0,-626.7454650256619,78.48043280239042,0.00123914098367095,1.0979973934613763,0.40247627980125755,0.2815432602337974,0.3261079565282328,3.9998972690348236,0.0
4,complete,U20,1.0,20.0,20.0,16.0,-1254.5883034041372,78.48027624682194,0.005061265546828508,1.0961165450139683,0.39284413438540117,0.2847053999376313,0.3419123505712465,3.9998982253897046,0.0
4,complete,U20,1.0,20.0,20.0,inf,,78.4744354619889,0.0,-0.0,0.03348745734595996,0.12353458139442805,0.9315436612208895,3.9999339051367886,0.0
4,ring,no_hopping,0.0,1.0,,0.0,4.653960350157523,7.200000000000005,0.0,4.653960350157524,0.17556365302394775,0.23397255825885696,0.6380952380952382,3.4285714285714315,0.0
4,ring,no_hopping,0.0,1.0,,0.1,3.95178717799573,6.8502934177299535,0.032933449105249375,4.636816519768725,0.21032982506877568,0.2421703595347635,0.5678673035180475,3.5248165132854368,0.0
4,ring,no_hopping,0.0,1.0,,0.25,2.9590795552642692,6.400218950541608,0.16982875032700795,4.55913429289967,0.2611066378255747,0.24551904594831336,0.46632157635923127,3.6454222037424198,0.0
4,ring,no_hopping,0.0,1.0,,0.5,1.4349664078080238,5.826489910965511,0.4766322320135252,4.348211363290777,0.333729081589182,0.23344934335449347,0.3241689025184577,3.790804527347783,0.0
4,ring,no_hopping,0.0,1.0,,1.0,-1.2898499519075894,5.155280127760239,0.9117653928404827,3.86543017585265,0.41782875380173917,0.19493199733032462,0.17153281630830142,3.9346062101199806,0.0
4,ring,no_hopping,0.0,1.0,,2.0,-6.123219414175007,4.595129489716749,1.4944773466027783,3.0670395652584923,0.44528066552362483,0.20378358819252743,0.16297215460406303,3.9946633226530994,0.0
4,ring,no_hopping,0.0,1.0,,4.0,-14.763439079881053,4.130112378013534,1.852527169799032,1.7570104321730884,0.416880974743676,0.2695412617908272,0.2904243730809344,3.9999781835372117,0.0
4,ring,no_hopping,0.0,1.0,,8.0,-30.898707155767276,4.00267741562179,0.1709533917803583,1.1227121692070292,0.4064273093206043,0.2868773820668717,0.33244101160674167,3.999999999849353,0.0
4,ring,no_hopping,0.0,1.0,,16.0,-62.90138681105087,4.000000900280692,0.00023047167087497655,1.09862759344017,0.4062043286687289,0.2872296638902125,0.33333303323979313,3.999999999999996,0.0
4,ring,no_hopping,0.0,1.0,,inf,,4.000000000000001,0.0,1.0986122886681096,0.4062042536485209,0.28722978230168944,0.33333333333333326,4.0,0.0
4,ring,free,1.0,0.0,0.0,0.0,4.653960350157523,-2.0512692074026703e-16,0.0,4.653960350157524,0.17556365302394777,0.23397255825885685,0.6380952380952379,3.428571428571427,0.0
4,ring,free,1.0,0.0,0.0,0.1,4.738423651023674,-1.67221332688574,0.1605359963101967,4.571202318335098,0.17781282357307032,0.23465795910706094,0.6335349846790673,3.4352064911446747,0.0
4,ring,free,1.0,0.0,0.0,0.25,5.156470348555667,-3.8002261918429423,0.7534024401339655,4.206413800594931,0.18805603340750907,0.23747760770408044,0.6127480110063295,3.464044589229752,0.0
4,ring,free,1.0,0.0,0.0,0.5,6.409985686367569,-5.96548809468845,1.4502695185685504,3.427241639023346,0.21173583343452687,0.24220320221384903,0.5646329539790336,3.5225362964619378,0.0
4,ring,free,1.0,0.0,0.0,1.0,9.854100995590093,-7.453740377145487,1.3232202173035859,2.4003606184446,0.2454517043805676,0.2450002175244264,0.4963008700715197,3.5885039027774353,0.0
4,ring,free,1.0,0.0,0.0,2.0,17.639253393765514,-7.93934694603491,0.5015976104781146,1.7605595016956905,0.26447907631447826,0.2447413770011855,0.4580770306399619,3.6177708144274456,0.0
4,ring,free,1.0,0.0,0.0,4.0,33.60997482369543,-7.998925835357493,0.034395164642432974,1.6142714822654687,0.26742677295460027,0.24459271193944604,0.45219292188913185,3.6218011727125825,0.0
4,ring,free,1.0,0.0,0.0,8.0,65.60943809249038,-7.999999639887362,4.6094428398646414e-05,1.609440973391488,0.2674817118845894,0.24458967682400704,0.4520833700948231,3.6218749752422577,0.0
4,ring,free,1.0,0.0,0.0,16.0,129.6094379124341,-7.9999999999999565,2.7284841053187847e-11,1.6094379124347693,0.267481730320407,0.2445896758039037,0.4520833333333357,3.621874999999998,0.0
4,ring,free,1.0,0.0,0.0,inf,,-7.999999999999998,0.0,1.6094379124341005,0.26748173032040845,0.2445896758039036,0.452083333333333,3.6218749999999984,0.0
4,ring,U1,1.0,1.0,1.0,0.0,4.653960350157523,7.200000000000001,0.0,4.653960350157524,0.17556365302394783,0.2339725582588568,0.638095238095238,3.4285714285714293,0.0
4,ring,U1,1.0,1.0,1.0,0.1,4.038317835085585,5.120498899948249,0.20315613959113088,4.5503677250804095,0.21220343285670457,0.24246949741877794,0.5640945035744863,3.529610489038475,0.0
4,ring,U1,1.0,1.0,1.0,0.25,3.4833432359517875,2.4056262368215275,0.9598290802482892,4.084749795157168,0.2676478139659469,0.24519522677664005,0.45324991756607286,3.658930943240745,0.0
4,ring,U1,1.0,1.0,1.0,0.5,3.262502429824264,-0.28358683845828614,1.727651000794449,3.1207090105951214,0.33522805226923447,0.2326161917874974,0.32055502899110033,3.7907226987427722,0.0
4,ring,U1,1.0,1.0,1.0,1.0,3.933501264531121,-1.9660459067242426,1.410509631345172,1.9674553578068774,0.38667804917782533,0.21108556295149503,0.22339586734144223,3.883372161829708,0.0
4,ring,U1,1.0,1.0,1.0,2.0,6.26054464260089,-2.510201542815624,0.7476152425849989,1.2401415569696437,0.4009255187528674,0.20507863474637006,0.20011545949473908,3.923449191945848,0.0
4,ring,U1,1.0,1.0,1.0,4.0,11.483511928841295,-2.671339781707641,0.6329193718772927,0.7981528020107358,0.39071077201498783,0.21403085259935295,0.22335166786833652,3.9387046924904254,0.0
4,ring,U1,1.0,1.0,1.0,8.0,22.38021814659156,-2.7587217424483126,0.6760337781318526,0.31044420700506453,0.372891883824464,0.2250757930417548,0.2598485025861758,3.945215935949005,0.0
4,ring,U1,1.0,1.0,1.0,16.0,44.60757153234436,-2.7862138455469365,0.14093344393722873,0.028150003593379127,0.36606134534452417,0.22842144958627053,0.2732663130747544,3.9470266342218374,0.0
4,ring,U1,1.0,1.0,1.0,inf,,-2.7877147327990905,0.0,-0.0,0.36563195488979955,0.2286025961061239,0.2740786292459998,3.947115674290575,0.0
4,ring,U5,1.0,5.0,5.0,0.0,4.653960350157523,35.99999999999999,0.0,4.653960350157524,0.17556365302394775,0.23397255825885693,0.6380952380952382,3.4285714285714293,0.0
4,ring,U5,1.0,5.0,5.0,0.1,1.5246654059610985,27.357608452197997,0.6392514469587606,4.260426251180898,0.3338474609572523,0.23339926070767356,0.3239159738883083,3.7909328072741006,0.0
4,ring,U5,1.0,5.0,5.0,0.25,-2.0481054533400216,21.259893755850243,1.5189062633053965,3.266867985622538,0.4311772319059493,0.18840983845756912,0.15221267215595283,3.957004034763739,0.0
4,ring,U5,1.0,5.0,5.0,0.5,-6.853137444935896,17.858789552524456,1.7874790604631556,2.076257331326333,0.4384251241669379,0.20739187514637022,0.17265590931587577,3.98979996444569,0.0
4,ring,U5,1.0,5.0,5.0,1.0,-15.286793089509171,16.3441639032331,1.0420964268730586,1.0573708137239237,0.41566933500774217,0.23804844031605973,0.23734134638167376,3.9944606873628046,0.0
4,ring,U5,1.0,5.0,5.0,2.0,-31.379600627735215,15.970064290846624,0.5017211968398669,0.5605279539580449,0.3836318551850315,0.253880917094822,0.2956799579930446,3.994828303119127,0.0
4,ring,U5,1.0,5.0,5.0,4.0,-63.17566975361407,15.85411784241184,0.4370156138315906,0.24080161603327482,0.35093193139485085,0.26204314885164626,0.3497704625029463,3.994524662135168,0.0
4,ring,U5,1.0,5.0,5.0,8.0,-126.4808452047692,15.813904174401051,0.13583683491015108,0.03038819043919733,0.33739772000801965,0.26410412432210423,0.37204755230403835,3.994385854240481,0.0
4,ring,U5,1.0,5.0,5.0,16.0,-252.97127970188004,15.810721912047988,0.002642896921315696,0.00027089088778169823,0.33632366051886375,0.2642372721814782,0.3738153785448287,3.9943748293002814,0.0
4,ring,U5,1.0,5.0,5.0,inf,,15.810706432061663,0.0,-0.0,0.33631843579350545,0.26423790904045963,0.3738239780746815,3.994374775669834,0.0
4,ring,U20,1.0,20.0,20.0,0.0,4.653960350157523,144.0,0.0,4.653960350157524,0.17556365302394802,0.2339725582588568,0.6380952380952384,3.4285714285714306,0.0
4,ring,U20,1.0,20.0,20.0,0.1,-6.046386960443865,90.61951602748846,1.5394647056908983,3.0155646423049807,0.4452611076142247,0.20282783655275938,0.16165117922341574,3.9939550266248736,0.0
4,ring,U20,1.0,20.0,20.0,0.25,-18.584550548494228,79.91229743418914,1.1688612172612238,1.393523810053052,0.4139056005784515,0.27404548049138866,0.30130729824447977,3.999870142429389,0.0
4,ring,U20,1.0,20.0,20.0,0.5,-38.36048763015496,78.8788167699274,0.09078722316644416,1.0789207548087485,0.40867445003648745,0.280942280103794,0.3189963215378266,3.9999461418999864,0.0
4,ring,U20,1.0,20.0,20.0,1.0,-77.77335882213501,78.78311568961266,0.15403482722649642,1.009756867477672,0.4032187445595064,0.2825723849649918,0.32732406813044657,3.9999409585188666,0.0
4,ring,U20,1.0,20.0,20.0,2.0,-156.4911553356437,78.66333838812191,0.3569115730424528,0.8355214406001582,0.38493068891104776,0.28778344755752516,0.35633718812779525,3.999931143698489,0.0
4,ring,U20,1.0,20.0,20.0,4.0,-313.6922083331024,78.55703107695786,0.4771859230095288,0.5359159747290538,0.3444242177644458,0.29567417697125614,0.42194877845940154,3.9999191218338774,0.0
4,ring,U20,1.0,20.0,20.0,8.0,-627.7733516166229,78.49779870023387,0.42691228055628017,0.209037985247985,0.30018367089930426,0.2980708535592371,0.4940917216987508,3.9999094680470306,0.0
4,ring,U20,1.0,20.0,20.0,16.0,-1255.6531369585277,78.47965090473174,0.10403603804297745,0.021277517179963745,0.28417780721279784,0.297329917406218,0.520220311454374,3.999906175988848,0.0
4,ring,U20,1.0,20.0,20.0,inf,,78.47851810575736,0.0,-0.0,0.2831716199512852,0.29725452101793615,0.5218629186387705,3.9999059695293013,0.0
