K,graph,case,beta,volume,multiplicity,probability
2,complete,no_hopping,0.0,0.0,18,0.8999999999999999
2,complete,no_hopping,0.0,0.30465319023639065,2,0.1
2,complete,no_hopping,0.1,0.0,18,0.8874535055055244
2,complete,no_hopping,0.1,0.30465319023639065,2,0.11254649449447555
2,complete,no_hopping,0.25,0.0,18,0.866531359318682
2,complete,no_hopping,0.25,0.30465319023639065,2,0.1334686406813178
2,complete,no_hopping,0.5,0.0,18,0.8258695897362358
2,complete,no_hopping,0.5,0.30465319023639065,2,0.17413041026376394
2,complete,no_hopping,1.0,0.0,18,0.7232433387362754
2,complete,no_hopping,1.0,0.30465319023639065,2,0.27675666126372467
2,complete,no_hopping,2.0,0.0,18,0.4643694876876687
2,complete,no_hopping,2.0,0.30465319023639065,2,0.535630512312331
2,complete,no_hopping,4.0,0.0,18,0.099829146756951
2,complete,no_hopping,4.0,0.30465319023639065,2,0.9001708532430491
2,complete,no_hopping,8.0,0.0,18,0.0020090688894906406
2,complete,no_hopping,8.0,0.30465319023639065,2,0.99799093111051
2,complete,no_hopping,16.0,0.0,18,6.752106303983482e-07
2,complete,no_hopping,16.0,0.30465319023639065,2,0.999999324789369
2,complete,no_hopping,inf,0.0,18,0.0
2,complete,no_hopping,inf,0.30465319023639065,2,1.0
2,complete,free,0.0,0.0,18,0.8999999999999998
2,complete,free,0.0,0.30465319023639065,2,0.09999999999999998
2,complete,free,0.1,0.0,18,0.8988403249848471
2,complete,free,0.1,0.30465319023639065,2,0.10115967501515269
2,complete,free,0.25,0.0,18,0.8938558513630603
2,complete,free,0.25,0.30465319023639065,2,0.10614414863693965
2,complete,free,0.5,0.0,18,0.8844079841053881
2,complete,free,0.5,0.30465319023639065,2,0.11559201589461195
2,complete,free,1.0,0.0,18,0.8764894304325441
2,complete,free,1.0,0.30465319023639065,2,0.12351056956745574
2,complete,free,2.0,0.0,18,0.8750279427175307
2,complete,free,2.0,0.30465319023639065,2,0.12497205728246953
2,complete,free,4.0,0.0,18,0.8750000093779298
2,complete,free,4.0,0.30465319023639065,2,0.12499999062207065
2,complete,free,8.0,0.0,18,0.8750000000000004
2,complete,free,8.0,0.30465319023639065,2,0.12499999999999978
2,complete,free,16.0,0.0,18,0.8749999999999987
2,complete,free,16.0,0.30465319023639065,2,0.12500000000000158
2,complete,free,inf,0.0,18,0.8750000000000002
2,complete,free,inf,0.30465319023639065,2,0.12500000000000006
2,complete,U1,0.0,0.0,18,0.8999999999999997
2,complete,U1,0.0,0.30465319023639065,2,0.09999999999999992
2,complete,U1,0.1,0.0,18,0.8863982206531869
2,complete,U1,0.1,0.30465319023639065,2,0.11360177934681251
2,complete,U1,0.25,0.0,18,0.8621670661366263
2,complete,U1,0.25,0.30465319023639065,2,0.13783293386337314
2,complete,U1,0.5,0.0,18,0.8235610802690789
2,complete,U1,0.5,0.30465319023639065,2,0.17643891973092027
2,complete,U1,1.0,0.0,18,0.7704078678229547
2,complete,U1,1.0,0.30465319023639065,2,0.22959213217704405
2,complete,U1,2.0,0.0,18,0.6953711279987638
2,complete,U1,2.0,0.30465319023639065,2,0.3046288720012351
2,complete,U1,4.0,0.0,18,0.5894623855662015
2,complete,U1,4.0,0.30465319023639065,2,0.41053761443379744
2,complete,U1,8.0,0.0,18,0.5234476709532563
2,complete,U1,8.0,0.30465319023639065,2,0.4765523290467425
2,complete,U1,16.0,0.0,18,0.5147896900807328
2,complete,U1,16.0,0.30465319023639065,2,0.48521030991926584
2,complete,U1,inf,0.0,18,0.5146887917739078
2,complete,U1,inf,0.30465319023639065,2,0.48531120822609086
2,complete,U5,0.0,0.0,18,0.8999999999999999
2,complete,U5,0.0,0.30465319023639065,2,0.09999999999999988
2,complete,U5,0.1,0.0,18,0.8255295109372152
2,complete,U5,0.1,0.30465319023639065,2,0.1744704890627844
2,complete,U5,0.25,0.0,18,0.6750811152882357
2,complete,U5,0.25,0.30465319023639065,2,0.3249188847117639
2,complete,U5,0.5,0.0,18,0.44513809598691906
2,complete,U5,0.5,0.30465319023639065,2,0.55486190401308
2,complete,U5,1.0,0.0,18,0.264340020846782
2,complete,U5,1.0,0.30465319023639065,2,0.7356599791532163
2,complete,U5,2.0,0.0,18,0.22682940569193755
2,complete,U5,2.0,0.30465319023639065,2,0.7731705943080607
2,complete,U5,4.0,0.0,18,0.2257267613524165
2,complete,U5,4.0,0.30465319023639065,2,0.7742732386475819
2,complete,U5,8.0,0.0,18,0.22572577804883825
2,complete,U5,8.0,0.30465319023639065,2,0.7742742219511601
2,complete,U5,16.0,0.0,18,0.2257257780480117
2,complete,U5,16.0,0.30465319023639065,2,0.7742742219519867
2,complete,U5,inf,0.0,18,0.2257257780480117
2,complete,U5,inf,0.30465319023639065,2,0.7742742219519867
2,complete,U20,0.0,0.0,18,0.8999999999999995
2,complete,U20,0.0,0.30465319023639065,2,0.09999999999999995
2,complete,U20,0.1,0.0,18,0.4695663332553839
2,complete,U20,0.1,0.30465319023639065,2,0.5304336667446155
2,complete,U20,0.25,0.0,18,0.06575405083076545
2,complete,U20,0.25,0.30465319023639065,2,0.9342459491692341
2,complete,U20,0.5,0.0,18,0.028196633173283206
2,complete,U20,0.5,0.30465319023639065,2,0.9718033668267164
2,complete,U20,1.0,0.0,18,0.02786116750153318
2,complete,U20,1.0,0.30465319023639065,2,0.9721388324984663
2,complete,U20,2.0,0.0,18,0.02786112989818187
2,complete,U20,2.0,0.30465319023639065,2,0.9721388701018177
2,complete,U20,4.0,0.0,18,0.027861129898181083
2,complete,U20,4.0,0.30465319023639065,2,0.9721388701018183
2,complete,U20,8.0,0.0,18,0.027861129898181083
2,complete,U20,8.0,0.30465319023639065,2,0.9721388701018183
2,complete,U20,16.0,0.0,18,0.027861129898181083
2,complete,U20,16.0,0.30465319023639065,2,0.9721388701018183
2,complete,U20,inf,0.0,18,0.027861129898181083
2,complete,U20,inf,0.30465319023639065,2,0.9721388701018183
2,ring,no_hopping,0.0,0.0,18,0.8999999999999999
2,ring,no_hopping,0.0,0.30465319023639065,2,0.1
2,ring,no_hopping,0.1,0.0,18,0.8874535055055244
2,ring,no_hopping,0.1,0.30465319023639065,2,0.11254649449447555
2,ring,no_hopping,0.25,0.0,18,0.866531359318682
2,ring,no_hopping,0.25,0.30465319023639065,2,0.1334686406813178
2,ring,no_hopping,0.5,0.0,18,0.8258695897362358
2,ring,no_hopping,0.5,0.30465319023639065,2,0.17413041026376394
2,ring,no_hopping,1.0,0.0,18,0.7232433387362754
2,ring,no_hopping,1.0,0.30465319023639065,2,0.27675666126372467
2,ring,no_hopping,2.0,0.0,18,0.4643694876876687
2,ring,no_hopping,2.0,0.30465319023639065,2,0.535630512312331
2,ring,no_hopping,4.0,0.0,18,0.099829146756951
2,ring,no_hopping,4.0,0.30465319023639065,2,0.9001708532430491
2,ring,no_hopping,8.0,0.0,18,0.0020090688894906406
2,ring,no_hopping,8.0,0.30465319023639065,2,0.99799093111051
2,ring,no_hopping,16.0,0.0,18,6.752106303983482e-07
2,ring,no_hopping,16.0,0.30465319023639065,2,0.999999324789369
2,ring,no_hopping,inf,0.0,18,0.0
2,ring,no_hopping,inf,0.30465319023639065,2,1.0
2,ring,free,0.0,0.0,18,0.8999999999999999
2,ring,free,0.0,0.30465319023639065,2,0.1
2,ring,free,0.1,0.0,18,0.8992068789944735
2,ring,free,0.1,0.30465319023639065,2,0.10079312100552651
2,ring,free,0.25,0.0,18,0.8952580768993385
2,ring,free,0.25,0.30465319023639065,2,0.10474192310066147
2,ring,free,0.5,0.0,18,0.8836156036348273
2,ring,free,0.5,0.30465319023639065,2,0.11638439636517241
2,ring,free,1.0,0.0,18,0.8584212909477015
2,ring,free,1.0,0.30465319023639065,2,0.14157870905229844
2,ring,free,2.0,0.0,18,0.8373051478201186
2,ring,free,2.0,0.30465319023639065,2,0.1626948521798819
2,ring,free,4.0,0.0,18,0.8334078472467482
2,ring,free,4.0,0.30465319023639065,2,0.16659215275325157
2,ring,free,8.0,0.0,18,0.8333333583411457
2,ring,free,8.0,0.30465319023639065,2,0.16666664165885414
2,ring,free,16.0,0.0,18,0.8333333333333357
2,ring,free,16.0,0.30465319023639065,2,0.16666666666666435
2,ring,free,inf,0.0,18,0.8333333333333333
2,ring,free,inf,0.30465319023639065,2,0.16666666666666677
2,ring,U1,0.0,0.0,18,0.9000000000000005
2,ring,U1,0.0,0.30465319023639065,2,0.10000000000000002
2,ring,U1,0.1,0.0,18,0.8867303544512983
2,ring,U1,0.1,0.30465319023639065,2,0.11326964554870211
2,ring,U1,0.25,0.0,18,0.8630259717434337
2,ring,U1,0.25,0.30465319023639065,2,0.13697402825656657
2,ring,U1,0.5,0.0,18,0.8197807310128529
2,ring,U1,0.5,0.30465319023639065,2,0.1802192689871473
2,ring,U1,1.0,0.0,18,0.7471047331930989
2,ring,U1,1.0,0.30465319023639065,2,0.25289526680690155
2,ring,U1,2.0,0.0,18,0.6670774673049918
2,ring,U1,2.0,0.30465319023639065,2,0.3329225326950088
2,ring,U1,4.0,0.0,18,0.5850361222818256
2,ring,U1,4.0,0.30465319023639065,2,0.4149638777181749
2,ring,U1,8.0,0.0,18,0.5253309533052687
2,ring,U1,8.0,0.30465319023639065,2,0.47466904669473153
2,ring,U1,16.0,0.0,18,0.5148723629679393
2,ring,U1,16.0,0.30465319023639065,2,0.4851276370320612
2,ring,U1,inf,0.0,18,0.5146887917739085
2,ring,U1,inf,0.30465319023639065,2,0.4853112082260919
2,ring,U5,0.0,0.0,18,0.9000000000000004
2,ring,U5,0.0,0.30465319023639065,2,0.10000000000000006
2,ring,U5,0.1,0.0,18,0.825627998408687
2,ring,U5,0.1,0.30465319023639065,2,0.17437200159131355
2,ring,U5,0.25,0.0,18,0.6711837847802977
2,ring,U5,0.25,0.30465319023639065,2,0.3288162152197027
2,ring,U5,0.5,0.0,18,0.4216488917388749
2,ring,U5,0.5,0.30465319023639065,2,0.5783511082611252
2,ring,U5,1.0,0.0,18,0.24002271926254692
2,ring,U5,1.0,0.30465319023639065,2,0.7599772807374532
2,ring,U5,2.0,0.0,18,0.21911569484997012
2,ring,U5,2.0,0.30465319023639065,2,0.7808843051500299
2,ring,U5,4.0,0.0,18,0.2246189549332499
2,ring,U5,4.0,0.30465319023639065,2,0.77538104506675
2,ring,U5,8.0,0.0,18,0.22570512941416007
2,ring,U5,8.0,0.30465319023639065,2,0.7742948705858395
2,ring,U5,16.0,0.0,18,0.225725771118844
2,ring,U5,16.0,0.30465319023639065,2,0.7742742288811556
2,ring,U5,inf,0.0,18,0.22572577804801208
2,ring,U5,inf,0.30465319023639065,2,0.7742742219519876
2,ring,U20,0.0,0.0,18,0.8999999999999999
2,ring,U20,0.0,0.30465319023639065,2,0.10000000000000009
2,ring,U20,0.1,0.0,18,0.46786755252907136
2,ring,U20,0.1,0.30465319023639065,2,0.5321324474709291
2,ring,U20,0.25,0.0,18,0.05751712201706265
2,ring,U20,0.25,0.30465319023639065,2,0.9424828779829382
2,ring,U20,0.5,0.0,18,0.02013088723481385
2,ring,U20,0.5,0.30465319023639065,2,0.9798691127651868
2,ring,U20,1.0,0.0,18,0.02065639533663964
2,ring,U20,1.0,0.30465319023639065,2,0.9793436046633612
2,ring,U20,2.0,0.0,18,0.022228945197054206
2,ring,U20,2.0,0.30465319023639065,2,0.9777710548029467
2,ring,U20,4.0,0.0,18,0.024717940138692152
2,ring,U20,4.0,0.30465319023639065,2,0.9752820598613086
2,ring,U20,8.0,0.0,18,0.027077942348868286
2,ring,U20,8.0,0.30465319023639065,2,0.9729220576511324
2,ring,U20,16.0,0.0,18,0.027823482758875844
2,ring,U20,16.0,0.30465319023639065,2,0.9721765172411249
2,ring,U20,inf,0.0,18,0.027861129898181108
2,ring,U20,inf,0.30465319023639065,2,0.9721388701018197
3,complete,no_hopping,0.0,0.0,38,0.7600000000000002
3,complete,no_hopping,0.0,0.38931211017633904,12,0.24000000000000002
3,complete,no_hopping,0.1,0.0,38,0.720345935676354
3,complete,no_hopping,0.1,0.38931211017633904,12,0.279654064323646
3,complete,no_hopping,0.25,0.0,38,0.6570881749017088
3,complete,no_hopping,0.25,0.38931211017633904,12,0.34291182509829155
3,complete,no_hopping,0.5,0.0,38,0.5470563799703247
3,complete,no_hopping,0.5,0.38931211017633904,12,0.452943620029675
3,complete,no_hopping,1.0,0.0,38,0.34429727164077695
3,complete,no_hopping,1.0,0.38931211017633904,12,0.655702728359223
3,complete,no_hopping,2.0,0.0,38,0.1127062926669025
3,complete,no_hopping,2.0,0.38931211017633904,12,0.8872937073330975
3,complete,no_hopping,4.0,0.0,38,0.012717587028924693
3,complete,no_hopping,4.0,0.38931211017633904,12,0.9872824129710758
3,complete,no_hopping,8.0,0.0,38,0.00022381671715353225
3,complete,no_hopping,8.0,0.38931211017633904,12,0.9997761832828468
3,complete,no_hopping,16.0,0.0,38,7.502346951264803e-08
3,complete,no_hopping,16.0,0.38931211017633904,12,0.9999999249765303
3,complete,no_hopping,inf,0.0,38,0.0
3,complete,no_hopping,inf,0.38931211017633904,12,0.9999999999999999
3,complete,free,0.0,0.0,38,0.7599999999999998
3,complete,free,0.0,0.38931211017633904,12,0.24
3,complete,free,0.1,0.0,38,0.7563455463329999
3,complete,free,0.1,0.38931211017633904,12,0.24365445366699987
3,complete,free,0.25,0.0,38,0.7418274552430979
3,complete,free,0.25,0.38931211017633904,12,0.2581725447569022
3,complete,free,0.5,0.0,38,0.7186930064669264
3,complete,free,0.5,0.38931211017633904,12,0.2813069935330737
3,complete,free,1.0,0.0,38,0.7027215097733691
3,complete,free,1.0,0.38931211017633904,12,0.29727849022663067
3,complete,free,2.0,0.0,38,0.7000503109498025
3,complete,free,2.0,0.38931211017633904,12,0.2999496890501978
3,complete,free,4.0,0.0,38,0.7000000168802757
3,complete,free,4.0,0.38931211017633904,12,0.29999998311972387
3,complete,free,8.0,0.0,38,0.7000000000000033
3,complete,free,8.0,0.38931211017633904,12,0.29999999999999644
3,complete,free,16.0,0.0,38,0.7000000000000032
3,complete,free,16.0,0.38931211017633904,12,0.2999999999999966
3,complete,free,inf,0.0,38,0.6999999999999998
3,complete,free,inf,0.38931211017633904,12,0.3
3,complete,U1,0.0,0.0,38,0.7599999999999997
3,complete,U1,0.0,0.38931211017633904,12,0.23999999999999994
3,complete,U1,0.1,0.0,38,0.7171216917140003
3,complete,U1,0.1,0.38931211017633904,12,0.28287830828599936
3,complete,U1,0.25,0.0,38,0.6459108913026039
3,complete,U1,0.25,0.38931211017633904,12,0.35408910869739585
3,complete,U1,0.5,0.0,38,0.5487676680907242
3,complete,U1,0.5,0.38931211017633904,12,0.4512323319092757
3,complete,U1,1.0,0.0,38,0.43898660187183847
3,complete,U1,1.0,0.38931211017633904,12,0.5610133981281615
3,complete,U1,2.0,0.0,38,0.33147429984911714
3,complete,U1,2.0,0.38931211017633904,12,0.6685257001508833
3,complete,U1,4.0,0.0,38,0.25422017524492346
3,complete,U1,4.0,0.38931211017633904,12,0.7457798247550769
3,complete,U1,8.0,0.0,38,0.22143739056761516
3,complete,U1,8.0,0.38931211017633904,12,0.7785626094323856
3,complete,U1,16.0,0.0,38,0.21579862971663255
3,complete,U1,16.0,0.38931211017633904,12,0.784201370283368
3,complete,U1,inf,0.0,38,0.215673408915445
3,complete,U1,inf,0.38931211017633904,12,0.7843265910845554
3,complete,U5,0.0,0.0,38,0.7600000000000001
3,complete,U5,0.0,0.38931211017633904,12,0.24000000000000013
3,complete,U5,0.1,0.0,38,0.5464836723098498
3,complete,U5,0.1,0.38931211017633904,12,0.45351632769015054
3,complete,U5,0.25,0.0,38,0.2847877848897737
3,complete,U5,0.25,0.38931211017633904,12,0.7152122151102267
3,complete,U5,0.5,0.0,38,0.12830408783954103
3,complete,U5,0.5,0.38931211017633904,12,0.8716959121604595
3,complete,U5,1.0,0.0,38,0.08054260025669491
3,complete,U5,1.0,0.38931211017633904,12,0.9194573997433058
3,complete,U5,2.0,0.0,38,0.06469629609956634
3,complete,U5,2.0,0.38931211017633904,12,0.9353037039004344
3,complete,U5,4.0,0.0,38,0.05912748015800737
3,complete,U5,4.0,0.38931211017633904,12,0.9408725198419936
3,complete,U5,8.0,0.0,38,0.05872774844203156
3,complete,U5,8.0,0.38931211017633904,12,0.9412722515579692
3,complete,U5,16.0,0.0,38,0.05872612156510747
3,complete,U5,16.0,0.38931211017633904,12,0.9412738784348931
3,complete,U5,inf,0.0,38,0.058726121538589394
3,complete,U5,inf,0.38931211017633904,12,0.9412738784614113
3,complete,U20,0.0,0.0,38,0.7600000000000002
3,complete,U20,0.0,0.38931211017633904,12,0.24000000000000024
3,complete,U20,0.1,0.0,38,0.11739557703483912
3,complete,U20,0.1,0.38931211017633904,12,0.8826044229651617
3,complete,U20,0.25,0.0,38,0.015149370734570067
3,complete,U20,0.25,0.38931211017633904,12,0.9848506292654305
3,complete,U20,0.5,0.0,38,0.010339020616360658
3,complete,U20,0.5,0.38931211017633904,12,0.9896609793836402
3,complete,U20,1.0,0.0,38,0.00887423723038665
3,complete,U20,1.0,0.38931211017633904,12,0.991125762769614
3,complete,U20,2.0,0.0,38,0.007990730122154142
3,complete,U20,2.0,0.38931211017633904,12,0.9920092698778462
3,complete,U20,4.0,0.0,38,0.007813127951166121
3,complete,U20,4.0,0.38931211017633904,12,0.992186872048834
3,complete,U20,8.0,0.0,38,0.0078086789629567
3,complete,U20,8.0,0.38931211017633904,12,0.9921913210370434
3,complete,U20,16.0,0.0,38,0.007808676417911665
3,complete,U20,16.0,0.38931211017633904,12,0.9921913235820885
3,complete,U20,inf,0.0,38,0.007808676417910833
3,complete,U20,inf,0.38931211017633904,12,0.9921913235820894
3,ring,no_hopping,0.0,0.0,38,0.7600000000000002
3,ring,no_hopping,0.0,0.38931211017633904,12,0.24000000000000002
3,ring,no_hopping,0.1,0.0,38,0.720345935676354
3,ring,no_hopping,0.1,0.38931211017633904,12,0.279654064323646
3,ring,no_hopping,0.25,0.0,38,0.6570881749017088
3,ring,no_hopping,0.25,0.38931211017633904,12,0.34291182509829155
3,ring,no_hopping,0.5,0.0,38,0.5470563799703247
3,ring,no_hopping,0.5,0.38931211017633904,12,0.452943620029675
3,ring,no_hopping,1.0,0.0,38,0.34429727164077695
3,ring,no_hopping,1.0,0.38931211017633904,12,0.655702728359223
3,ring,no_hopping,2.0,0.0,38,0.1127062926669025
3,ring,no_hopping,2.0,0.38931211017633904,12,0.8872937073330975
3,ring,no_hopping,4.0,0.0,38,0.012717587028924693
3,ring,no_hopping,4.0,0.38931211017633904,12,0.9872824129710758
3,ring,no_hopping,8.0,0.0,38,0.00022381671715353225
3,ring,no_hopping,8.0,0.38931211017633904,12,0.9997761832828468
3,ring,no_hopping,16.0,0.0,38,7.502346951264803e-08
3,ring,no_hopping,16.0,0.38931211017633904,12,0.9999999249765303
3,ring,no_hopping,inf,0.0,38,0.0
3,ring,no_hopping,inf,0.38931211017633904,12,0.9999999999999999
3,ring,free,0.0,0.0,38,0.7599999999999997
3,ring,free,0.0,0.38931211017633904,12,0.24
3,ring,free,0.1,0.0,38,0.7574766543774186
3,ring,free,0.1,0.38931211017633904,12,0.24252334562258127
3,ring,free,0.25,0.0,38,0.7453260472783774
3,ring,free,0.25,0.38931211017633904,12,0.2546739527216221
3,ring,free,0.5,0.0,38,0.7128909178880706
3,ring,free,0.5,0.38931211017633904,12,0.28710908211192915
3,ring,free,1.0,0.0,38,0.6552264384762725
3,ring,free,1.0,0.38931211017633904,12,0.34477356152372685
3,ring,free,2.0,0.0,38,0.6160373092087528
3,ring,free,2.0,0.38931211017633904,12,0.38396269079124645
3,ring,free,4.0,0.0,38,0.6094981570143027
3,ring,free,4.0,0.38931211017633904,12,0.3905018429856967
3,ring,free,8.0,0.0,38,0.6093750413215038
3,ring,free,8.0,0.38931211017633904,12,0.39062495867849556
3,ring,free,16.0,0.0,38,0.6093749999999983
3,ring,free,16.0,0.38931211017633904,12,0.3906250000000009
3,ring,free,inf,0.0,38,0.6093749999999993
3,ring,free,inf,0.38931211017633904,12,0.3906249999999998
3,ring,U1,0.0,0.0,38,0.7599999999999999
3,ring,U1,0.0,0.38931211017633904,12,0.23999999999999996
3,ring,U1,0.1,0.0,38,0.718111556424263
3,ring,U1,0.1,0.38931211017633904,12,0.28188844357573706
3,ring,U1,0.25,0.0,38,0.6473969528980552
3,ring,U1,0.25,0.38931211017633904,12,0.3526030471019448
3,ring,U1,0.5,0.0,38,0.5359198477270769
3,ring,U1,0.5,0.38931211017633904,12,0.4640801522729232
3,ring,U1,1.0,0.0,38,0.3958152973772411
3,ring,U1,1.0,0.38931211017633904,12,0.6041847026227594
3,ring,U1,2.0,0.0,38,0.2929951477368822
3,ring,U1,2.0,0.38931211017633904,12,0.7070048522631185
3,ring,U1,4.0,0.0,38,0.24029492111267053
3,ring,U1,4.0,0.38931211017633904,12,0.7597050788873302
3,ring,U1,8.0,0.0,38,0.2289945825449136
3,ring,U1,8.0,0.38931211017633904,12,0.7710054174550869
3,ring,U1,16.0,0.0,38,0.22865079348263107
3,ring,U1,16.0,0.38931211017633904,12,0.7713492065173697
3,ring,U1,inf,0.0,38,0.22865050693727593
3,ring,U1,inf,0.38931211017633904,12,0.7713494930627248
3,ring,U5,0.0,0.0,38,0.7599999999999996
3,ring,U5,0.0,0.38931211017633904,12,0.2399999999999998
3,ring,U5,0.1,0.0,38,0.5466212437140797
3,ring,U5,0.1,0.38931211017633904,12,0.4533787562859194
3,ring,U5,0.25,0.0,38,0.2783599775591735
3,ring,U5,0.25,0.38931211017633904,12,0.7216400224408257
3,ring,U5,0.5,0.0,38,0.11412362603615839
3,ring,U5,0.5,0.38931211017633904,12,0.8858763739638406
3,ring,U5,1.0,0.0,38,0.06685501466680374
3,ring,U5,1.0,0.38931211017633904,12,0.9331449853331952
3,ring,U5,2.0,0.0,38,0.05608380548706726
3,ring,U5,2.0,0.38931211017633904,12,0.9439161945129311
3,ring,U5,4.0,0.0,38,0.054816810309226485
3,ring,U5,4.0,0.38931211017633904,12,0.9451831896907721
3,ring,U5,8.0,0.0,38,0.05479416023706532
3,ring,U5,8.0,0.38931211017633904,12,0.9452058397629333
3,ring,U5,16.0,0.0,38,0.0547941500017892
3,ring,U5,16.0,0.38931211017633904,12,0.9452058499982096
3,ring,U5,inf,0.0,38,0.054794150001787
3,ring,U5,inf,0.38931211017633904,12,0.9452058499982117
3,ring,U20,0.0,0.0,38,0.7600000000000002
3,ring,U20,0.0,0.38931211017633904,12,0.24
3,ring,U20,0.1,0.0,38,0.11587463928433576
3,ring,U20,0.1,0.38931211017633904,12,0.8841253607156643
3,ring,U20,0.25,0.0,38,0.01202198501576376
3,ring,U20,0.25,0.38931211017633904,12,0.9879780149842361
3,ring,U20,0.5,0.0,38,0.007483867889032669
3,ring,U20,0.5,0.38931211017633904,12,0.9925161321109672
3,ring,U20,1.0,0.0,38,0.006395016696778614
3,ring,U20,1.0,0.38931211017633904,12,0.9936049833032217
3,ring,U20,2.0,0.0,38,0.005996223420954152
3,ring,U20,2.0,0.38931211017633904,12,0.994003776579046
3,ring,U20,4.0,0.0,38,0.005960969502525847
3,ring,U20,4.0,0.38931211017633904,12,0.9940390304974744
3,ring,U20,8.0,0.0,38,0.005960441221215566
3,ring,U20,8.0,0.38931211017633904,12,0.9940395587787847
3,ring,U20,16.0,0.0,38,0.0059604410542737
3,ring,U20,16.0,0.38931211017633904,12,0.9940395589457267
3,ring,U20,inf,0.0,38,0.005960441054273682
3,ring,U20,inf,0.38931211017633904,12,0.9940395589457266
4,complete,no_hopping,0.0,0.0,67,0.6380952380952383
4,complete,no_hopping,0.0,0.45556277671514317,12,0.1142857142857143
4,complete,no_hopping,0.0,0.48953406191613485,24,0.2285714285714286
4,complete,no_hopping,0.0,0.6093063804727812,2,0.019047619047619053
4,complete,no_hopping,0.1,0.0,67,0.5678673035180473
4,complete,no_hopping,0.1,0.45556277671514317,12,0.12658002929406442
4,complete,no_hopping,0.1,0.48953406191613485,24,0.27978513436992714
4,complete,no_hopping,0.1,0.6093063804727812,2,0.025767532817960903
4,complete,no_hopping,0.25,0.0,67,0.46632157635923116
4,complete,no_hopping,0.25,0.45556277671514317,12,0.13887612843979555
4,complete,no_hopping,0.25,0.48953406191613485,24,0.3566409573757776
4,complete,no_hopping,0.25,0.6093063804727812,2,0.03816133782519565
4,complete,no_hopping,0.5,0.0,67,0.3241689025184576
4,complete,no_hopping,0.5,0.45556277671514317,12,0.14226556982372163
4,complete,no_hopping,0.5,0.48953406191613485,24,0.46911254211328834
4,complete,no_hopping,0.5,0.6093063804727812,2,0.06445298554453231
4,complete,no_hopping,1.0,0.0,67,0.17153281630830136
4,complete,no_hopping,1.0,0.45556277671514317,12,0.10804111840921649
4,complete,no_hopping,1.0,0.48953406191613485,24,0.5873724177963306
4,complete,no_hopping,1.0,0.6093063804727812,2,0.13305364748615148
4,complete,no_hopping,2.0,0.0,67,0.16297215460406284
4,complete,no_hopping,2.0,0.45556277671514317,12,0.03364556814452398
4,complete,no_hopping,2.0,0.48953406191613485,24,0.4972179810005639
4,complete,no_hopping,2.0,0.6093063804727812,2,0.30616429625084923
4,complete,no_hopping,4.0,0.0,67,0.29042437308093433
4,complete,no_hopping,4.0,0.45556277671514317,12,0.0011689442706109359
4,complete,no_hopping,4.0,0.48953406191613485,24,0.12764438933440073
4,complete,no_hopping,4.0,0.6093063804727812,2,0.5807622933140537
4,complete,no_hopping,8.0,0.0,67,0.3324410116067415
4,complete,no_hopping,8.0,0.45556277671514317,12,4.489356874933223e-07
4,complete,no_hopping,8.0,0.48953406191613485,24,0.002676516846602588
4,complete,no_hopping,8.0,0.6093063804727812,2,0.6648820226109688
4,complete,no_hopping,16.0,0.0,67,0.33333303323979313
4,complete,no_hopping,16.0,0.45556277671514317,12,5.065661659116497e-14
4,complete,no_hopping,16.0,0.48953406191613485,24,9.002805872481769e-07
4,complete,no_hopping,16.0,0.6093063804727812,2,0.666666066479569
4,complete,no_hopping,inf,0.0,67,0.33333333333333326
4,complete,no_hopping,inf,0.45556277671514317,12,0.0
4,complete,no_hopping,inf,0.48953406191613485,24,0.0
4,complete,no_hopping,inf,0.6093063804727812,2,0.6666666666666667
4,complete,free,0.0,0.0,67,0.6380952380952382
4,complete,free,0.0,0.45556277671514317,12,0.11428571428571431
4,complete,free,0.0,0.48953406191613485,24,0.22857142857142862
4,complete,free,0.0,0.6093063804727812,2,0.019047619047619053
4,complete,free,0.1,0.0,67,0.6315535707558136
4,complete,free,0.1,0.45556277671514317,12,0.11556808190005899
4,complete,free,0.1,0.48953406191613485,24,0.23326259513783187
4,complete,free,0.1,0.6093063804727812,2,0.019615752206295477
4,complete,free,0.25,0.0,67,0.6078843672123232
4,complete,free,0.25,0.45556277671514317,12,0.12025835065415112
4,complete,free,0.25,0.48953406191613485,24,0.2502002919221865
4,complete,free,0.25,0.6093063804727812,2,0.021656990211339232
4,complete,free,0.5,0.0,67,0.5763943614535144
4,complete,free,0.5,0.45556277671514317,12,0.1266907792597999
4,complete,free,0.5,0.48953406191613485,24,0.2725971335685592
4,complete,free,0.5,0.6093063804727812,2,0.024317725718126536
4,complete,free,1.0,0.0,67,0.5580965691126816
4,complete,free,1.0,0.45556277671514317,12,0.1306114873203788
4,complete,free,1.0,0.48953406191613485,24,0.28548044981743137
4,complete,free,1.0,0.6093063804727812,2,0.025811493749508738
4,complete,free,2.0,0.0,67,0.5552611701780749
4,complete,free,2.0,0.45556277671514317,12,0.13123825962452285
4,complete,free,2.0,0.48953406191613485,24,0.2874630972584199
4,complete,free,2.0,0.6093063804727812,2,0.026037472938982807
4,complete,free,4.0,0.0,67,0.5552083510576228
4,complete,free,4.0,0.45556277671514317,12,0.13124999606126897
4,complete,free,4.0,0.48953406191613485,24,0.28749998762113116
4,complete,free,4.0,0.6093063804727812,2,0.026041665259976966
4,complete,free,8.0,0.0,67,0.5552083333333341
4,complete,free,8.0,0.45556277671514317,12,0.13124999999999953
4,complete,free,8.0,0.48953406191613485,24,0.28749999999999976
4,complete,free,8.0,0.6093063804727812,2,0.026041666666666567
4,complete,free,16.0,0.0,67,0.5552083333333309
4,complete,free,16.0,0.45556277671514317,12,0.13124999999999998
4,complete,free,16.0,0.48953406191613485,24,0.28750000000000225
4,complete,free,16.0,0.6093063804727812,2,0.02604166666666677
4,complete,free,inf,0.0,67,0.5552083333333332
4,complete,free,inf,0.45556277671514317,12,0.13124999999999998
4,complete,free,inf,0.48953406191613485,24,0.2875000000000001
4,complete,free,inf,0.6093063804727812,2,0.026041666666666675
4,complete,U1,0.0,0.0,67,0.638095238095238
4,complete,U1,0.0,0.45556277671514317,12,0.11428571428571432
4,complete,U1,0.0,0.48953406191613485,24,0.22857142857142862
4,complete,U1,0.0,0.6093063804727812,2,0.01904761904761904
4,complete,U1,0.1,0.0,67,0.5624846071922687
4,complete,U1,0.1,0.45556277671514317,12,0.1274271705252218
4,complete,U1,0.1,0.48953406191613485,24,0.2837589884154002
4,complete,U1,0.1,0.6093063804727812,2,0.02632923386710897
4,complete,U1,0.25,0.0,67,0.4522733693043806
4,complete,U1,0.25,0.45556277671514317,12,0.14072978054569205
4,complete,U1,0.25,0.48953406191613485,24,0.36700244653773906
4,complete,U1,0.25,0.6093063804727812,2,0.039994403612188145
4,complete,U1,0.5,0.0,67,0.3348578842544638
4,complete,U1,0.5,0.45556277671514317,12,0.14756343668985222
4,complete,U1,0.5,0.48953406191613485,24,0.45669631667800387
4,complete,U1,0.5,0.6093063804727812,2,0.06088236237768048
4,complete,U1,1.0,0.0,67,0.24355999778481782
4,complete,U1,1.0,0.45556277671514317,12,0.1480173399093407
4,complete,U1,1.0,0.48953406191613485,24,0.520236118967534
4,complete,U1,1.0,0.6093063804727812,2,0.08818654333830771
4,complete,U1,2.0,0.0,67,0.20556123823484
4,complete,U1,2.0,0.45556277671514317,12,0.14175776920912586
4,complete,U1,2.0,0.48953406191613485,24,0.534258927408749
4,complete,U1,2.0,0.6093063804727812,2,0.11842206514728522
4,complete,U1,4.0,0.0,67,0.22473402212228627
4,complete,U1,4.0,0.45556277671514317,12,0.13674891317271384
4,complete,U1,4.0,0.48953406191613485,24,0.503517070956067
4,complete,U1,4.0,0.6093063804727812,2,0.13499999374893312
4,complete,U1,8.0,0.0,67,0.2840739807959743
4,complete,U1,8.0,0.45556277671514317,12,0.1411269741573537
4,complete,U1,8.0,0.48953406191613485,24,0.47270975577786056
4,complete,U1,8.0,0.6093063804727812,2,0.10208928926881167
4,complete,U1,16.0,0.0,67,0.35107120280095283
4,complete,U1,16.0,0.45556277671514317,12,0.14876436672179688
4,complete,U1,16.0,0.48953406191613485,24,0.4666493709932854
4,complete,U1,16.0,0.6093063804727812,2,0.03351505948396562
4,complete,U1,inf,0.0,67,0.3812298747979659
4,complete,U1,inf,0.45556277671514317,12,0.15236251481972296
4,complete,U1,inf,0.48953406191613485,24,0.4664076103823117
4,complete,U1,inf,0.6093063804727812,2,2.8962577240546885e-29
4,complete,U5,0.0,0.0,67,0.638095238095238
4,complete,U5,0.0,0.45556277671514317,12,0.11428571428571425
4,complete,U5,0.0,0.48953406191613485,24,0.2285714285714286
4,complete,U5,0.0,0.6093063804727812,2,0.019047619047619056
4,complete,U5,0.1,0.0,67,0.3238898545170593
4,complete,U5,0.1,0.45556277671514317,12,0.1425254531807482
4,complete,U5,0.1,0.48953406191613485,24,0.4691414504952759
4,complete,U5,0.1,0.6093063804727812,2,0.06444324180691702
4,complete,U5,0.25,0.0,67,0.15422134180194721
4,complete,U5,0.25,0.45556277671514317,12,0.09668690960250269
4,complete,U5,0.25,0.48953406191613485,24,0.5914823292904944
4,complete,U5,0.25,0.6093063804727812,2,0.157609419305056
4,complete,U5,0.5,0.0,67,0.16550564832790154
4,complete,U5,0.5,0.45556277671514317,12,0.049114814986168646
4,complete,U5,0.5,0.48953406191613485,24,0.5055074999093484
4,complete,U5,0.5,0.6093063804727812,2,0.2798720367765815
4,complete,U5,1.0,0.0,67,0.21679821037260097
4,complete,U5,1.0,0.45556277671514317,12,0.02845844064992598
4,complete,U5,1.0,0.48953406191613485,24,0.3809561119332714
4,complete,U5,1.0,0.6093063804727812,2,0.37378723704420164
4,complete,U5,2.0,0.0,67,0.24872644974188052
4,complete,U5,2.0,0.45556277671514317,12,0.02510908498973882
4,complete,U5,2.0,0.48953406191613485,24,0.34246324855479127
4,complete,U5,2.0,0.6093063804727812,2,0.3837012167135896
4,complete,U5,4.0,0.0,67,0.28672042298348277
4,complete,U5,4.0,0.45556277671514317,12,0.025814160515779016
4,complete,U5,4.0,0.48953406191613485,24,0.3406956163519621
4,complete,U5,4.0,0.6093063804727812,2,0.34676980014877606
4,complete,U5,8.0,0.0,67,0.36245504142785284
4,complete,U5,8.0,0.45556277671514317,12,0.027590349432953975
4,complete,U5,8.0,0.48953406191613485,24,0.34171375464526443
4,complete,U5,8.0,0.6093063804727812,2,0.2682408544939287
4,complete,U5,16.0,0.0,67,0.4910310318963599
4,complete,U5,16.0,0.45556277671514317,12,0.030606910497888953
4,complete,U5,16.0,0.48953406191613485,24,0.343456275563955
4,complete,U5,16.0,0.6093063804727812,2,0.13490578204179615
4,complete,U5,inf,0.0,67,0.6211216690513439
4,complete,U5,inf,0.45556277671514317,12,0.03365900716577526
4,complete,U5,inf,0.48953406191613485,24,0.34521932378288067
4,complete,U5,inf,0.6093063804727812,2,1.3238219816231847e-27
4,complete,U20,0.0,0.0,67,0.6380952380952383
4,complete,U20,0.0,0.45556277671514317,12,0.1142857142857143
4,complete,U20,0.0,0.48953406191613485,24,0.22857142857142856
4,complete,U20,0.0,0.6093063804727812,2,0.019047619047619042
4,complete,U20,0.1,0.0,67,0.16103050315404496
4,complete,U20,0.1,0.45556277671514317,12,0.03628513011875081
4,complete,U20,0.1,0.48953406191613485,24,0.5038894773270504
4,complete,U20,0.1,0.6093063804727812,2,0.29879488940015386
4,complete,U20,0.25,0.0,67,0.29512133820719305
4,complete,U20,0.25,0.45556277671514317,12,0.001410224441019869
4,complete,U20,0.25,0.48953406191613485,24,0.11469356238892911
4,complete,U20,0.25,0.6093063804727812,2,0.5887748749628579
4,complete,U20,0.5,0.0,67,0.31141169711069056
4,complete,U20,0.5,0.45556277671514317,12,0.0004865835646586075
4,complete,U20,0.5,0.48953406191613485,24,0.06782463604795426
4,complete,U20,0.5,0.6093063804727812,2,0.6202770832766964
4,complete,U20,1.0,0.0,67,0.31256193945044686
4,complete,U20,1.0,0.45556277671514317,12,0.0004785370930509095
4,complete,U20,1.0,0.48953406191613485,24,0.06725099486482895
4,complete,U20,1.0,0.6093063804727812,2,0.619708528591673
4,complete,U20,2.0,0.0,67,0.31448012751096793
4,complete,U20,2.0,0.45556277671514317,12,0.00047926466373353707
4,complete,U20,2.0,0.48953406191613485,24,0.06725237032904452
4,complete,U20,2.0,0.6093063804727812,2,0.6177882374962538
4,complete,U20,4.0,0.0,67,0.3183336329376318
4,complete,U20,4.0,0.45556277671514317,12,0.0004807299657172255
4,complete,U20,4.0,0.48953406191613485,24,0.0672554307360195
4,complete,U20,4.0,0.6093063804727812,2,0.6139302063606313
4,complete,U20,8.0,0.0,67,0.3261079565282328
4,complete,U20,8.0,0.45556277671514317,12,0.00048368616546769965
4,complete,U20,8.0,0.48953406191613485,24,0.06726160500895885
4,complete,U20,8.0,0.6093063804727812,2,0.6061467522973405
4,complete,U20,16.0,0.0,67,0.3419123505712465
4,complete,U20,16.0,0.45556277671514317,12,0.0004896958131472527
4,complete,U20,16.0,0.48953406191613485,24,0.06727415666587476
4,complete,U20,16.0,0.6093063804727812,2,0.5903237969497312
4,complete,U20,inf,0.0,67,0.9315436612208895
4,complete,U20,inf,0.45556277671514317,12,0.0007139041205454022
4,complete,U20,inf,0.48953406191613485,24,0.06774243465856537
4,complete,U20,inf,0.6093063804727812,2,1.3201470529012226e-23
4,ring,no_hopping,0.0,0.0,67,0.6380952380952383
4,ring,no_hopping,0.0,0.45556277671514317,12,0.1142857142857143
4,ring,no_hopping,0.0,0.48953406191613485,24,0.2285714285714286
4,ring,no_hopping,0.0,0.6093063804727812,2,0.019047619047619053
4,ring,no_hopping,0.1,0.0,67,0.5678673035180473
4,ring,no_hopping,0.1,0.45556277671514317,12,0.12658002929406442
4,ring,no_hopping,0.1,0.48953406191613485,24,0.27978513436992714
4,ring,no_hopping,0.1,0.6093063804727812,2,0.025767532817960903
4,ring,no_hopping,0.25,0.0,67,0.46632157635923116
4,ring,no_hopping,0.25,0.45556277671514317,12,0.13887612843979555
4,ring,no_hopping,0.25,0.48953406191613485,24,0.3566409573757776
4,ring,no_hopping,0.25,0.6093063804727812,2,0.03816133782519565
4,ring,no_hopping,0.5,0.0,67,0.3241689025184576
4,ring,no_hopping,0.5,0.45556277671514317,12,0.14226556982372163
4,ring,no_hopping,0.5,0.48953406191613485,24,0.46911254211328834
4,ring,no_hopping,0.5,0.6093063804727812,2,0.06445298554453231
4,ring,no_hopping,1.0,0.0,67,0.17153281630830136
4,ring,no_hopping,1.0,0.45556277671514317,12,0.10804111840921649
4,ring,no_hopping,1.0,0.48953406191613485,24,0.5873724177963306
4,ring,no_hopping,1.0,0.6093063804727812,2,0.13305364748615148
4,ring,no_hopping,2.0,0.0,67,0.16297215460406284
4,ring,no_hopping,2.0,0.45556277671514317,12,0.03364556814452398
4,ring,no_hopping,2.0,0.48953406191613485,24,0.4972179810005639
4,ring,no_hopping,2.0,0.6093063804727812,2,0.30616429625084923
4,ring,no_hopping,4.0,0.0,67,0.29042437308093433
4,ring,no_hopping,4.0,0.45556277671514317,12,0.0011689442706109359
4,ring,no_hopping,4.0,0.48953406191613485,24,0.12764438933440073
4,ring,no_hopping,4.0,0.6093063804727812,2,0.5807622933140537
4,ring,no_hopping,8.0,0.0,67,0.3324410116067415
4,ring,no_hopping,8.0,0.45556277671514317,12,4.489356874933223e-07
4,ring,no_hopping,8.0,0.48953406191613485,24,0.002676516846602588
4,ring,no_hopping,8.0,0.6093063804727812,2,0.6648820226109688
4,ring,no_hopping,16.0,0.0,67,0.33333303323979313
4,ring,no_hopping,16.0,0.45556277671514317,12,5.065661659116497e-14
4,ring,no_hopping,16.0,0.48953406191613485,24,9.002805872481769e-07
4,ring,no_hopping,16.0,0.6093063804727812,2,0.666666066479569
4,ring,no_hopping,inf,0.0,67,0.33333333333333326
4,ring,no_hopping,inf,0.45556277671514317,12,0.0
4,ring,no_hopping,inf,0.48953406191613485,24,0.0
4,ring,no_hopping,inf,0.6093063804727812,2,0.6666666666666667
4,ring,free,0.0,0.0,67,0.638095238095238
4,ring,free,0.0,0.45556277671514317,12,0.11428571428571427
4,ring,free,0.0,0.48953406191613485,24,0.22857142857142856
4,ring,free,0.0,0.6093063804727812,2,0.019047619047619042
4,ring,free,0.1,0.0,67,0.6335349846790673
4,ring,free,0.1,0.45556277671514317,12,0.11519313562366947
4,ring,free,0.1,0.48953406191613485,24,0.23182686131246336
4,ring,free,0.1,0.6093063804727812,2,0.019445018384799367
4,ring,free,0.25,0.0,67,0.6127480110063294
4,ring,free,0.25,0.45556277671514317,12,0.11969922753233792
4,ring,free,0.25,0.48953406191613485,24,0.24626795310247132
4,ring,free,0.25,0.6093063804727812,2,0.021284808358861082
4,ring,free,0.5,0.0,67,0.5646329539790335
4,ring,free,0.5,0.45556277671514317,12,0.13214913369496592
4,ring,free,0.5,0.48953406191613485,24,0.2773512436449146
4,ring,free,0.5,0.6093063804727812,2,0.025866668681085753
4,ring,free,1.0,0.0,67,0.49630087007151996
4,ring,free,1.0,0.45556277671514317,12,0.15333770343314687
4,ring,free,1.0,0.48953406191613485,24,0.31627256332852777
4,ring,free,1.0,0.6093063804727812,2,0.03408886316680506
4,ring,free,2.0,0.0,67,0.4580770306399619
4,ring,free,2.0,0.45556277671514317,12,0.1665669263779527
4,ring,free,2.0,0.48953406191613485,24,0.33488077709874725
4,ring,free,2.0,0.6093063804727812,2,0.04047526588333761
4,ring,free,4.0,0.0,67,0.45219292188913207
4,ring,free,4.0,0.45556277671514317,12,0.1687097494915189
4,ring,free,4.0,0.48953406191613485,24,0.3374530160031317
4,ring,free,4.0,0.6093063804727812,2,0.0416443126162169
4,ring,free,8.0,0.0,67,0.4520833700948232
4,ring,free,8.0,0.45556277671514317,12,0.16874998649577932
4,ring,free,8.0,0.48953406191613485,24,0.3374999842450744
4,ring,free,8.0,0.6093063804727812,2,0.04166665916432275
4,ring,free,16.0,0.0,67,0.4520833333333357
4,ring,free,16.0,0.45556277671514317,12,0.16874999999999796
4,ring,free,16.0,0.48953406191613485,24,0.33750000000000013
4,ring,free,16.0,0.6093063804727812,2,0.041666666666665644
4,ring,free,inf,0.0,67,0.452083333333333
4,ring,free,inf,0.45556277671514317,12,0.16874999999999996
4,ring,free,inf,0.48953406191613485,24,0.33749999999999997
4,ring,free,inf,0.6093063804727812,2,0.0416666666666667
4,ring,U1,0.0,0.0,67,0.638095238095238
4,ring,U1,0.0,0.45556277671514317,12,0.1142857142857143
4,ring,U1,0.0,0.48953406191613485,24,0.2285714285714286
4,ring,U1,0.0,0.6093063804727812,2,0.019047619047619046
4,ring,U1,0.1,0.0,67,0.5640945035744862
4,ring,U1,0.1,0.45556277671514317,12,0.12718817551392156
4,ring,U1,0.1,0.48953406191613485,24,0.28255442783000995
4,ring,U1,0.1,0.6093063804727812,2,0.02616289308158222
4,ring,U1,0.25,0.0,67,0.45324991756607297
4,ring,U1,0.25,0.45556277671514317,12,0.14098789957740898
4,ring,U1,0.25,0.48953406191613485,24,0.3658150108957836
4,ring,U1,0.25,0.6093063804727812,2,0.03994717196073431
4,ring,U1,0.5,0.0,67,0.3205550289911004
4,ring,U1,0.5,0.45556277671514317,12,0.15092879036902138
4,ring,U1,0.5,0.48953406191613485,24,0.46386150217373845
4,ring,U1,0.5,0.6093063804727812,2,0.0646546784661399
4,ring,U1,1.0,0.0,67,0.2233958673414423
4,ring,U1,1.0,0.45556277671514317,12,0.1574041067147777
4,ring,U1,1.0,0.48953406191613485,24,0.5202531777867506
4,ring,U1,1.0,0.6093063804727812,2,0.09894684815702935
4,ring,U1,2.0,0.0,67,0.20011545949473908
4,ring,U1,2.0,0.45556277671514317,12,0.15927776468317484
4,ring,U1,2.0,0.48953406191613485,24,0.5173256944873256
4,ring,U1,2.0,0.6093063804727812,2,0.12328108133476068
4,ring,U1,4.0,0.0,67,0.22335166786833652
4,ring,U1,4.0,0.45556277671514317,12,0.15145896986342428
4,ring,U1,4.0,0.48953406191613485,24,0.49443949154368244
4,ring,U1,4.0,0.6093063804727812,2,0.13074987072455674
4,ring,U1,8.0,0.0,67,0.2598485025861758
4,ring,U1,8.0,0.45556277671514317,12,0.13946043024142915
4,ring,U1,8.0,0.48953406191613485,24,0.4729473188962568
4,ring,U1,8.0,0.6093063804727812,2,0.12774374827613819
4,ring,U1,16.0,0.0,67,0.2732663130747544
4,ring,U1,16.0,0.45556277671514317,12,0.13433979207822577
4,ring,U1,16.0,0.48953406191613485,24,0.4682905358874831
4,ring,U1,16.0,0.6093063804727812,2,0.12410335895953653
4,ring,U1,inf,0.0,67,0.2740786292459998
4,ring,U1,inf,0.45556277671514317,12,0.1339842767976634
4,ring,U1,inf,0.48953406191613485,24,0.4681995234475201
4,ring,U1,inf,0.6093063804727812,2,0.12373757050881645
4,ring,U5,0.0,0.0,67,0.6380952380952382
4,ring,U5,0.0,0.45556277671514317,12,0.1142857142857143
4,ring,U5,0.0,0.48953406191613485,24,0.22857142857142865
4,ring,U5,0.0,0.6093063804727812,2,0.019047619047619046
4,ring,U5,0.1,0.0,67,0.3239159738883083
4,ring,U5,0.1,0.45556277671514317,12,0.14245872728904152
4,ring,U5,0.1,0.48953406191613485,24,0.46916292884159133
4,ring,U5,0.1,0.6093063804727812,2,0.06446236998105892
4,ring,U5,0.25,0.0,67,0.15221267215595283
4,ring,U5,0.25,0.45556277671514317,12,0.09418160241065673
4,ring,U5,0.25,0.48953406191613485,24,0.5919997051537446
4,ring,U5,0.25,0.6093063804727812,2,0.16160602027964618
4,ring,U5,0.5,0.0,67,0.1726559093158757
4,ring,U5,0.5,0.45556277671514317,12,0.047061520666511245
4,ring,U5,0.5,0.48953406191613485,24,0.4879716953974193
4,ring,U5,0.5,0.6093063804727812,2,0.29231087462019417
4,ring,U5,1.0,0.0,67,0.23734134638167378
4,ring,U5,1.0,0.45556277671514317,12,0.03383696943864641
4,ring,U5,1.0,0.48953406191613485,24,0.36587111004472284
4,ring,U5,1.0,0.6093063804727812,2,0.3629505741349572
4,ring,U5,2.0,0.0,67,0.29567995799304464
4,ring,U5,2.0,0.45556277671514317,12,0.030758563759298776
4,ring,U5,2.0,0.48953406191613485,24,0.3405286660340511
4,ring,U5,2.0,0.6093063804727812,2,0.3330328122136056
4,ring,U5,4.0,0.0,67,0.3497704625029463
4,ring,U5,4.0,0.45556277671514317,12,0.02865226043189409
4,ring,U5,4.0,0.48953406191613485,24,0.3410802536985803
4,ring,U5,4.0,0.6093063804727812,2,0.2804970233665796
4,ring,U5,8.0,0.0,67,0.37204755230403835
4,ring,U5,8.0,0.45556277671514317,12,0.027807924046248902
4,ring,U5,8.0,0.48953406191613485,24,0.3418354344654166
4,ring,U5,8.0,0.6093063804727812,2,0.2583090891842965
4,ring,U5,16.0,0.0,67,0.3738153785448287
4,ring,U5,16.0,0.45556277671514317,12,0.02774093912351778
4,ring,U5,16.0,0.48953406191613485,24,0.3418956335546563
4,ring,U5,16.0,0.6093063804727812,2,0.2565480487769975
4,ring,U5,inf,0.0,67,0.3738239780746815
4,ring,U5,inf,0.45556277671514317,12,0.02774061327767682
4,ring,U5,inf,0.48953406191613485,24,0.3418959263907991
4,ring,U5,inf,0.6093063804727812,2,0.25653948225684287
4,ring,U20,0.0,0.0,67,0.6380952380952383
4,ring,U20,0.0,0.45556277671514317,12,0.11428571428571435
4,ring,U20,0.0,0.48953406191613485,24,0.22857142857142865
4,ring,U20,0.0,0.6093063804727812,2,0.019047619047619053
4,ring,U20,0.1,0.0,67,0.16165117922341565
4,ring,U20,0.1,0.45556277671514317,12,0.03545872978337923
4,ring,U20,0.1,0.48953406191613485,24,0.501773913784528
4,ring,U20,0.1,0.6093063804727812,2,0.3011161772086775
4,ring,U20,0.25,0.0,67,0.30130729824447977
4,ring,U20,0.25,0.45556277671514317,12,0.0011452523512127228
4,ring,U20,0.25,0.48953406191613485,24,0.09715304427176485
4,ring,U20,0.25,0.6093063804727812,2,0.6003944051325429
4,ring,U20,0.5,0.0,67,0.3189963215378264
4,ring,U20,0.5,0.45556277671514317,12,0.0004911933435589119
4,ring,U20,0.5,0.48953406191613485,24,0.05168071066639082
4,ring,U20,0.5,0.6093063804727812,2,0.6288317744522238
4,ring,U20,1.0,0.0,67,0.32732406813044657
4,ring,U20,1.0,0.45556277671514317,12,0.0005139452145449911
4,ring,U20,1.0,0.48953406191613485,24,0.05483718616135884
4,ring,U20,1.0,0.6093063804727812,2,0.6173248004936498
4,ring,U20,2.0,0.0,67,0.35633718812779525
4,ring,U20,2.0,0.45556277671514317,12,0.0005465760250872143
4,ring,U20,2.0,0.48953406191613485,24,0.05988977047748539
4,ring,U20,2.0,0.6093063804727812,2,0.5832264653696324
4,ring,U20,4.0,0.0,67,0.42194877845940154
4,ring,U20,4.0,0.45556277671514317,12,0.00056261974042348
4,ring,U20,4.0,0.48953406191613485,24,0.0642851425661173
4,ring,U20,4.0,0.6093063804727812,2,0.5132034592340582
4,ring,U20,8.0,0.0,67,0.4940917216987508
4,ring,U20,8.0,0.45556277671514317,12,0.000560025920989808
4,ring,U20,8.0,0.48953406191613485,24,0.06665455504712824
4,ring,U20,8.0,0.6093063804727812,2,0.4386936973331318
4,ring,U20,16.0,0.0,67,0.520220311454374
4,ring,U20,16.0,0.45556277671514317,12,0.0005579266657946507
4,ring,U20,16.0,0.48953406191613485,24,0.06737149852574811
4,ring,U20,16.0,0.6093063804727812,2,0.41185026335408403
4,ring,U20,inf,0.0,67,0.5218629186387705
4,ring,U20,inf,0.45556277671514317,12,0.0005577918559030399
4,ring,U20,inf,0.48953406191613485,24,0.06741622463335342
4,ring,U20,inf,0.6093063804727812,2,0.4101630648719737
