K,N,state_index_at_KN,block,twice_spins,twice_cumulative_spins,J_total,rs_mean,rs_second_moment,rs_sd
4,6,1,b0000,"[1, 1, 1, 1, 1, 3]","[1, 0, 1, 2, 3, 0]",0,0.9502699586894173,0.9030129943875869,0.0
4,6,2,b0000,"[1, 1, 1, 1, 1, 3]","[1, 2, 1, 2, 3, 0]",0,0.9502699586894173,0.9030129943875869,0.0
4,6,3,b0000,"[1, 1, 1, 1, 1, 3]","[1, 2, 3, 2, 3, 0]",0,0.9502699586894171,0.9030129943875865,0.0
4,6,4,b0000,"[1, 1, 1, 1, 1, 3]","[1, 2, 3, 4, 3, 0]",0,0.950269958689417,0.9030129943875863,0.0
4,6,5,b0001,"[1, 1, 1, 1, 2, 2]","[1, 0, 1, 0, 2, 0]",0,1.4725895207654083,2.1685198966680947,0.0
4,6,6,b0001,"[1, 1, 1, 1, 2, 2]","[1, 0, 1, 2, 2, 0]",0,1.5017738021439613,2.25532455280593,0.0
4,6,7,b0001,"[1, 1, 1, 1, 2, 2]","[1, 2, 1, 0, 2, 0]",0,1.472589520765408,2.1685198966680943,0.0
4,6,8,b0001,"[1, 1, 1, 1, 2, 2]","[1, 2, 1, 2, 2, 0]",0,1.5017738021439617,2.255324552805931,0.0
4,6,9,b0001,"[1, 1, 1, 1, 2, 2]","[1, 2, 3, 2, 2, 0]",0,1.5017738021439608,2.2553245528059285,0.0
4,6,10,b0001,"[1, 1, 1, 1, 2, 2]","[1, 2, 3, 4, 2, 0]",0,0.9761741996365588,0.9529160680360762,0.0
4,6,11,b0002,"[1, 1, 1, 1, 3, 1]","[1, 0, 1, 2, 1, 0]",0,0.9502699586894174,0.9030129943875871,0.0
4,6,12,b0002,"[1, 1, 1, 1, 3, 1]","[1, 2, 1, 2, 1, 0]",0,0.9502699586894177,0.9030129943875875,0.0
4,6,13,b0002,"[1, 1, 1, 1, 3, 1]","[1, 2, 3, 2, 1, 0]",0,0.9502699586894175,0.9030129943875873,0.0
4,6,14,b0002,"[1, 1, 1, 1, 3, 1]","[1, 2, 3, 4, 1, 0]",0,0.9502699586894175,0.9030129943875873,0.0
4,6,15,b0003,"[1, 1, 1, 2, 1, 2]","[1, 0, 1, 1, 2, 0]",0,1.4920457083511105,2.226389667426652,0.013757602177887145
4,6,16,b0003,"[1, 1, 1, 2, 1, 2]","[1, 0, 1, 3, 2, 0]",0,1.4823176145582593,2.197454782047373,0.013757602177887145
4,6,17,b0003,"[1, 1, 1, 2, 1, 2]","[1, 2, 1, 1, 2, 0]",0,1.4920457083511098,2.22638966742665,0.013757602177887145
4,6,18,b0003,"[1, 1, 1, 2, 1, 2]","[1, 2, 1, 3, 2, 0]",0,1.4823176145582588,2.1974547820473718,0.013757602177887145
4,6,19,b0003,"[1, 1, 1, 2, 1, 2]","[1, 2, 3, 1, 2, 0]",0,1.0637741333877926,1.1699841488310518,0.19587940669223688
4,6,20,b0003,"[1, 1, 1, 2, 1, 2]","[1, 2, 3, 3, 2, 0]",0,1.4141738683927274,2.038256472010954,0.19587940669223747
4,6,21,b0004,"[1, 1, 1, 2, 2, 1]","[1, 0, 1, 1, 1, 0]",0,1.4920457083511107,2.226389667426653,0.013757602177887145
4,6,22,b0004,"[1, 1, 1, 2, 2, 1]","[1, 0, 1, 3, 1, 0]",0,1.4823176145582595,2.197454782047374,0.013757602177887145
4,6,23,b0004,"[1, 1, 1, 2, 2, 1]","[1, 2, 1, 1, 1, 0]",0,1.4920457083511103,2.2263896674266515,0.013757602177887145
4,6,24,b0004,"[1, 1, 1, 2, 2, 1]","[1, 2, 1, 3, 1, 0]",0,1.482317614558259,2.1974547820473727,0.013757602177887145
4,6,25,b0004,"[1, 1, 1, 2, 2, 1]","[1, 2, 3, 1, 1, 0]",0,1.0637741333877928,1.1699841488310523,0.19587940669223688
4,6,26,b0004,"[1, 1, 1, 2, 2, 1]","[1, 2, 3, 3, 1, 0]",0,1.4141738683927279,2.038256472010955,0.19587940669223633
4,6,27,b0005,"[1, 1, 1, 3, 1, 1]","[1, 0, 1, 2, 1, 0]",0,0.9502699586894174,0.9030129943875871,0.0
4,6,28,b0005,"[1, 1, 1, 3, 1, 1]","[1, 2, 1, 2, 1, 0]",0,0.9502699586894174,0.9030129943875871,0.0
4,6,29,b0005,"[1, 1, 1, 3, 1, 1]","[1, 2, 3, 0, 1, 0]",0,0.9502699586894174,0.9030129943875871,0.0
4,6,30,b0005,"[1, 1, 1, 3, 1, 1]","[1, 2, 3, 2, 1, 0]",0,0.9502699586894174,0.9030129943875871,0.0
4,6,31,b0006,"[1, 1, 2, 1, 1, 2]","[1, 0, 2, 1, 2, 0]",0,1.4920457083511105,2.226389667426652,0.013757602177887145
4,6,32,b0006,"[1, 1, 2, 1, 1, 2]","[1, 0, 2, 3, 2, 0]",0,1.4823176145582595,2.197454782047374,0.013757602177887145
4,6,33,b0006,"[1, 1, 2, 1, 1, 2]","[1, 2, 0, 1, 2, 0]",0,1.2065313250422316,1.5221193216962512,0.2576848528495382
4,6,34,b0006,"[1, 1, 2, 1, 1, 2]","[1, 2, 2, 1, 2, 0]",0,1.3492885166966713,1.874254494561452,0.23167864224383888
4,6,35,b0006,"[1, 1, 2, 1, 1, 2]","[1, 2, 2, 3, 2, 0]",0,1.4255311594203162,2.064789523683691,0.1806943197930143
4,6,36,b0006,"[1, 1, 2, 1, 1, 2]","[1, 2, 4, 3, 2, 0]",0,1.47096032353067,2.170921730374635,0.0848378274897536
4,6,37,b0007,"[1, 1, 2, 1, 2, 1]","[1, 0, 2, 1, 1, 0]",0,1.4920457083511107,2.226389667426653,0.013757602177887145
4,6,38,b0007,"[1, 1, 2, 1, 2, 1]","[1, 0, 2, 3, 1, 0]",0,1.4823176145582593,2.197454782047373,0.013757602177887145
4,6,39,b0007,"[1, 1, 2, 1, 2, 1]","[1, 2, 0, 1, 1, 0]",0,1.2065313250422323,1.5221193216962527,0.2576848528495378
4,6,40,b0007,"[1, 1, 2, 1, 2, 1]","[1, 2, 2, 1, 1, 0]",0,1.3492885166966713,1.874254494561452,0.23167864224383888
4,6,41,b0007,"[1, 1, 2, 1, 2, 1]","[1, 2, 2, 3, 1, 0]",0,1.4255311594203166,2.064789523683692,0.1806943197930143
4,6,42,b0007,"[1, 1, 2, 1, 2, 1]","[1, 2, 4, 3, 1, 0]",0,1.4709603235306705,2.170921730374636,0.0848378274897536
4,6,43,b0008,"[1, 1, 2, 2, 1, 1]","[1, 0, 2, 0, 1, 0]",0,1.4725895207654087,2.168519896668096,0.0
4,6,44,b0008,"[1, 1, 2, 2, 1, 1]","[1, 0, 2, 2, 1, 0]",0,1.5017738021439622,2.2553245528059325,0.0
4,6,45,b0008,"[1, 1, 2, 2, 1, 1]","[1, 2, 0, 2, 1, 0]",0,1.206531325042232,1.522119321696252,0.2576848528495378
4,6,46,b0008,"[1, 1, 2, 2, 1, 1]","[1, 2, 2, 0, 1, 0]",0,1.5017738021439615,2.2553245528059302,0.0
4,6,47,b0008,"[1, 1, 2, 2, 1, 1]","[1, 2, 2, 2, 1, 0]",0,1.2730458739730264,1.6837194654392136,0.25114471565109037
4,6,48,b0008,"[1, 1, 2, 2, 1, 1]","[1, 2, 4, 2, 1, 0]",0,1.4709603235306705,2.170921730374636,0.0848378274897536
4,6,49,b0009,"[1, 1, 3, 1, 1, 1]","[1, 0, 3, 2, 1, 0]",0,0.9502699586894175,0.9030129943875873,0.0
4,6,50,b0009,"[1, 1, 3, 1, 1, 1]","[1, 2, 1, 0, 1, 0]",0,0.9502699586894178,0.9030129943875878,0.0
4,6,51,b0009,"[1, 1, 3, 1, 1, 1]","[1, 2, 1, 2, 1, 0]",0,0.9502699586894173,0.9030129943875869,0.0
4,6,52,b0009,"[1, 1, 3, 1, 1, 1]","[1, 2, 3, 2, 1, 0]",0,0.9502699586894171,0.9030129943875865,0.0
4,6,53,b0010,"[1, 2, 1, 1, 1, 2]","[1, 1, 0, 1, 2, 0]",0,1.206531325042232,1.522119321696252,0.2576848528495378
4,6,54,b0010,"[1, 2, 1, 1, 1, 2]","[1, 1, 2, 1, 2, 0]",0,1.3968742472481506,1.9916328855165175,0.2009358676081258
4,6,55,b0010,"[1, 2, 1, 1, 1, 2]","[1, 1, 2, 3, 2, 0]",0,1.4444599777996305,2.1090112764715845,0.15015541617495937
4,6,56,b0010,"[1, 2, 1, 1, 1, 2]","[1, 3, 2, 1, 2, 0]",0,1.4444599777996303,2.109011276471584,0.15015541617496084
4,6,57,b0010,"[1, 2, 1, 1, 1, 2]","[1, 3, 2, 3, 2, 0]",0,1.4633887961789445,2.1532330292594777,0.10828785932604502
4,6,58,b0010,"[1, 2, 1, 1, 1, 2]","[1, 3, 4, 3, 2, 0]",0,1.4709603235306703,2.1709217303746358,0.08483782748975623
4,6,59,b0011,"[1, 2, 1, 1, 2, 1]","[1, 1, 0, 1, 1, 0]",0,1.206531325042232,1.522119321696252,0.2576848528495378
4,6,60,b0011,"[1, 2, 1, 1, 2, 1]","[1, 1, 2, 1, 1, 0]",0,1.3968742472481512,1.9916328855165195,0.20093586760812635
4,6,61,b0011,"[1, 2, 1, 1, 2, 1]","[1, 1, 2, 3, 1, 0]",0,1.444459977799631,2.109011276471586,0.15015541617495937
4,6,62,b0011,"[1, 2, 1, 1, 2, 1]","[1, 3, 2, 1, 1, 0]",0,1.444459977799631,2.109011276471586,0.15015541617495937
4,6,63,b0011,"[1, 2, 1, 1, 2, 1]","[1, 3, 2, 3, 1, 0]",0,1.4633887961789451,2.15323302925948,0.10828785932604708
4,6,64,b0011,"[1, 2, 1, 1, 2, 1]","[1, 3, 4, 3, 1, 0]",0,1.4709603235306707,2.170921730374637,0.08483782748975623
4,6,65,b0012,"[1, 2, 1, 2, 1, 1]","[1, 1, 0, 2, 1, 0]",0,1.2065313250422323,1.5221193216962527,0.2576848528495378
4,6,66,b0012,"[1, 2, 1, 2, 1, 1]","[1, 1, 2, 0, 1, 0]",0,1.4920457083511103,2.2263896674266515,0.013757602177887145
4,6,67,b0012,"[1, 2, 1, 2, 1, 1]","[1, 1, 2, 2, 1, 0]",0,1.3492885166966717,1.8742544945614534,0.23167864224383936
4,6,68,b0012,"[1, 2, 1, 2, 1, 1]","[1, 3, 2, 0, 1, 0]",0,1.4823176145582588,2.1974547820473718,0.013757602177887145
4,6,69,b0012,"[1, 2, 1, 2, 1, 1]","[1, 3, 2, 2, 1, 0]",0,1.4255311594203162,2.064789523683691,0.1806943197930143
4,6,70,b0012,"[1, 2, 1, 2, 1, 1]","[1, 3, 4, 2, 1, 0]",0,1.4709603235306705,2.170921730374636,0.0848378274897536
4,6,71,b0013,"[1, 2, 2, 1, 1, 1]","[1, 1, 1, 0, 1, 0]",0,1.492045708351111,2.2263896674266532,0.013757602177887145
4,6,72,b0013,"[1, 2, 2, 1, 1, 1]","[1, 1, 1, 2, 1, 0]",0,1.4920457083511105,2.226389667426652,0.013757602177887145
4,6,73,b0013,"[1, 2, 2, 1, 1, 1]","[1, 1, 3, 2, 1, 0]",0,1.0637741333877928,1.1699841488310523,0.19587940669223688
4,6,74,b0013,"[1, 2, 2, 1, 1, 1]","[1, 3, 1, 0, 1, 0]",0,1.4823176145582595,2.197454782047374,0.013757602177887145
4,6,75,b0013,"[1, 2, 2, 1, 1, 1]","[1, 3, 1, 2, 1, 0]",0,1.4823176145582595,2.197454782047374,0.013757602177887145
4,6,76,b0013,"[1, 2, 2, 1, 1, 1]","[1, 3, 3, 2, 1, 0]",0,1.4141738683927274,2.038256472010954,0.19587940669223747
4,6,77,b0014,"[1, 3, 1, 1, 1, 1]","[1, 2, 1, 0, 1, 0]",0,0.9502699586894175,0.9030129943875873,0.0
4,6,78,b0014,"[1, 3, 1, 1, 1, 1]","[1, 2, 1, 2, 1, 0]",0,0.9502699586894171,0.9030129943875865,0.0
4,6,79,b0014,"[1, 3, 1, 1, 1, 1]","[1, 2, 3, 2, 1, 0]",0,0.9502699586894172,0.9030129943875868,0.0
4,6,80,b0014,"[1, 3, 1, 1, 1, 1]","[1, 4, 3, 2, 1, 0]",0,0.9502699586894171,0.9030129943875865,0.0
4,6,81,b0015,"[2, 1, 1, 1, 1, 2]","[2, 1, 0, 1, 2, 0]",0,1.2065313250422323,1.5221193216962527,0.2576848528495378
4,6,82,b0015,"[2, 1, 1, 1, 1, 2]","[2, 1, 2, 1, 2, 0]",0,1.3968742472481503,1.991632885516517,0.20093586760812635
4,6,83,b0015,"[2, 1, 1, 1, 1, 2]","[2, 1, 2, 3, 2, 0]",0,1.4444599777996305,2.1090112764715845,0.15015541617495937
4,6,84,b0015,"[2, 1, 1, 1, 1, 2]","[2, 3, 2, 1, 2, 0]",0,1.4444599777996305,2.1090112764715845,0.15015541617495937
4,6,85,b0015,"[2, 1, 1, 1, 1, 2]","[2, 3, 2, 3, 2, 0]",0,1.4633887961789445,2.1532330292594777,0.10828785932604502
4,6,86,b0015,"[2, 1, 1, 1, 1, 2]","[2, 3, 4, 3, 2, 0]",0,1.4709603235306707,2.170921730374637,0.08483782748975623
4,6,87,b0016,"[2, 1, 1, 1, 2, 1]","[2, 1, 0, 1, 1, 0]",0,1.206531325042232,1.522119321696252,0.2576848528495378
4,6,88,b0016,"[2, 1, 1, 1, 2, 1]","[2, 1, 2, 1, 1, 0]",0,1.3968742472481512,1.9916328855165195,0.20093586760812635
4,6,89,b0016,"[2, 1, 1, 1, 2, 1]","[2, 1, 2, 3, 1, 0]",0,1.444459977799631,2.109011276471586,0.15015541617495937
4,6,90,b0016,"[2, 1, 1, 1, 2, 1]","[2, 3, 2, 1, 1, 0]",0,1.4444599777996305,2.1090112764715845,0.15015541617495937
4,6,91,b0016,"[2, 1, 1, 1, 2, 1]","[2, 3, 2, 3, 1, 0]",0,1.4633887961789454,2.1532330292594803,0.10828785932604502
4,6,92,b0016,"[2, 1, 1, 1, 2, 1]","[2, 3, 4, 3, 1, 0]",0,1.4709603235306707,2.170921730374637,0.08483782748975623
4,6,93,b0017,"[2, 1, 1, 2, 1, 1]","[2, 1, 0, 2, 1, 0]",0,1.2065313250422325,1.5221193216962534,0.2576848528495382
4,6,94,b0017,"[2, 1, 1, 2, 1, 1]","[2, 1, 2, 0, 1, 0]",0,1.49204570835111,2.2263896674266506,0.013757602177887145
4,6,95,b0017,"[2, 1, 1, 2, 1, 1]","[2, 1, 2, 2, 1, 0]",0,1.3492885166966717,1.8742544945614534,0.23167864224383936
4,6,96,b0017,"[2, 1, 1, 2, 1, 1]","[2, 3, 2, 0, 1, 0]",0,1.4823176145582588,2.1974547820473718,0.013757602177887145
4,6,97,b0017,"[2, 1, 1, 2, 1, 1]","[2, 3, 2, 2, 1, 0]",0,1.4255311594203162,2.064789523683691,0.1806943197930143
4,6,98,b0017,"[2, 1, 1, 2, 1, 1]","[2, 3, 4, 2, 1, 0]",0,1.47096032353067,2.170921730374635,0.0848378274897536
4,6,99,b0018,"[2, 1, 2, 1, 1, 1]","[2, 1, 1, 0, 1, 0]",0,1.492045708351111,2.2263896674266532,0.013757602177887145
4,6,100,b0018,"[2, 1, 2, 1, 1, 1]","[2, 1, 1, 2, 1, 0]",0,1.4920457083511103,2.2263896674266515,0.013757602177887145
4,6,101,b0018,"[2, 1, 2, 1, 1, 1]","[2, 1, 3, 2, 1, 0]",0,1.0637741333877928,1.1699841488310523,0.19587940669223688
4,6,102,b0018,"[2, 1, 2, 1, 1, 1]","[2, 3, 1, 0, 1, 0]",0,1.4823176145582597,2.1974547820473744,0.013757602177887145
4,6,103,b0018,"[2, 1, 2, 1, 1, 1]","[2, 3, 1, 2, 1, 0]",0,1.4823176145582593,2.197454782047373,0.013757602177887145
4,6,104,b0018,"[2, 1, 2, 1, 1, 1]","[2, 3, 3, 2, 1, 0]",0,1.4141738683927274,2.038256472010954,0.19587940669223747
4,6,105,b0019,"[2, 2, 1, 1, 1, 1]","[2, 0, 1, 0, 1, 0]",0,1.4725895207654087,2.168519896668096,0.0
4,6,106,b0019,"[2, 2, 1, 1, 1, 1]","[2, 0, 1, 2, 1, 0]",0,1.472589520765409,2.168519896668097,0.0
4,6,107,b0019,"[2, 2, 1, 1, 1, 1]","[2, 2, 1, 0, 1, 0]",0,1.501773802143962,2.2553245528059316,0.0
4,6,108,b0019,"[2, 2, 1, 1, 1, 1]","[2, 2, 1, 2, 1, 0]",0,1.501773802143962,2.2553245528059316,0.0
4,6,109,b0019,"[2, 2, 1, 1, 1, 1]","[2, 2, 3, 2, 1, 0]",0,1.5017738021439613,2.25532455280593,0.0
4,6,110,b0019,"[2, 2, 1, 1, 1, 1]","[2, 4, 3, 2, 1, 0]",0,0.9761741996365592,0.9529160680360769,0.0
4,6,111,b0020,"[3, 1, 1, 1, 1, 1]","[3, 2, 1, 0, 1, 0]",0,0.9502699586894175,0.9030129943875873,0.0
4,6,112,b0020,"[3, 1, 1, 1, 1, 1]","[3, 2, 1, 2, 1, 0]",0,0.9502699586894173,0.9030129943875869,0.0
4,6,113,b0020,"[3, 1, 1, 1, 1, 1]","[3, 2, 3, 2, 1, 0]",0,0.950269958689417,0.9030129943875863,0.0
4,6,114,b0020,"[3, 1, 1, 1, 1, 1]","[3, 4, 3, 2, 1, 0]",0,0.9502699586894172,0.9030129943875868,0.0
