K,N,block,eigenvector_column,twice_spins,rs_eigenvalue,zero_volume
4,5,b0000,0,"[1, 1, 1, 1, 4]",0.0,True
4,5,b0001,0,"[1, 1, 1, 2, 3]",0.6958075720636303,False
4,5,b0001,1,"[1, 1, 1, 2, 3]",0.6958075720636304,False
4,5,b0001,2,"[1, 1, 1, 2, 3]",0.7623248742023612,False
4,5,b0002,0,"[1, 1, 1, 3, 2]",0.6958075720636303,False
4,5,b0002,1,"[1, 1, 1, 3, 2]",0.6958075720636305,False
4,5,b0002,2,"[1, 1, 1, 3, 2]",0.762324874202361,False
4,5,b0003,0,"[1, 1, 1, 4, 1]",0.0,True
4,5,b0004,0,"[1, 1, 2, 1, 3]",0.6958075720636303,False
4,5,b0004,1,"[1, 1, 2, 1, 3]",0.6958075720636304,False
4,5,b0004,2,"[1, 1, 2, 1, 3]",0.7623248742023612,False
4,5,b0005,0,"[1, 1, 2, 2, 2]",0.650782799757706,False
4,5,b0005,1,"[1, 1, 2, 2, 2]",0.9491014361920281,False
4,5,b0005,2,"[1, 1, 2, 2, 2]",0.9491014361920285,False
4,5,b0005,3,"[1, 1, 2, 2, 2]",0.9761741996365595,False
4,5,b0006,0,"[1, 1, 2, 3, 1]",0.6958075720636306,False
4,5,b0006,1,"[1, 1, 2, 3, 1]",0.6958075720636308,False
4,5,b0006,2,"[1, 1, 2, 3, 1]",0.7623248742023618,False
4,5,b0007,0,"[1, 1, 3, 1, 2]",0.6958075720636303,False
4,5,b0007,1,"[1, 1, 3, 1, 2]",0.6958075720636304,False
4,5,b0007,2,"[1, 1, 3, 1, 2]",0.7623248742023616,False
4,5,b0008,0,"[1, 1, 3, 2, 1]",0.6958075720636301,False
4,5,b0008,1,"[1, 1, 3, 2, 1]",0.6958075720636304,False
4,5,b0008,2,"[1, 1, 3, 2, 1]",0.7623248742023611,False
4,5,b0009,0,"[1, 1, 4, 1, 1]",0.0,True
4,5,b0010,0,"[1, 2, 1, 1, 3]",0.6958075720636303,False
4,5,b0010,1,"[1, 2, 1, 1, 3]",0.6958075720636306,False
4,5,b0010,2,"[1, 2, 1, 1, 3]",0.7623248742023612,False
4,5,b0011,0,"[1, 2, 1, 2, 2]",0.6507827997577063,False
4,5,b0011,1,"[1, 2, 1, 2, 2]",0.9491014361920287,False
4,5,b0011,2,"[1, 2, 1, 2, 2]",0.9491014361920289,False
4,5,b0011,3,"[1, 2, 1, 2, 2]",0.9761741996365589,False
4,5,b0012,0,"[1, 2, 1, 3, 1]",0.6958075720636304,False
4,5,b0012,1,"[1, 2, 1, 3, 1]",0.6958075720636305,False
4,5,b0012,2,"[1, 2, 1, 3, 1]",0.7623248742023612,False
4,5,b0013,0,"[1, 2, 2, 1, 2]",0.6507827997577065,False
4,5,b0013,1,"[1, 2, 2, 1, 2]",0.9491014361920278,False
4,5,b0013,2,"[1, 2, 2, 1, 2]",0.9491014361920282,False
4,5,b0013,3,"[1, 2, 2, 1, 2]",0.9761741996365587,False
4,5,b0014,0,"[1, 2, 2, 2, 1]",0.6507827997577064,False
4,5,b0014,1,"[1, 2, 2, 2, 1]",0.9491014361920288,False
4,5,b0014,2,"[1, 2, 2, 2, 1]",0.9491014361920304,False
4,5,b0014,3,"[1, 2, 2, 2, 1]",0.97617419963656,False
4,5,b0015,0,"[1, 2, 3, 1, 1]",0.6958075720636302,False
4,5,b0015,1,"[1, 2, 3, 1, 1]",0.6958075720636308,False
4,5,b0015,2,"[1, 2, 3, 1, 1]",0.7623248742023611,False
4,5,b0016,0,"[1, 3, 1, 1, 2]",0.6958075720636302,False
4,5,b0016,1,"[1, 3, 1, 1, 2]",0.6958075720636303,False
4,5,b0016,2,"[1, 3, 1, 1, 2]",0.762324874202361,False
4,5,b0017,0,"[1, 3, 1, 2, 1]",0.6958075720636301,False
4,5,b0017,1,"[1, 3, 1, 2, 1]",0.6958075720636309,False
4,5,b0017,2,"[1, 3, 1, 2, 1]",0.762324874202361,False
4,5,b0018,0,"[1, 3, 2, 1, 1]",0.6958075720636301,False
4,5,b0018,1,"[1, 3, 2, 1, 1]",0.6958075720636303,False
4,5,b0018,2,"[1, 3, 2, 1, 1]",0.762324874202361,False
4,5,b0019,0,"[1, 4, 1, 1, 1]",0.0,True
4,5,b0020,0,"[2, 1, 1, 1, 3]",0.6958075720636304,False
4,5,b0020,1,"[2, 1, 1, 1, 3]",0.6958075720636309,False
4,5,b0020,2,"[2, 1, 1, 1, 3]",0.762324874202361,False
4,5,b0021,0,"[2, 1, 1, 2, 2]",0.6507827997577063,False
4,5,b0021,1,"[2, 1, 1, 2, 2]",0.9491014361920285,False
4,5,b0021,2,"[2, 1, 1, 2, 2]",0.9491014361920287,False
4,5,b0021,3,"[2, 1, 1, 2, 2]",0.976174199636559,False
4,5,b0022,0,"[2, 1, 1, 3, 1]",0.6958075720636303,False
4,5,b0022,1,"[2, 1, 1, 3, 1]",0.6958075720636305,False
4,5,b0022,2,"[2, 1, 1, 3, 1]",0.7623248742023612,False
4,5,b0023,0,"[2, 1, 2, 1, 2]",0.650782799757706,False
4,5,b0023,1,"[2, 1, 2, 1, 2]",0.9491014361920281,False
4,5,b0023,2,"[2, 1, 2, 1, 2]",0.9491014361920287,False
4,5,b0023,3,"[2, 1, 2, 1, 2]",0.976174199636559,False
4,5,b0024,0,"[2, 1, 2, 2, 1]",0.6507827997577065,False
4,5,b0024,1,"[2, 1, 2, 2, 1]",0.9491014361920287,False
4,5,b0024,2,"[2, 1, 2, 2, 1]",0.9491014361920297,False
4,5,b0024,3,"[2, 1, 2, 2, 1]",0.9761741996365595,False
4,5,b0025,0,"[2, 1, 3, 1, 1]",0.6958075720636302,False
4,5,b0025,1,"[2, 1, 3, 1, 1]",0.6958075720636302,False
4,5,b0025,2,"[2, 1, 3, 1, 1]",0.762324874202361,False
4,5,b0026,0,"[2, 2, 1, 1, 2]",0.6507827997577063,False
4,5,b0026,1,"[2, 2, 1, 1, 2]",0.9491014361920276,False
4,5,b0026,2,"[2, 2, 1, 1, 2]",0.9491014361920288,False
4,5,b0026,3,"[2, 2, 1, 1, 2]",0.9761741996365589,False
4,5,b0027,0,"[2, 2, 1, 2, 1]",0.6507827997577064,False
4,5,b0027,1,"[2, 2, 1, 2, 1]",0.9491014361920287,False
4,5,b0027,2,"[2, 2, 1, 2, 1]",0.9491014361920292,False
4,5,b0027,3,"[2, 2, 1, 2, 1]",0.976174199636559,False
4,5,b0028,0,"[2, 2, 2, 1, 1]",0.6507827997577065,False
4,5,b0028,1,"[2, 2, 2, 1, 1]",0.9491014361920285,False
4,5,b0028,2,"[2, 2, 2, 1, 1]",0.9491014361920289,False
4,5,b0028,3,"[2, 2, 2, 1, 1]",0.9761741996365596,False
4,5,b0029,0,"[2, 3, 1, 1, 1]",0.6958075720636298,False
4,5,b0029,1,"[2, 3, 1, 1, 1]",0.6958075720636304,False
4,5,b0029,2,"[2, 3, 1, 1, 1]",0.762324874202361,False
4,5,b0030,0,"[3, 1, 1, 1, 2]",0.6958075720636299,False
4,5,b0030,1,"[3, 1, 1, 1, 2]",0.6958075720636304,False
4,5,b0030,2,"[3, 1, 1, 1, 2]",0.762324874202361,False
4,5,b0031,0,"[3, 1, 1, 2, 1]",0.6958075720636302,False
4,5,b0031,1,"[3, 1, 1, 2, 1]",0.6958075720636304,False
4,5,b0031,2,"[3, 1, 1, 2, 1]",0.762324874202361,False
4,5,b0032,0,"[3, 1, 2, 1, 1]",0.6958075720636301,False
4,5,b0032,1,"[3, 1, 2, 1, 1]",0.6958075720636302,False
4,5,b0032,2,"[3, 1, 2, 1, 1]",0.7623248742023611,False
4,5,b0033,0,"[3, 2, 1, 1, 1]",0.6958075720636303,False
4,5,b0033,1,"[3, 2, 1, 1, 1]",0.6958075720636304,False
4,5,b0033,2,"[3, 2, 1, 1, 1]",0.7623248742023611,False
4,5,b0034,0,"[4, 1, 1, 1, 1]",0.0,True
