K,N,rs_volume,multiplicity,within_group_spread
2,all,0.30465319023639065,2,0.0
2,4,0.30465319023639065,2,0.0
3,all,0.0,4,0.0
3,all,0.3893121101763391,12,1.6653345369377348e-16
3,all,0.5924142370005997,15,1.4432899320127035e-15
3,all,1.2186127609455617,5,1.1102230246251565e-15
3,4,0.0,4,0.0
3,4,0.3893121101763391,12,1.6653345369377348e-16
3,5,0.5924142370005997,15,1.4432899320127035e-15
3,6,1.2186127609455617,5,1.1102230246251565e-15
4,all,0.0,18,0.0
4,all,0.4555627767151433,12,1.1102230246251565e-16
4,all,0.48953406191613497,24,1.6653345369377348e-16
4,all,0.6093063804727813,2,2.220446049250313e-16
4,all,0.6507827997577064,10,4.440892098500626e-16
4,all,0.6958075720636303,40,1.1102230246251565e-15
4,all,0.7623248742023611,20,8.881784197001252e-16
4,all,0.9491014361920289,20,2.7755575615628914e-15
4,all,0.9502699586894173,24,1.6653345369377348e-15
4,all,0.9761741996365592,25,1.5543122344752192e-15
4,all,1.4725895207654085,30,2.6645352591003757e-15
4,all,1.5017738021439615,45,3.774758283725532e-15
4,all,1.9887909095621505,63,7.327471962526033e-15
4,all,3.0465319023639057,14,7.105427357601002e-15
4,4,0.0,13,0.0
4,4,0.4555627767151433,12,1.1102230246251565e-16
4,4,0.48953406191613497,24,1.6653345369377348e-16
4,4,0.6093063804727813,2,2.220446049250313e-16
4,5,0.0,5,0.0
4,5,0.6507827997577064,10,4.440892098500626e-16
4,5,0.6958075720636303,40,1.1102230246251565e-15
4,5,0.7623248742023611,20,8.881784197001252e-16
4,5,0.9491014361920289,20,2.7755575615628914e-15
4,5,0.9761741996365594,10,1.3322676295501878e-15
4,6,0.9502699586894173,24,1.6653345369377348e-15
4,6,0.976174199636559,15,1.2212453270876722e-15
4,6,1.4725895207654085,30,2.6645352591003757e-15
4,6,1.5017738021439615,45,3.774758283725532e-15
4,7,1.9887909095621505,63,7.327471962526033e-15
4,8,3.0465319023639057,14,7.105427357601002e-15
