q_bosons_per_copy,area_label,total_spin_S,spin_multiplicity,spin_sector_dimension,occupation_sector_dimension,P_S_given_q,P_q,P_q_S
0,0.0,0.0,1,1,1,1.0,0.02549173076596686,0.02549173076596686
1,0.5,0.5,4,8,8,1.0,0.07502306934941397,0.07502306934941397
2,1.0,0.0,6,6,36,0.16666666666666666,0.12419750172252976,0.020699583620421624
2,1.0,1.0,10,30,36,0.8333333333333334,0.12419750172252976,0.10349791810210814
3,1.5,0.5,20,40,120,0.3333333333333333,0.15229902509524484,0.050766341698414943
3,1.5,1.5,20,80,120,0.6666666666666666,0.15229902509524484,0.10153268339682989
4,2.0,0.0,20,20,330,0.06060606060606061,0.15407612066823392,0.009337946707165692
4,2.0,1.0,45,135,330,0.4090909090909091,0.15407612066823392,0.06303114027336842
4,2.0,2.0,35,175,330,0.5303030303030303,0.15407612066823392,0.0817070336876998
5,2.5,0.5,60,120,792,0.15151515151515152,0.13603544920630467,0.02061143169792495
5,2.5,1.5,84,336,792,0.42424242424242425,0.13603544920630467,0.05771200875418986
5,2.5,2.5,56,336,792,0.42424242424242425,0.13603544920630467,0.05771200875418986
6,3.0,0.0,50,50,1716,0.029137529137529136,0.10843006423929663,0.0031593841561566617
6,3.0,1.0,126,378,1716,0.2202797202797203,0.10843006423929663,0.023884944220544362
6,3.0,2.0,140,700,1716,0.40792540792540793,0.10843006423929663,0.044231378186193264
6,3.0,3.0,84,588,1716,0.34265734265734266,0.10843006423929663,0.03715435767640234
7,3.5,0.5,140,280,3432,0.08158508158508158,0.07977838287707194,0.00650872587575179
7,3.5,1.5,224,896,3432,0.26107226107226106,0.07977838287707194,0.020827922802405727
7,3.5,2.5,216,1296,3432,0.3776223776223776,0.07977838287707194,0.030126102624908283
7,3.5,3.5,120,960,3432,0.27972027972027974,0.07977838287707194,0.022315631574006137
8,4.0,0.0,105,105,6435,0.016317016317016316,0.055029050456959876,0.0008979099142161285
8,4.0,1.0,280,840,6435,0.13053613053613053,0.055029050456959876,0.007183279313729028
8,4.0,2.0,360,1800,6435,0.27972027972027974,0.055029050456959876,0.015392741386562204
8,4.0,3.0,315,2205,6435,0.34265734265734266,0.055029050456959876,0.0188561081985387
8,4.0,4.0,165,1485,6435,0.23076923076923078,0.055029050456959876,0.012699011643913818
9,4.5,0.5,280,560,11440,0.04895104895104895,0.03598943347609169,0.001761720519808684
9,4.5,1.5,480,1920,11440,0.16783216783216784,0.03598943347609169,0.00604018463934406
9,4.5,2.5,540,3240,11440,0.28321678321678323,0.03598943347609169,0.010192811578893101
9,4.5,3.5,440,3520,11440,0.3076923076923077,0.03598943347609169,0.011073671838797443
9,4.5,4.5,220,2200,11440,0.19230769230769232,0.03598943347609169,0.006921044899248402
10,5.0,0.0,196,196,19448,0.010078157136980667,0.02250761354794432,0.00022683526611461783
10,5.0,1.0,540,1620,19448,0.08329905388728918,0.02250761354794432,0.001874862913804494
10,5.0,2.0,750,3750,19448,0.1928218839983546,0.02250761354794432,0.004339960448621514
10,5.0,3.0,770,5390,19448,0.27714932126696834,0.02250761354794432,0.00623796981815199
10,5.0,4.0,594,5346,19448,0.2748868778280543,0.02250761354794432,0.006187047615554831
10,5.0,5.0,286,3146,19448,0.16176470588235295,0.02250761354794432,0.003640937485696876
11,5.5,0.5,504,1008,31824,0.03167420814479638,0.013549235390379053,0.00042916130195770754
11,5.5,1.5,900,3600,31824,0.11312217194570136,0.013549235390379053,0.0015327189355632414
11,5.5,2.5,1100,6600,31824,0.20739064856711917,0.013549235390379053,0.002809984715199276
11,5.5,3.5,1056,8448,31824,0.2654600301659125,0.013549235390379053,0.003596780435455073
11,5.5,4.5,780,7800,31824,0.24509803921568626,0.013549235390379053,0.0033208910270536894
11,5.5,5.5,364,4368,31824,0.13725490196078433,0.013549235390379053,0.0018596989751500663
12,6.0,0.0,336,336,50388,0.006668254346272922,0.007892101477545554,5.262653997887009e-05
12,6.0,1.0,945,2835,50388,0.05626339604667778,0.007892101477545554,0.0004440364310717164
12,6.0,2.0,1375,6875,50388,0.1364412161625784,0.007892101477545554,0.0010768079236747972
12,6.0,3.0,1540,10780,50388,0.2139398269429229,0.007892101477545554,0.0016884348243220819
12,6.0,4.0,1404,12636,50388,0.25077399380804954,0.007892101477545554,0.001979133807062507
12,6.0,5.0,1001,11011,50388,0.21852425180598556,0.007892101477545554,0.0017246155705575553
12,6.0,6.0,455,5915,50388,0.1173890608875129,0.007892101477545554,0.0009264463808780256
13,6.5,0.5,840,1680,77520,0.021671826625386997,0.004466679817273507,9.680111059106671e-05
13,6.5,1.5,1540,6160,77520,0.07946336429308566,0.004466679817273507,0.000354937405500578
13,6.5,2.5,1980,11880,77520,0.15325077399380804,0.004466679817273507,0.000684522139179686
13,6.5,3.5,2080,16640,77520,0.21465428276573786,0.004466679817273507,0.0009587919525210417
13,6.5,4.5,1820,18200,77520,0.2347781217750258,0.004466679817273507,0.0010486786980698894
13,6.5,5.5,1260,15120,77520,0.19504643962848298,0.004466679817273507,0.0008712099953196005
13,6.5,6.5,560,7840,77520,0.10113519091847266,0.004466679817273507,0.0004517385160916447
14,7.0,0.0,540,540,116280,0.0046439628482972135,0.0024647995126055007,1.1446437365041024e-05
14,7.0,1.0,1540,4620,116280,0.03973168214654283,0.0024647995126055007,9.793063078979544e-05
14,7.0,2.0,2310,11550,116280,0.09932920536635707,0.0024647995126055007,0.0002448265769744886
14,7.0,3.0,2730,19110,116280,0.16434468524251805,0.0024647995126055007,0.00040507670008506293
14,7.0,4.0,2730,24570,116280,0.21130030959752322,0.0024647995126055007,0.0005208129001093667
14,7.0,5.0,2310,25410,116280,0.21852425180598556,0.0024647995126055007,0.0005386184693438749
14,7.0,6.0,1560,20280,116280,0.17440660474716202,0.0024647995126055007,0.00042987731437598516
14,7.0,7.0,680,10200,116280,0.08771929824561403,0.0024647995126055007,0.00021621048356188603
15,7.5,0.5,1320,2640,170544,0.015479876160990712,0.0013298986320355336,2.0586666130581016e-05
15,7.5,1.5,2464,9856,170544,0.05779153766769866,0.0013298986320355336,7.685688688750245e-05
15,7.5,2.5,3276,19656,170544,0.11525471432592176,0.0013298986320355336,0.00015327708691768957
15,7.5,3.5,3640,29120,170544,0.17074772492729148,0.0013298986320355336,0.00022707716580398454
15,7.5,4.5,3500,35000,170544,0.20522563092222534,0.0013298986320355336,0.0002729292858220968
15,7.5,5.5,2880,34560,170544,0.20264565156206024,0.0013298986320355336,0.0002694981748003333
15,7.5,6.5,1904,26656,170544,0.15629984051036683,0.0013298986320355336,0.00020786294408210894
15,7.5,7.5,816,13056,170544,0.07655502392344497,0.0013298986320355336,0.00010181042159123702
16,8.0,0.0,825,825,245157,0.0033651904697805895,0.000703285900503854,2.3666910099066294e-06
16,8.0,1.0,2376,7128,245157,0.029075245658904295,0.000703285900503854,2.0448210325593277e-05
16,8.0,2.0,3640,18200,245157,0.07423814127273543,0.000703285900503854,5.221063803672806e-05
16,8.0,3.0,4459,31213,245157,0.12731841228274127,0.000703285900503854,8.954124423298864e-05
16,8.0,4.0,4725,42525,245157,0.1734602723968722,0.000703285900503854,0.00012199216387427807
16,8.0,5.0,4400,48400,245157,0.19742450756046126,0.000703285900503854,0.00013884587258118893
16,8.0,6.0,3536,45968,245157,0.1875043339574232,0.000703285900503854,0.00013186915435562174
16,8.0,7.0,2295,34425,245157,0.14042022051175368,0.000703285900503854,9.875556123155843e-05
16,8.0,8.0,969,16473,245157,0.06719367588932806,0.000703285900503854,4.725636485599019e-05
17,8.5,0.5,1980,3960,346104,0.011441647597254004,0.00036525801043921804,4.179153437519657e-06
17,8.5,1.5,3744,14976,346104,0.04327023091325151,0.00036525801043921804,1.5804798454619794e-05
17,8.5,2.5,5096,30576,346104,0.08834338811455517,0.00036525801043921804,3.226813017818208e-05
17,8.5,3.5,5880,47040,346104,0.13591290479162332,0.00036525801043921804,4.96432771972032e-05
17,8.5,4.5,6000,60000,346104,0.173358296928091,0.00036525801043921804,6.332050662908571e-05
17,8.5,5.5,5440,65280,346104,0.18861382705776297,0.00036525801043921804,6.889271121244525e-05
17,8.5,6.5,4284,59976,346104,0.17328895360931973,0.00036525801043921804,6.329517842643408e-05
17,8.5,7.5,2736,43776,346104,0.12648221343873517,0.00036525801043921804,4.619864163658094e-05
17,8.5,8.5,1140,20520,346104,0.05928853754940711,0.00036525801043921804,2.1655613267147316e-05
18,9.0,0.0,1210,1210,480700,0.002517162471395881,0.00018662626772746112,4.6976863730024537e-07
18,9.0,1.0,3510,10530,480700,0.021905554399833577,0.00018662626772746112,4.088151860141805e-06
18,9.0,2.0,5460,27300,480700,0.056792178073642605,0.00018662626772746112,1.059891222999727e-05
18,9.0,3.0,6860,48020,480700,0.09989598502184314,0.00018662626772746112,1.8643214845584944e-05
18,9.0,4.0,7560,68040,480700,0.14154358227584773,0.00018662626772746112,2.641575048091628e-05
18,9.0,5.0,7480,82280,480700,0.17116704805491992,0.00018662626772746112,3.194426733641669e-05
18,9.0,6.0,6630,86190,480700,0.17930101934678594,0.00018662626772746112,3.346228004041996e-05
18,9.0,7.0,5130,76950,480700,0.1600790513833992,0.00018662626772746112,2.9874955901036263e-05
18,9.0,8.0,3230,54910,480700,0.11422924901185771,0.00018662626772746112,2.131817840839378e-05
18,9.0,9.0,1330,25270,480700,0.05256916996047431,0.00018662626772746112,9.810787987253885e-06
19,9.5,0.5,2860,5720,657800,0.008695652173913044,9.395027074035531e-05,8.169588760030896e-07
19,9.5,1.5,5460,21840,657800,0.03320158102766799,9.395027074035531e-05,3.1192975265572516e-06
19,9.5,2.5,7560,45360,657800,0.06895712982669504,9.395027074035531e-05,6.4785410166958295e-06
19,9.5,3.5,8960,71680,657800,0.10896929157798722,9.395027074035531e-05,1.023769444613662e-05
19,9.5,4.5,9520,95200,657800,0.1447248403770143,9.395027074035531e-05,1.35969379362752e-05
19,9.5,5.5,9180,110160,657800,0.16746731529340225,9.395027074035531e-05,1.5733599611975587e-05
19,9.5,6.5,7980,111720,657800,0.16983885679537852,9.395027074035531e-05,1.5956406578158247e-05
19,9.5,7.5,6080,97280,657800,0.14788689571298266,9.395027074035531e-05,1.3894013891185412e-05
19,9.5,8.5,3780,68040,657800,0.10343569474004256,9.395027074035531e-05,9.717811525043746e-06
19,9.5,9.5,1540,30800,657800,0.046822742474916385,9.395027074035531e-05,4.399009332324329e-06
20,10.0,0.0,1716,1716,888030,0.001932367149758454,4.6659203682121254e-05,9.016271242921981e-08
20,10.0,1.0,5005,15015,888030,0.016908212560386472,4.6659203682121254e-05,7.889237337556733e-07
20,10.0,2.0,7875,39375,888030,0.04433971825276173,4.6659203682121254e-05,2.068855945163479e-06
20,10.0,3.0,10080,70560,888030,0.07945677510894902,4.6659203682121254e-05,3.7073898537329548e-06
20,10.0,4.0,11424,102816,888030,0.11577987230161144,4.6659203682121254e-05,5.4021966440108766e-06
20,10.0,5.0,11781,129591,888030,0.14593088071348942,4.6659203682121254e-05,6.809018686722043e-06
20,10.0,6.0,11115,144495,888030,0.1627140974967062,4.6659203682121254e-05,7.592110217051351e-06
20,10.0,7.0,9500,142500,888030,0.16046755177189959,4.6659203682121254e-05,7.4872881824964e-06
20,10.0,8.0,7140,121380,888030,0.13668457146718016,4.6659203682121254e-05,6.377593260290618e-06
20,10.0,9.0,4389,83391,888030,0.09390561129691564,4.6659203682121254e-05,4.381561044396894e-06
20,10.0,10.0,1771,37191,888030,0.04188034188034188,4.6659203682121254e-05,1.954103402071745e-06
21,10.5,0.5,4004,8008,1184040,0.00676328502415459,2.288661570144438e-05,1.5478870522716006e-07
21,10.5,1.5,7700,30800,1184040,0.026012634708286884,2.288661570144438e-05,5.953411739506157e-07
21,10.5,2.5,10800,64800,1184040,0.054727880814837336,2.288661570144438e-05,1.2525359763636327e-06
21,10.5,3.5,13056,104448,1184040,0.08821323603932299,2.288661570144438e-05,2.0189024330127886e-06
21,10.5,4.5,14280,142800,1184040,0.1206040336475119,2.288661570144438e-05,2.7602181701346722e-06
21,10.5,5.5,14364,172368,1184040,0.1455761629674673,2.288661570144438e-05,3.331745697127263e-06
21,10.5,6.5,13300,186200,1184040,0.1572582007364616,2.288661570144438e-05,3.599108006155994e-06
21,10.5,7.5,11200,179200,1184040,0.15134623830276003,2.288661570144438e-05,3.4638031938944903e-06
21,10.5,8.5,8316,149688,1184040,0.12642140468227425,2.288661570144438e-05,2.893358105399992e-06
21,10.5,9.5,5060,101200,1184040,0.08547008547008547,2.288661570144438e-05,1.9561210001234514e-06
21,10.5,10.5,2024,44528,1184040,0.037606837606837605,2.288661570144438e-05,8.606932400543184e-07
22,11.0,0.0,2366,2366,1560780,0.0015159087123105114,1.1098452111001565e-05,1.682424024822826e-08
22,11.0,1.0,6930,20790,1560780,0.013320262945450351,1.1098452111001565e-05,1.4783430040602937e-07
22,11.0,2.0,11000,55000,1560780,0.035238790860979766,1.1098452111001565e-05,3.9109603282018355e-07
22,11.0,3.0,14280,99960,1560780,0.06404490062660977,1.1098452111001565e-05,7.107992625582826e-07
22,11.0,4.0,16524,148716,1560780,0.09528312766693577,1.1098452111001565e-05,1.0574952293979348e-06
22,11.0,5.0,17556,193116,1560780,0.12373044247107215,1.1098452111001565e-05,1.3732163904382284e-06
22,11.0,6.0,17290,224770,1560780,0.1440113276694986,1.1098452111001565e-05,1.5983028235816846e-06
22,11.0,7.0,15750,236250,1560780,0.15136662438011764,1.1098452111001565e-05,1.6799352318866974e-06
22,11.0,8.0,13090,222530,1560780,0.14257614782352412,1.1098452111001565e-05,1.5823745487904625e-06
22,11.0,9.0,9614,182666,1560780,0.117035072207486,1.1098452111001565e-05,1.2989081442023935e-06
22,11.0,10.0,5796,121716,1560780,0.0779840848806366,1.1098452111001565e-05,8.655026314680265e-07
22,11.0,11.0,2300,52900,1560780,0.03389330975537872,1.1098452111001565e-05,3.7616327520341287e-07
23,11.5,0.5,5460,10920,2035800,0.0053639846743295016,5.3255117745173065e-06,2.8565963541472142e-08
23,11.5,1.5,10560,42240,2035800,0.020748600058944886,5.3255117745173065e-06,1.1049691391866147e-07
23,11.5,2.5,14960,89760,2035800,0.044090775125257886,5.3255117745173065e-06,2.3480594207715564e-07
23,11.5,3.5,18360,146880,2035800,0.07214854111405836,5.3255117745173065e-06,3.8422790521716375e-07
23,11.5,4.5,20520,205200,2035800,0.10079575596816977,5.3255117745173065e-06,5.367889852298612e-07
23,11.5,5.5,21280,255360,2035800,0.12543471853816682,5.3255117745173065e-06,6.680040705082717e-07
23,11.5,6.5,20580,288120,2035800,0.1415266725611553,5.3255117745173065e-06,7.53701961132688e-07
23,11.5,7.5,18480,295680,2035800,0.1452402004126142,5.3255117745173065e-06,7.734783974306304e-07
23,11.5,8.5,15180,273240,2035800,0.13421750663129972,5.3255117745173065e-06,7.147769119113413e-07
23,11.5,9.5,11040,220800,2035800,0.10845859121721191,5.3255117745173065e-06,5.775975045748214e-07
23,11.5,10.5,6600,145200,2035800,0.07132331270262304,5.3255117745173065e-06,3.798331415953988e-07
23,11.5,11.5,2600,62400,2035800,0.03065134099616858,5.3255117745173065e-06,1.6323407737984081e-07
24,12.0,0.0,3185,3185,2629575,0.0012112223458163392,2.530563965100101e-06,3.0650756220468413e-09
24,12.0,1.0,9360,28080,2629575,0.01067853170189099,2.530563965100101e-06,2.7022707524984392e-08
24,12.0,2.0,14960,74800,2629575,0.028445661371134117,2.530563965100101e-06,7.198356562923193e-08
24,12.0,3.0,19635,137445,2629575,0.05226890276945894,2.530563965100101e-06,1.3226980184371366e-07
24,12.0,4.0,23085,207765,2629575,0.0790108667750492,2.530563965100101e-06,1.9994205231226434e-07
24,12.0,5.0,25080,275880,2629575,0.10491429223353584,2.530563965100101e-06,2.654923273501672e-07
24,12.0,6.0,25480,331240,2629575,0.12596712396489926,2.530563965100101e-06,3.1876786469287144e-07
24,12.0,7.0,24255,363825,2629575,0.1383588602720972,2.530563965100101e-06,3.5012594605688915e-07
24,12.0,8.0,21505,365585,2629575,0.139028169951418,2.530563965100101e-06,3.5181967701287107e-07
24,12.0,9.0,17480,332120,2629575,0.12630177880455967,2.530563965100101e-06,3.196147301708624e-07
24,12.0,10.0,12600,264600,2629575,0.10062462565243432,2.530563965100101e-06,2.5463705167773754e-07
24,12.0,11.0,7475,171925,2629575,0.06538128785069831,2.530563965100101e-06,1.654515310268142e-07
24,12.0,12.0,2925,73125,2629575,0.027808676307007785,2.530563965100101e-06,7.037163417964686e-08
25,12.5,0.5,7280,14560,3365856,0.004325794092201211,1.1916063453819077e-06,5.154643689082532e-09
25,12.5,1.5,14144,56576,3365856,0.016808799901124705,1.1916063453819077e-06,2.002947262043498e-08
25,12.5,2.5,20196,121176,3365856,0.03600154017284162,1.1916063453819077e-06,4.2899663713479736e-08
25,12.5,3.5,25080,200640,3365856,0.059610393314509,1.1916063453819077e-06,7.103212292428017e-08
25,12.5,4.5,28500,285000,3365856,0.08467385413992755,1.1916063453819077e-06,1.0089790188107977e-07
25,12.5,5.5,30240,362880,3365856,0.1078120989133225,1.1916063453819077e-06,1.2846958117405696e-07
25,12.5,6.5,30184,422576,3365856,0.12554785469134747,1.1916063453819077e-06,1.4960362029929535e-07
25,12.5,7.5,28336,453376,3365856,0.13469857296331156,1.1916063453819077e-06,1.6050767425696992e-07
25,12.5,8.5,24840,447120,3365856,0.1328399075896295,1.1916063453819077e-06,1.5829287680374874e-07
25,12.5,9.5,20000,400000,3365856,0.11884049703849481,1.1916063453819077e-06,1.416110903594102e-07
25,12.5,10.5,14300,314600,3365856,0.09346805092077617,1.1916063453819077e-06,1.1137712256767615e-07
25,12.5,11.5,8424,202176,3365856,0.060066740823136816,1.1916063453819077e-06,7.15759095112603e-08
25,12.5,12.5,3276,85176,3365856,0.025305895439377085,1.1916063453819077e-06,3.015466558113281e-08
26,13.0,0.0,4200,4200,4272048,0.0009831350209548208,5.563894893219038e-07,5.47005992243532e-10
26,13.0,1.0,12376,37128,4272048,0.008690913585240614,5.563894893219038e-07,4.8355329714328215e-09
26,13.0,2.0,19890,99450,4272048,0.02327923281760879,5.563894893219038e-07,1.2952320459195058e-08
26,13.0,3.0,26334,184338,4272048,0.043149796069707085,5.563894893219038e-07,2.4008092999568618e-08
26,13.0,4.0,31350,282150,4272048,0.06604560622914349,5.563894893219038e-07,3.6747081121788694e-08
26,13.0,5.0,34650,381150,4272048,0.08921950315164998,5.563894893219038e-07,4.9640793796100516e-08
26,13.0,6.0,36036,468468,4272048,0.10965888023730071,5.563894893219038e-07,6.101304837484356e-08
26,13.0,7.0,35420,531300,4272048,0.12436658015078482,5.563894893219038e-07,6.919625801880678e-08
26,13.0,8.0,32844,558348,4272048,0.13069796968573386,5.563894893219038e-07,7.271897660885513e-08
26,13.0,9.0,28500,541500,4272048,0.12675419377310368,5.563894893219038e-07,7.052470114282679e-08
26,13.0,10.0,22750,477750,4272048,0.11183160863361086,5.563894893219038e-07,6.222193161770176e-08
26,13.0,11.0,16146,371358,4272048,0.08692739407422388,5.563894893219038e-07,4.8365488397041314e-08
26,13.0,12.0,9450,236250,4272048,0.05530134492870867,5.563894893219038e-07,3.076908706369867e-08
26,13.0,13.0,3654,98658,4272048,0.02309384164222874,5.563894893219038e-07,1.2849170757800565e-08
